qubits,depth,noise_model,noise_probability,mean_success,std_success,mean_fidelity,std_fidelity,mean_error_rate,success_ci,success_ci_lower,success_ci_upper
2,1,bit_flip,0.0,1.0,0.0,1.0,0.0,0.0,0.0,1.0,1.0
2,1,bit_flip,0.001,0.9955999999999999,0.001341640786499893,0.9955999999999999,0.001341640786499893,0.0044000000000000705,0.0016656000000000236,0.9939343999999999,0.9972656
2,1,bit_flip,0.002,0.991,0.0028284271247462074,0.991,0.0028284271247462074,0.009000000000000008,0.0035113931138509896,0.987488606886149,0.994511393113851
2,1,bit_flip,0.005,0.9772000000000001,0.003271085446759244,0.9772000000000001,0.003271085446759244,0.02279999999999993,0.004060937901519819,0.9731390620984802,0.9812609379015199
2,1,bit_flip,0.01,0.9576,0.0027018512172212383,0.9575999999999999,0.0027018512172213086,0.04239999999999999,0.003354253562269827,0.9542457464377302,0.9609542535622698
2,1,bit_flip,0.02,0.9214,0.0025099800796022287,0.9214,0.0025099800796022287,0.0786,0.0031160522717053403,0.9182839477282947,0.9245160522717053
2,1,bit_flip,0.05,0.8192,0.00960208310732621,0.8192,0.009602083107326161,0.18079999999999996,0.011920649539349732,0.8072793504606504,0.8311206495393497
2,1,bit_flip,0.1,0.6654,0.014758048651498606,0.6654000000000001,0.014758048651498639,0.3346,0.01832159999999999,0.6470784,0.6837215999999999
2,1,depolarizing,0.0,1.0,0.0,1.0,0.0,0.0,0.0,1.0,1.0
2,1,depolarizing,0.001,0.9952,0.0013038404810405326,0.9952,0.0013038404810405326,0.0048000000000000265,0.0016186722460090589,0.9935813277539909,0.9968186722460091
2,1,depolarizing,0.002,0.9868,0.003701351104664382,0.9868,0.003701351104664382,0.01319999999999999,0.004595097631171764,0.9822049023688283,0.9913950976311717
2,1,depolarizing,0.005,0.9686,0.0015165750888103265,0.9686,0.0015165750888103265,0.031399999999999983,0.0018827748033155944,0.9667172251966845,0.9704827748033156
2,1,depolarizing,0.01,0.9453999999999999,0.004929503017546479,0.9453999999999999,0.00492950301754646,0.05460000000000009,0.006119805173369471,0.9392801948266304,0.9515198051733694
2,1,depolarizing,0.02,0.8960000000000001,0.005338539126015658,0.8959999999999999,0.005338539126015653,0.10399999999999987,0.0066276091616811585,0.889372390838319,0.9026276091616813
2,1,depolarizing,0.05,0.7664,0.014638989036132248,0.7664,0.014638989036132238,0.23360000000000003,0.018173791661620867,0.748226208338379,0.7845737916616209
2,1,depolarizing,0.1,0.5958,0.01430734077318353,0.5958,0.01430734077318353,0.4042,0.017762061970390704,0.5780379380296093,0.6135620619703906
2,1,phase_flip,0.0,1.0,0.0,1.0,0.0,0.0,0.0,1.0,1.0
2,1,phase_flip,0.001,0.991,0.0028284271247462074,0.991,0.0028284271247462074,0.009000000000000008,0.0035113931138509896,0.987488606886149,0.994511393113851
2,1,phase_flip,0.002,0.9810000000000001,0.003937003937005888,0.9810000000000001,0.003937003937005888,0.018999999999999906,0.004887652360796519,0.9761123476392036,0.9858876523607966
2,1,phase_flip,0.005,0.9576,0.0027018512172212383,0.9575999999999999,0.0027018512172213086,0.04239999999999999,0.003354253562269827,0.9542457464377302,0.9609542535622698
2,1,phase_flip,0.01,0.9222000000000001,0.001923538406167145,0.9222000000000001,0.001923538406167145,0.07779999999999987,0.002388005494131046,0.919811994505869,0.9245880054941312
2,1,phase_flip,0.02,0.8550000000000001,0.007905694150420937,0.8549999999999999,0.007905694150420925,0.1449999999999999,0.009814642122869265,0.8451853578771308,0.8648146421228694
2,1,phase_flip,0.05,0.6776,0.013649175799292791,0.6776000000000001,0.013649175799292741,0.3224,0.016944973229840166,0.6606550267701599,0.6945449732298401
2,1,phase_flip,0.1,0.4732,0.01047377677822092,0.47319999999999995,0.010473776778220931,0.5267999999999999,0.013002826671151149,0.46019717332884885,0.48620282667115117
2,1,readout,0.0,1.0,0.0,1.0,0.0,0.0,0.0,1.0,1.0
2,1,readout,0.001,0.9978,0.0013038404810405213,0.9978,0.0013038404810405213,0.0021999999999999797,0.0016186722460090448,0.9961813277539909,0.9994186722460091
2,1,readout,0.002,0.9964000000000001,0.002073644135332786,0.9964000000000001,0.002073644135332786,0.0035999999999999366,0.0025743564943496245,0.9938256435056504,0.9989743564943497
2,1,readout,0.005,0.99,0.0025495097567963944,0.99,0.0025495097567963944,0.010000000000000009,0.0031651269800752092,0.9868348730199248,0.9931651269800752
2,1,readout,0.01,0.9804,0.007266360849833971,0.9804,0.007266360849833971,0.01959999999999995,0.009020932244507758,0.9713790677554923,0.9894209322445078
2,1,readout,0.02,0.9640000000000001,0.005244044240850744,0.9640000000000001,0.005244044240850744,0.03599999999999992,0.0065102970746349015,0.9574897029253652,0.970510297074635
2,1,readout,0.05,0.9024000000000001,0.0068044103344816155,0.9024000000000001,0.006804410334481626,0.09759999999999991,0.00844743687517109,0.893952563124829,0.9108474368751712
2,1,readout,0.1,0.806,0.011135528725660036,0.806,0.011135528725659948,0.19399999999999995,0.013824368513606678,0.7921756314863934,0.8198243685136067
2,1,thermal,0.0,1.0,0.0,1.0,0.0,0.0,0.0,1.0,1.0
2,1,thermal,0.001,1.0,0.0,1.0,0.0,0.0,0.0,1.0,1.0
2,1,thermal,0.002,1.0,0.0,1.0,0.0,0.0,0.0,1.0,1.0
2,1,thermal,0.005,0.9998000000000001,0.0004472135954999242,0.9998000000000001,0.0004472135954999242,0.00019999999999986695,0.000555199999999958,0.9992448000000002,1.0
2,1,thermal,0.01,0.9996,0.0005477225575052004,0.9996,0.0005477225575052004,0.00039999999999995595,0.0006799783525966527,0.9989200216474033,1.0
2,1,thermal,0.02,0.9987999999999999,0.0008366600265340829,0.9987999999999999,0.0008366600265340829,0.0012000000000000899,0.001038684090568455,0.9977613159094314,0.9998386840905684
2,1,thermal,0.05,0.9970000000000001,0.001581138830084216,0.9970000000000001,0.001581138830084216,0.0029999999999998916,0.0019629284245738883,0.9950370715754262,0.998962928424574
2,1,thermal,0.1,0.9949999999999999,0.0009999999999999998,0.9949999999999999,0.0009999999999999998,0.0050000000000001155,0.0012414649411078829,0.993758535058892,0.9962414649411078
2,2,bit_flip,0.0,1.0,0.0,1.0,0.0,0.0,0.0,1.0,1.0
2,2,bit_flip,0.001,0.9890000000000001,0.002449489742783197,0.9890000000000001,0.002449489742783197,0.010999999999999899,0.0030409556392687054,0.9859590443607313,0.9920409556392689
2,2,bit_flip,0.002,0.9776,0.003507135583350022,0.9776,0.003507135583350022,0.022399999999999975,0.004353985870440996,0.973246014129559,0.981953985870441
2,2,bit_flip,0.005,0.9495999999999999,0.004505552130427515,0.9495999999999999,0.004505552130427467,0.05040000000000011,0.005593485010259692,0.9440065149897402,0.9551934850102596
2,2,bit_flip,0.01,0.9052,0.0037682887362833583,0.9052,0.0037682887362833583,0.0948,0.004678198354067518,0.9005218016459325,0.9098781983540675
2,2,bit_flip,0.02,0.8238,0.009757048734120392,0.8238,0.009757048734120418,0.17620000000000002,0.012113033932091517,0.8116869660679085,0.8359130339320915
2,2,bit_flip,0.05,0.6218,0.013917614738165471,0.6218000000000001,0.01391761473816549,0.3782,0.017278230761278806,0.6045217692387213,0.6390782307612788
2,2,bit_flip,0.1,0.40259999999999996,0.016727223320085118,0.40259999999999996,0.016727223320085118,0.5974,0.02076626131396788,0.3818337386860321,0.4233662613139678
2,2,depolarizing,0.0,1.0,0.0,1.0,0.0,0.0,0.0,1.0,1.0
2,2,depolarizing,0.001,0.99,0.0029154759474226528,0.99,0.0029154759474226528,0.010000000000000009,0.003619461175368513,0.9863805388246315,0.9936194611753685
2,2,depolarizing,0.002,0.9795999999999999,0.0034351128074635276,0.9795999999999999,0.0034351128074635276,0.020400000000000085,0.004264572119216643,0.9753354278807833,0.9838645721192165
2,2,depolarizing,0.005,0.954,0.0033911649915626474,0.954,0.0033911649915626704,0.04600000000000004,0.004210012446537437,0.9497899875534626,0.9582100124465374
2,2,depolarizing,0.01,0.9146000000000001,0.002073644135332779,0.9146000000000001,0.002073644135332779,0.08539999999999992,0.002574356494349616,0.9120256435056505,0.9171743564943496
2,2,depolarizing,0.02,0.8416,0.00950263121456366,0.8416,0.0095026312145637,0.15839999999999999,0.011797183501158204,0.8298028164988418,0.8533971835011582
2,2,depolarizing,0.05,0.6524,0.014690132742763115,0.6523999999999999,0.014690132742763077,0.3476,0.018237284780361396,0.6341627152196386,0.6706372847803613
2,2,depolarizing,0.1,0.4492,0.01657407614318215,0.44919999999999993,0.016574076143182195,0.5508,0.0205761344630132,0.4286238655369868,0.4697761344630132
2,2,phase_flip,0.0,1.0,0.0,1.0,0.0,0.0,0.0,1.0,1.0
2,2,phase_flip,0.001,0.9890000000000001,0.002449489742783197,0.9890000000000001,0.002449489742783197,0.010999999999999899,0.0030409556392687054,0.9859590443607313,0.9920409556392689
2,2,phase_flip,0.002,0.9776,0.003507135583350022,0.9776,0.003507135583350022,0.022399999999999975,0.004353985870440996,0.973246014129559,0.981953985870441
2,2,phase_flip,0.005,0.9495999999999999,0.004505552130427515,0.9495999999999999,0.004505552130427467,0.05040000000000011,0.005593485010259692,0.9440065149897402,0.9551934850102596
2,2,phase_flip,0.01,0.9052,0.0037682887362833583,0.9052,0.0037682887362833583,0.0948,0.004678198354067518,0.9005218016459325,0.9098781983540675
2,2,phase_flip,0.02,0.8238,0.009757048734120392,0.8238,0.009757048734120418,0.17620000000000002,0.012113033932091517,0.8116869660679085,0.8359130339320915
2,2,phase_flip,0.05,0.6218,0.013917614738165471,0.6218000000000001,0.01391761473816549,0.3782,0.017278230761278806,0.6045217692387213,0.6390782307612788
2,2,phase_flip,0.1,0.40259999999999996,0.016727223320085118,0.40259999999999996,0.016727223320085118,0.5974,0.02076626131396788,0.3818337386860321,0.4233662613139678
2,2,readout,0.0,1.0,0.0,1.0,0.0,0.0,0.0,1.0,1.0
2,2,readout,0.001,0.9978,0.0013038404810405213,0.9978,0.0013038404810405213,0.0021999999999999797,0.0016186722460090448,0.9961813277539909,0.9994186722460091
2,2,readout,0.002,0.9964000000000001,0.002073644135332786,0.9964000000000001,0.002073644135332786,0.0035999999999999366,0.0025743564943496245,0.9938256435056504,0.9989743564943497
2,2,readout,0.005,0.99,0.0025495097567963944,0.99,0.0025495097567963944,0.010000000000000009,0.0031651269800752092,0.9868348730199248,0.9931651269800752
2,2,readout,0.01,0.9804,0.007266360849833971,0.9804,0.007266360849833971,0.01959999999999995,0.009020932244507758,0.9713790677554923,0.9894209322445078
2,2,readout,0.02,0.9640000000000001,0.005244044240850744,0.9640000000000001,0.005244044240850744,0.03599999999999992,0.0065102970746349015,0.9574897029253652,0.970510297074635
2,2,readout,0.05,0.9024000000000001,0.0068044103344816155,0.9024000000000001,0.006804410334481626,0.09759999999999991,0.00844743687517109,0.893952563124829,0.9108474368751712
2,2,readout,0.1,0.806,0.011135528725660036,0.806,0.011135528725659948,0.19399999999999995,0.013824368513606678,0.7921756314863934,0.8198243685136067
2,2,thermal,0.0,1.0,0.0,1.0,0.0,0.0,0.0,1.0,1.0
2,2,thermal,0.001,1.0,0.0,1.0,0.0,0.0,0.0,1.0,1.0
2,2,thermal,0.002,1.0,0.0,1.0,0.0,0.0,0.0,1.0,1.0
2,2,thermal,0.005,0.9998000000000001,0.0004472135954999242,0.9998000000000001,0.0004472135954999242,0.00019999999999986695,0.000555199999999958,0.9992448000000002,1.0
2,2,thermal,0.01,0.9996,0.0005477225575052004,0.9996,0.0005477225575052004,0.00039999999999995595,0.0006799783525966527,0.9989200216474033,1.0
2,2,thermal,0.02,0.9987999999999999,0.0008366600265340829,0.9987999999999999,0.0008366600265340829,0.0012000000000000899,0.001038684090568455,0.9977613159094314,0.9998386840905684
2,2,thermal,0.05,0.9962,0.0008366600265340797,0.9962,0.0008366600265340797,0.0038000000000000256,0.001038684090568451,0.9951613159094316,0.9972386840905684
2,2,thermal,0.1,0.9928000000000001,0.002588435821108966,0.9928000000000001,0.002588435821108966,0.007199999999999873,0.0032134523242145774,0.9895865476757856,0.9960134523242147
2,4,bit_flip,0.0,1.0,0.0,1.0,0.0,0.0,0.0,1.0,1.0
2,4,bit_flip,0.001,0.9795999999999999,0.0034351128074635276,0.9795999999999999,0.0034351128074635276,0.020400000000000085,0.004264572119216643,0.9753354278807833,0.9838645721192165
2,4,bit_flip,0.002,0.9602,0.002167948338867923,0.9602,0.002167948338867923,0.03979999999999995,0.002691431856837599,0.9575085681431624,0.9628914318568377
2,4,bit_flip,0.005,0.9146000000000001,0.002073644135332779,0.9146000000000001,0.002073644135332779,0.08539999999999992,0.002574356494349616,0.9120256435056505,0.9171743564943496
2,4,bit_flip,0.01,0.8416,0.00950263121456366,0.8416,0.0095026312145637,0.15839999999999999,0.011797183501158204,0.8298028164988418,0.8533971835011582
2,4,bit_flip,0.02,0.7091999999999999,0.012637246535539338,0.7091999999999999,0.012637246535539338,0.29080000000000006,0.015688698526009143,0.6935113014739908,0.7248886985260091
2,4,bit_flip,0.05,0.44980000000000003,0.016558985476169727,0.4497999999999999,0.01655898547616976,0.5502,0.020557399928979342,0.42924260007102066,0.4703573999289794
2,4,bit_flip,0.1,0.2868,0.009859006035092977,0.28679999999999994,0.009859006035092939,0.7132000000000001,0.012239610346738967,0.274560389653261,0.299039610346739
2,4,depolarizing,0.0,1.0,0.0,1.0,0.0,0.0,0.0,1.0,1.0
2,4,depolarizing,0.001,0.9812,0.004086563348340528,0.9812,0.004086563348340528,0.01880000000000004,0.0050733251265812065,0.9761266748734188,0.9862733251265812
2,4,depolarizing,0.002,0.9644,0.0020736441353327337,0.9644,0.0020736441353327337,0.035599999999999965,0.0025743564943495594,0.9618256435056505,0.9669743564943496
2,4,depolarizing,0.005,0.923,0.001732050807568887,0.923,0.001732050807568887,0.07699999999999996,0.0021502803538143694,0.9208497196461857,0.9251502803538144
2,4,depolarizing,0.01,0.857,0.008366600265340755,0.857,0.008366600265340822,0.14300000000000002,0.01038684090568446,0.8466131590943156,0.8673868409056844
2,4,depolarizing,0.02,0.7386,0.01628803241647069,0.7386,0.016288032416470657,0.26139999999999997,0.020221021204677073,0.718378978795323,0.7588210212046771
2,4,depolarizing,0.05,0.49779999999999996,0.011122050170719442,0.49779999999999996,0.011122050170719466,0.5022,0.013807635360191133,0.4839923646398088,0.511607635360191
2,4,depolarizing,0.1,0.31379999999999997,0.012275992831539134,0.31379999999999997,0.012275992831539182,0.6862,0.015240214717647527,0.29855978528235244,0.3290402147176475
2,4,phase_flip,0.0,1.0,0.0,1.0,0.0,0.0,0.0,1.0,1.0
2,4,phase_flip,0.001,0.9795999999999999,0.0034351128074635276,0.9795999999999999,0.0034351128074635276,0.020400000000000085,0.004264572119216643,0.9753354278807833,0.9838645721192165
2,4,phase_flip,0.002,0.9602,0.002167948338867923,0.9602,0.002167948338867923,0.03979999999999995,0.002691431856837599,0.9575085681431624,0.9628914318568377
2,4,phase_flip,0.005,0.9146000000000001,0.002073644135332779,0.9146000000000001,0.002073644135332779,0.08539999999999992,0.002574356494349616,0.9120256435056505,0.9171743564943496
2,4,phase_flip,0.01,0.8416,0.00950263121456366,0.8416,0.0095026312145637,0.15839999999999999,0.011797183501158204,0.8298028164988418,0.8533971835011582
2,4,phase_flip,0.02,0.7091999999999999,0.012637246535539338,0.7091999999999999,0.012637246535539338,0.29080000000000006,0.015688698526009143,0.6935113014739908,0.7248886985260091
2,4,phase_flip,0.05,0.44980000000000003,0.016558985476169727,0.4497999999999999,0.01655898547616976,0.5502,0.020557399928979342,0.42924260007102066,0.4703573999289794
2,4,phase_flip,0.1,0.2868,0.009859006035092977,0.28679999999999994,0.009859006035092939,0.7132000000000001,0.012239610346738967,0.274560389653261,0.299039610346739
2,4,readout,0.0,1.0,0.0,1.0,0.0,0.0,0.0,1.0,1.0
2,4,readout,0.001,0.9978,0.0013038404810405213,0.9978,0.0013038404810405213,0.0021999999999999797,0.0016186722460090448,0.9961813277539909,0.9994186722460091
2,4,readout,0.002,0.9964000000000001,0.002073644135332786,0.9964000000000001,0.002073644135332786,0.0035999999999999366,0.0025743564943496245,0.9938256435056504,0.9989743564943497
2,4,readout,0.005,0.99,0.0025495097567963944,0.99,0.0025495097567963944,0.010000000000000009,0.0031651269800752092,0.9868348730199248,0.9931651269800752
2,4,readout,0.01,0.9804,0.007266360849833971,0.9804,0.007266360849833971,0.01959999999999995,0.009020932244507758,0.9713790677554923,0.9894209322445078
2,4,readout,0.02,0.9640000000000001,0.005244044240850744,0.9640000000000001,0.005244044240850744,0.03599999999999992,0.0065102970746349015,0.9574897029253652,0.970510297074635
2,4,readout,0.05,0.9024000000000001,0.0068044103344816155,0.9024000000000001,0.006804410334481626,0.09759999999999991,0.00844743687517109,0.893952563124829,0.9108474368751712
2,4,readout,0.1,0.806,0.011135528725660036,0.806,0.011135528725659948,0.19399999999999995,0.013824368513606678,0.7921756314863934,0.8198243685136067
2,4,thermal,0.0,1.0,0.0,1.0,0.0,0.0,0.0,1.0,1.0
2,4,thermal,0.001,1.0,0.0,1.0,0.0,0.0,0.0,1.0,1.0
2,4,thermal,0.002,0.9998000000000001,0.0004472135954999242,0.9998000000000001,0.0004472135954999242,0.00019999999999986695,0.000555199999999958,0.9992448000000002,1.0
2,4,thermal,0.005,0.9996,0.0005477225575052004,0.9996,0.0005477225575052004,0.00039999999999995595,0.0006799783525966527,0.9989200216474033,1.0
2,4,thermal,0.01,0.9987999999999999,0.0008366600265340829,0.9987999999999999,0.0008366600265340829,0.0012000000000000899,0.001038684090568455,0.9977613159094314,0.9998386840905684
2,4,thermal,0.02,0.9970000000000001,0.001581138830084216,0.9970000000000001,0.001581138830084216,0.0029999999999998916,0.0019629284245738883,0.9950370715754262,0.998962928424574
2,4,thermal,0.05,0.9942,0.0017888543819998353,0.9942,0.0017888543819998353,0.005800000000000027,0.002220800000000004,0.9919792,0.9964208
2,4,thermal,0.1,0.9846,0.004037325847637266,0.9846,0.004037325847637266,0.01539999999999997,0.005012198495670333,0.9795878015043297,0.9896121984956704
2,8,bit_flip,0.0,1.0,0.0,1.0,0.0,0.0,0.0,1.0,1.0
2,8,bit_flip,0.001,0.9621999999999999,0.0016431676725155234,0.9621999999999999,0.0016431676725155234,0.037800000000000056,0.0020399350577898615,0.9601600649422101,0.9642399350577898
2,8,bit_flip,0.002,0.9334,0.003974921382870327,0.9334000000000001,0.003974921382870278,0.06659999999999999,0.004934725540493576,0.9284652744595064,0.9383347255404936
2,8,bit_flip,0.005,0.8488,0.009731392500562286,0.8488,0.009731392500562331,0.1512,0.012081182617608254,0.8367188173823917,0.8608811826176083
2,8,bit_flip,0.01,0.7258,0.012275992831539156,0.7258,0.012275992831539193,0.2742,0.015240214717647554,0.7105597852823524,0.7410402147176476
2,8,bit_flip,0.02,0.5438000000000001,0.013367871932360827,0.5438000000000001,0.01336787193236078,0.45619999999999994,0.01659574434124606,0.527204255658754,0.5603957443412462
2,8,bit_flip,0.05,0.30019999999999997,0.011606032913963343,0.3001999999999999,0.011606032913963317,0.6998,0.014408482968029653,0.2857915170319703,0.3146084829680296
2,8,bit_flip,0.1,0.242,0.008860022573334682,0.24199999999999994,0.008860022573334674,0.758,0.010999407402219457,0.23100059259778052,0.25299940740221943
2,8,depolarizing,0.0,1.0,0.0,1.0,0.0,0.0,0.0,1.0,1.0
2,8,depolarizing,0.001,0.9662,0.001483239697419098,0.9662,0.001483239697419098,0.03380000000000005,0.001841390083605275,0.9643586099163947,0.9680413900836052
2,8,depolarizing,0.002,0.9405999999999999,0.004159326868617066,0.9405999999999999,0.004159326868617044,0.05940000000000012,0.005163658485996122,0.9354363415140038,0.945763658485996
2,8,depolarizing,0.005,0.8654,0.008734987120769038,0.8654,0.008734987120769044,0.13460000000000005,0.010844180271463652,0.8545558197285363,0.8762441802714636
2,8,depolarizing,0.01,0.7538,0.016084153692376868,0.7538,0.01608415369237689,0.24619999999999997,0.019967912916476788,0.7338320870835232,0.7737679129164768
2,8,depolarizing,0.02,0.5804,0.012054044964243303,0.5804,0.012054044964243326,0.4196,0.014964674221646086,0.565435325778354,0.5953646742216461
2,8,depolarizing,0.05,0.33,0.012903487900563945,0.32999999999999996,0.012903487900563984,0.6699999999999999,0.0160192278465599,0.3139807721534401,0.3460192278465599
2,8,depolarizing,0.1,0.2486,0.008848728722251582,0.2486,0.00884872872225157,0.7514000000000001,0.010985386482049693,0.2376146135179503,0.2595853864820497
2,8,phase_flip,0.0,1.0,0.0,1.0,0.0,0.0,0.0,1.0,1.0
2,8,phase_flip,0.001,0.9621999999999999,0.0016431676725155234,0.9621999999999999,0.0016431676725155234,0.037800000000000056,0.0020399350577898615,0.9601600649422101,0.9642399350577898
2,8,phase_flip,0.002,0.9334,0.003974921382870327,0.9334000000000001,0.003974921382870278,0.06659999999999999,0.004934725540493576,0.9284652744595064,0.9383347255404936
2,8,phase_flip,0.005,0.8488,0.009731392500562286,0.8488,0.009731392500562331,0.1512,0.012081182617608254,0.8367188173823917,0.8608811826176083
2,8,phase_flip,0.01,0.7258,0.012275992831539156,0.7258,0.012275992831539193,0.2742,0.015240214717647554,0.7105597852823524,0.7410402147176476
2,8,phase_flip,0.02,0.5438000000000001,0.013367871932360827,0.5438000000000001,0.01336787193236078,0.45619999999999994,0.01659574434124606,0.527204255658754,0.5603957443412462
2,8,phase_flip,0.05,0.30019999999999997,0.011606032913963343,0.3001999999999999,0.011606032913963317,0.6998,0.014408482968029653,0.2857915170319703,0.3146084829680296
2,8,phase_flip,0.1,0.242,0.008860022573334682,0.24199999999999994,0.008860022573334674,0.758,0.010999407402219457,0.23100059259778052,0.25299940740221943
2,8,readout,0.0,1.0,0.0,1.0,0.0,0.0,0.0,1.0,1.0
2,8,readout,0.001,0.9978,0.0013038404810405213,0.9978,0.0013038404810405213,0.0021999999999999797,0.0016186722460090448,0.9961813277539909,0.9994186722460091
2,8,readout,0.002,0.9964000000000001,0.002073644135332786,0.9964000000000001,0.002073644135332786,0.0035999999999999366,0.0025743564943496245,0.9938256435056504,0.9989743564943497
2,8,readout,0.005,0.99,0.0025495097567963944,0.99,0.0025495097567963944,0.010000000000000009,0.0031651269800752092,0.9868348730199248,0.9931651269800752
2,8,readout,0.01,0.9804,0.007266360849833971,0.9804,0.007266360849833971,0.01959999999999995,0.009020932244507758,0.9713790677554923,0.9894209322445078
2,8,readout,0.02,0.9640000000000001,0.005244044240850744,0.9640000000000001,0.005244044240850744,0.03599999999999992,0.0065102970746349015,0.9574897029253652,0.970510297074635
2,8,readout,0.05,0.9024000000000001,0.0068044103344816155,0.9024000000000001,0.006804410334481626,0.09759999999999991,0.00844743687517109,0.893952563124829,0.9108474368751712
2,8,readout,0.1,0.806,0.011135528725660036,0.806,0.011135528725659948,0.19399999999999995,0.013824368513606678,0.7921756314863934,0.8198243685136067
2,8,thermal,0.0,1.0,0.0,1.0,0.0,0.0,0.0,1.0,1.0
2,8,thermal,0.001,1.0,0.0,1.0,0.0,0.0,0.0,1.0,1.0
2,8,thermal,0.002,0.9996,0.0005477225575052004,0.9996,0.0005477225575052004,0.00039999999999995595,0.0006799783525966527,0.9989200216474033,1.0
2,8,thermal,0.005,0.9987999999999999,0.0008366600265340829,0.9987999999999999,0.0008366600265340829,0.0012000000000000899,0.001038684090568455,0.9977613159094314,0.9998386840905684
2,8,thermal,0.01,0.9970000000000001,0.001581138830084216,0.9970000000000001,0.001581138830084216,0.0029999999999998916,0.0019629284245738883,0.9950370715754262,0.998962928424574
2,8,thermal,0.02,0.9954000000000001,0.0011401754250991486,0.9954000000000001,0.0011401754250991486,0.0045999999999999375,0.00141548781697337,0.9939845121830267,0.9968154878169734
2,8,thermal,0.05,0.9853999999999999,0.003847076812334271,0.9853999999999999,0.003847076812334271,0.014600000000000057,0.004776010988262068,0.9806239890117379,0.990176010988262
2,8,thermal,0.1,0.9709999999999999,0.002449489742783197,0.9709999999999999,0.002449489742783197,0.029000000000000137,0.0030409556392687054,0.9679590443607311,0.9740409556392686
2,16,bit_flip,0.0,1.0,0.0,1.0,0.0,0.0,0.0,1.0,1.0
2,16,bit_flip,0.001,0.9354000000000001,0.004615192303685693,0.9354000000000001,0.004615192303685693,0.06459999999999988,0.0057295994414967135,0.9296704005585034,0.9411295994414969
2,16,bit_flip,0.002,0.8782,0.008105553651663775,0.8782,0.008105553651663823,0.12180000000000002,0.010062760686809556,0.8681372393131904,0.8882627606868095
2,16,bit_flip,0.005,0.7333999999999999,0.01517563837207519,0.7333999999999999,0.0151756383720752,0.26660000000000006,0.018840022997862856,0.7145599770021371,0.7522400229978627
2,16,bit_flip,0.01,0.5542,0.01336787193236083,0.5542,0.01336787193236083,0.4458,0.016595744341246062,0.5376042556587539,0.5707957443412461
2,16,bit_flip,0.02,0.3546,0.013813037319865593,0.3546,0.013813037319865551,0.6454,0.017148401562827927,0.3374515984371721,0.37174840156282796
2,16,bit_flip,0.05,0.24500000000000002,0.008717797887081357,0.24500000000000002,0.008717797887081357,0.755,0.010822840440475885,0.23417715955952415,0.25582284044047593
2,16,bit_flip,0.1,0.2384,0.008876936408468853,0.2384,0.008876936408468816,0.7616,0.011020405335558207,0.2273795946644418,0.2494204053355582
2,16,depolarizing,0.0,1.0,0.0,1.0,0.0,0.0,0.0,1.0,1.0
2,16,depolarizing,0.001,0.943,0.004636809247747821,0.943,0.004636809247747821,0.05700000000000005,0.005756436119683736,0.9372435638803163,0.9487564361196836
2,16,depolarizing,0.002,0.8912000000000001,0.0060580524923444295,0.8911999999999999,0.006058052492344377,0.1087999999999999,0.007520859780636842,0.8836791402193632,0.898720859780637
2,16,depolarizing,0.005,0.761,0.016015617378046968,0.761,0.016015617378047006,0.239,0.01988282748504347,0.7411171725149566,0.7808828274850435
2,16,depolarizing,0.01,0.5912,0.013917614738165458,0.5912,0.013917614738165489,0.40880000000000005,0.017278230761278785,0.5739217692387212,0.6084782307612787
2,16,depolarizing,0.02,0.3888,0.01700588133558507,0.3888,0.017005881335585067,0.6112,0.021112205470769765,0.3676877945292302,0.40991220547076973
2,16,depolarizing,0.05,0.252,0.010148891565092235,0.25199999999999995,0.010148891565092258,0.748,0.012599493069167524,0.23940050693083248,0.2645994930691675
2,16,depolarizing,0.1,0.2384,0.008876936408468853,0.2384,0.008876936408468816,0.7616,0.011020405335558207,0.2273795946644418,0.2494204053355582
2,16,phase_flip,0.0,1.0,0.0,1.0,0.0,0.0,0.0,1.0,1.0
2,16,phase_flip,0.001,0.9354000000000001,0.004615192303685693,0.9354000000000001,0.004615192303685693,0.06459999999999988,0.0057295994414967135,0.9296704005585034,0.9411295994414969
2,16,phase_flip,0.002,0.8782,0.008105553651663775,0.8782,0.008105553651663823,0.12180000000000002,0.010062760686809556,0.8681372393131904,0.8882627606868095
2,16,phase_flip,0.005,0.7333999999999999,0.01517563837207519,0.7333999999999999,0.0151756383720752,0.26660000000000006,0.018840022997862856,0.7145599770021371,0.7522400229978627
2,16,phase_flip,0.01,0.5542,0.01336787193236083,0.5542,0.01336787193236083,0.4458,0.016595744341246062,0.5376042556587539,0.5707957443412461
2,16,phase_flip,0.02,0.3546,0.013813037319865593,0.3546,0.013813037319865551,0.6454,0.017148401562827927,0.3374515984371721,0.37174840156282796
2,16,phase_flip,0.05,0.24500000000000002,0.008717797887081357,0.24500000000000002,0.008717797887081357,0.755,0.010822840440475885,0.23417715955952415,0.25582284044047593
2,16,phase_flip,0.1,0.2384,0.008876936408468853,0.2384,0.008876936408468816,0.7616,0.011020405335558207,0.2273795946644418,0.2494204053355582
2,16,readout,0.0,1.0,0.0,1.0,0.0,0.0,0.0,1.0,1.0
2,16,readout,0.001,0.9978,0.0013038404810405213,0.9978,0.0013038404810405213,0.0021999999999999797,0.0016186722460090448,0.9961813277539909,0.9994186722460091
2,16,readout,0.002,0.9964000000000001,0.002073644135332786,0.9964000000000001,0.002073644135332786,0.0035999999999999366,0.0025743564943496245,0.9938256435056504,0.9989743564943497
2,16,readout,0.005,0.99,0.0025495097567963944,0.99,0.0025495097567963944,0.010000000000000009,0.0031651269800752092,0.9868348730199248,0.9931651269800752
2,16,readout,0.01,0.9804,0.007266360849833971,0.9804,0.007266360849833971,0.01959999999999995,0.009020932244507758,0.9713790677554923,0.9894209322445078
2,16,readout,0.02,0.9640000000000001,0.005244044240850744,0.9640000000000001,0.005244044240850744,0.03599999999999992,0.0065102970746349015,0.9574897029253652,0.970510297074635
2,16,readout,0.05,0.9024000000000001,0.0068044103344816155,0.9024000000000001,0.006804410334481626,0.09759999999999991,0.00844743687517109,0.893952563124829,0.9108474368751712
2,16,readout,0.1,0.806,0.011135528725660036,0.806,0.011135528725659948,0.19399999999999995,0.013824368513606678,0.7921756314863934,0.8198243685136067
2,16,thermal,0.0,1.0,0.0,1.0,0.0,0.0,0.0,1.0,1.0
2,16,thermal,0.001,0.9996,0.0005477225575052004,0.9996,0.0005477225575052004,0.00039999999999995595,0.0006799783525966527,0.9989200216474033,1.0
2,16,thermal,0.002,0.9991999999999999,0.000447213595499963,0.9991999999999999,0.000447213595499963,0.0008000000000001339,0.0005552000000000062,0.9986447999999999,0.9997551999999998
2,16,thermal,0.005,0.9970000000000001,0.001581138830084216,0.9970000000000001,0.001581138830084216,0.0029999999999998916,0.0019629284245738883,0.9950370715754262,0.998962928424574
2,16,thermal,0.01,0.9954000000000001,0.0011401754250991486,0.9954000000000001,0.0011401754250991486,0.0045999999999999375,0.00141548781697337,0.9939845121830267,0.9968154878169734
2,16,thermal,0.02,0.9898,0.002588435821108955,0.9898,0.002588435821108955,0.010199999999999987,0.0032134523242145644,0.9865865476757855,0.9930134523242146
2,16,thermal,0.05,0.9718,0.0025884358211089296,0.9718,0.0025884358211089296,0.028200000000000003,0.0032134523242145323,0.9685865476757854,0.9750134523242145
2,16,thermal,0.1,0.953,0.003741657386773948,0.953,0.003741657386773948,0.04700000000000004,0.004645136467317196,0.9483548635326827,0.9576451364673172
2,32,bit_flip,0.0,1.0,0.0,1.0,0.0,0.0,0.0,1.0,1.0
2,32,bit_flip,0.001,0.8804000000000001,0.007924645102463603,0.8804000000000001,0.00792464510246359,0.11959999999999993,0.00983816906543085,0.8705618309345692,0.890238169065431
2,32,bit_flip,0.002,0.7796000000000001,0.012915107432770379,0.7796000000000001,0.01291510743277034,0.22039999999999993,0.01603365308842626,0.7635663469115738,0.7956336530884264
2,32,bit_flip,0.005,0.5594,0.011717508267545562,0.5593999999999999,0.01171750826754556,0.4406,0.014546875711299586,0.5448531242887005,0.5739468757112995
2,32,bit_flip,0.01,0.3626,0.015323185047502371,0.3625999999999999,0.015323185047502349,0.6374,0.019023197022582726,0.3435768029774173,0.3816231970225827
2,32,bit_flip,0.02,0.259,0.007416198487095666,0.259,0.007416198487095712,0.741,0.009206950418026591,0.2497930495819734,0.2682069504180266
2,32,bit_flip,0.05,0.2384,0.008876936408468853,0.2384,0.008876936408468816,0.7616,0.011020405335558207,0.2273795946644418,0.2494204053355582
2,32,bit_flip,0.1,0.23820000000000002,0.009121403400793104,0.23819999999999997,0.009121403400793059,0.7618,0.011323902535786854,0.22687609746421317,0.24952390253578688
2,32,depolarizing,0.0,1.0,0.0,1.0,0.0,0.0,0.0,1.0,1.0
2,32,depolarizing,0.001,0.8932,0.005761944116355209,0.8932,0.005761944116355095,0.1068,0.0071532516130778335,0.8860467483869222,0.9003532516130778
2,32,depolarizing,0.002,0.8056000000000001,0.011760102040373595,0.8056000000000001,0.011760102040373617,0.1943999999999999,0.014599754386975103,0.791000245613025,0.8201997543869752
2,32,depolarizing,0.005,0.5982,0.013935566009315876,0.5982000000000001,0.01393556600931588,0.40180000000000005,0.01730051663506035,0.5808994833649396,0.6155005166350603
2,32,depolarizing,0.01,0.3948,0.017005881335585064,0.39479999999999993,0.017005881335585022,0.6052,0.021112205470769762,0.37368779452923023,0.41591220547076974
2,32,depolarizing,0.02,0.27060000000000006,0.0073688533707762195,0.2706,0.007368853370776297,0.7293999999999999,0.009148173115983326,0.26145182688401675,0.2797481731159834
2,32,depolarizing,0.05,0.2384,0.008876936408468853,0.2384,0.008876936408468816,0.7616,0.011020405335558207,0.2273795946644418,0.2494204053355582
2,32,depolarizing,0.1,0.23820000000000002,0.009121403400793104,0.23819999999999997,0.009121403400793059,0.7618,0.011323902535786854,0.22687609746421317,0.24952390253578688
2,32,phase_flip,0.0,1.0,0.0,1.0,0.0,0.0,0.0,1.0,1.0
2,32,phase_flip,0.001,0.8804000000000001,0.007924645102463603,0.8804000000000001,0.00792464510246359,0.11959999999999993,0.00983816906543085,0.8705618309345692,0.890238169065431
2,32,phase_flip,0.002,0.7796000000000001,0.012915107432770379,0.7796000000000001,0.01291510743277034,0.22039999999999993,0.01603365308842626,0.7635663469115738,0.7956336530884264
2,32,phase_flip,0.005,0.5594,0.011717508267545562,0.5593999999999999,0.01171750826754556,0.4406,0.014546875711299586,0.5448531242887005,0.5739468757112995
2,32,phase_flip,0.01,0.3626,0.015323185047502371,0.3625999999999999,0.015323185047502349,0.6374,0.019023197022582726,0.3435768029774173,0.3816231970225827
2,32,phase_flip,0.02,0.259,0.007416198487095666,0.259,0.007416198487095712,0.741,0.009206950418026591,0.2497930495819734,0.2682069504180266
2,32,phase_flip,0.05,0.2384,0.008876936408468853,0.2384,0.008876936408468816,0.7616,0.011020405335558207,0.2273795946644418,0.2494204053355582
2,32,phase_flip,0.1,0.23820000000000002,0.009121403400793104,0.23819999999999997,0.009121403400793059,0.7618,0.011323902535786854,0.22687609746421317,0.24952390253578688
2,32,readout,0.0,1.0,0.0,1.0,0.0,0.0,0.0,1.0,1.0
2,32,readout,0.001,0.9978,0.0013038404810405213,0.9978,0.0013038404810405213,0.0021999999999999797,0.0016186722460090448,0.9961813277539909,0.9994186722460091
2,32,readout,0.002,0.9964000000000001,0.002073644135332786,0.9964000000000001,0.002073644135332786,0.0035999999999999366,0.0025743564943496245,0.9938256435056504,0.9989743564943497
2,32,readout,0.005,0.99,0.0025495097567963944,0.99,0.0025495097567963944,0.010000000000000009,0.0031651269800752092,0.9868348730199248,0.9931651269800752
2,32,readout,0.01,0.9804,0.007266360849833971,0.9804,0.007266360849833971,0.01959999999999995,0.009020932244507758,0.9713790677554923,0.9894209322445078
2,32,readout,0.02,0.9640000000000001,0.005244044240850744,0.9640000000000001,0.005244044240850744,0.03599999999999992,0.0065102970746349015,0.9574897029253652,0.970510297074635
2,32,readout,0.05,0.9024000000000001,0.0068044103344816155,0.9024000000000001,0.006804410334481626,0.09759999999999991,0.00844743687517109,0.893952563124829,0.9108474368751712
2,32,readout,0.1,0.806,0.011135528725660036,0.806,0.011135528725659948,0.19399999999999995,0.013824368513606678,0.7921756314863934,0.8198243685136067
2,32,thermal,0.0,1.0,0.0,1.0,0.0,0.0,0.0,1.0,1.0
2,32,thermal,0.001,0.9994,0.0005477225575051843,0.9994,0.0005477225575051843,0.0006000000000000449,0.0006799783525966327,0.9987200216474034,1.0
2,32,thermal,0.002,0.9972,0.0013038404810405539,0.9972,0.0013038404810405539,0.0028000000000000247,0.001618672246009085,0.9955813277539909,0.9988186722460091
2,32,thermal,0.005,0.9955999999999999,0.001341640786499893,0.9955999999999999,0.001341640786499893,0.0044000000000000705,0.0016656000000000236,0.9939343999999999,0.9972656
2,32,thermal,0.01,0.9898,0.002588435821108955,0.9898,0.002588435821108955,0.010199999999999987,0.0032134523242145644,0.9865865476757855,0.9930134523242146
2,32,thermal,0.02,0.9795999999999999,0.0034351128074635276,0.9795999999999999,0.0034351128074635276,0.020400000000000085,0.004264572119216643,0.9753354278807833,0.9838645721192165
2,32,thermal,0.05,0.9533999999999999,0.003507135583350066,0.9533999999999999,0.0035071355833500633,0.046600000000000086,0.004353985870441051,0.9490460141295589,0.9577539858704409
2,32,thermal,0.1,0.917,0.002121320343559651,0.917,0.002121320343559651,0.08299999999999996,0.0026335448353882367,0.9143664551646118,0.9196335448353883
3,1,bit_flip,0.0,1.0,0.0,1.0,0.0,0.0,0.0,1.0,1.0
3,1,bit_flip,0.001,0.9945999999999999,0.001341640786499824,0.9945999999999999,0.001341640786499824,0.005400000000000071,0.0016655999999999381,0.9929344,0.9962655999999999
3,1,bit_flip,0.002,0.9853999999999999,0.003847076812334271,0.9853999999999999,0.003847076812334271,0.014600000000000057,0.004776010988262068,0.9806239890117379,0.990176010988262
3,1,bit_flip,0.005,0.9662,0.001483239697419098,0.9662,0.001483239697419098,0.03380000000000005,0.001841390083605275,0.9643586099163947,0.9680413900836052
3,1,bit_flip,0.01,0.9398,0.004969909455915654,0.9398,0.004969909455915553,0.06020000000000003,0.006169968349999839,0.9336300316500001,0.9459699683499998
3,1,bit_flip,0.02,0.885,0.008154753215150037,0.885,0.008154753215149966,0.11499999999999999,0.010123840219995562,0.8748761597800044,0.8951238402199956
3,1,bit_flip,0.05,0.7386,0.01628803241647069,0.7386,0.016288032416470657,0.26139999999999997,0.020221021204677073,0.718378978795323,0.7588210212046771
3,1,bit_flip,0.1,0.536,0.012806248474865719,0.5360000000000001,0.01280624847486563,0.46399999999999997,0.015898508508662087,0.520101491491338,0.5518985085086621
3,1,depolarizing,0.0,1.0,0.0,1.0,0.0,0.0,0.0,1.0,1.0
3,1,depolarizing,0.001,0.99,0.0029154759474226528,0.99,0.0029154759474226528,0.010000000000000009,0.003619461175368513,0.9863805388246315,0.9936194611753685
3,1,depolarizing,0.002,0.9795999999999999,0.0034351128074635276,0.9795999999999999,0.0034351128074635276,0.020400000000000085,0.004264572119216643,0.9753354278807833,0.9838645721192165
3,1,depolarizing,0.005,0.9536,0.0032093613071762315,0.9536,0.0032093613071763074,0.0464,0.003984309546207459,0.9496156904537926,0.9575843095462074
3,1,depolarizing,0.01,0.914,0.0018708286933869407,0.914,0.0018708286933869407,0.08599999999999997,0.002322568233658556,0.9116774317663415,0.9163225682336585
3,1,depolarizing,0.02,0.8395999999999999,0.00960728889958039,0.8395999999999999,0.009607288899580365,0.1604000000000001,0.011927112347923988,0.8276728876520759,0.8515271123479239
3,1,depolarizing,0.05,0.643,0.014628738838327802,0.643,0.014628738838327852,0.357,0.018161066400407228,0.6248389335995927,0.6611610664004073
3,1,depolarizing,0.1,0.41479999999999995,0.018019433953373784,0.41479999999999995,0.018019433953373784,0.5852,0.022370495511722575,0.39242950448827735,0.43717049551172255
3,1,phase_flip,0.0,1.0,0.0,1.0,0.0,0.0,0.0,1.0,1.0
3,1,phase_flip,0.001,0.9842000000000001,0.004024922359499626,0.9842000000000001,0.004024922359499626,0.015799999999999925,0.004996800000000005,0.9792032,0.9891968000000001
3,1,phase_flip,0.002,0.968,0.001581138830084232,0.968,0.001581138830084232,0.03200000000000003,0.0019629284245739082,0.9660370715754261,0.9699629284245739
3,1,phase_flip,0.005,0.9318,0.0041472882706655246,0.9318000000000002,0.004147288270665532,0.06820000000000004,0.00514871298869919,0.9266512870113007,0.9369487129886992
3,1,phase_flip,0.01,0.8710000000000001,0.008972179222463175,0.8709999999999999,0.00897217922246318,0.1289999999999999,0.011138645950024617,0.8598613540499755,0.8821386459500247
3,1,phase_flip,0.02,0.7604,0.015757537878742386,0.7604,0.01575753787874238,0.23960000000000004,0.019562430834638152,0.7408375691653618,0.7799624308346381
3,1,phase_flip,0.05,0.507,0.010816653826391966,0.507,0.010816653826392016,0.493,0.013428496505566061,0.49357150349443396,0.5204284965055661
3,1,phase_flip,0.1,0.2772,0.008228000972289658,0.2772,0.008228000972289632,0.7228,0.010214774742499185,0.2669852252575008,0.2874147747424992
3,1,readout,0.0,1.0,0.0,1.0,0.0,0.0,0.0,1.0,1.0
3,1,readout,0.001,0.998,0.0007071067811865465,0.998,0.0007071067811865465,0.0020000000000000018,0.0008778482784627408,0.9971221517215373,0.9988778482784627
3,1,readout,0.002,0.9968,0.001303840481040533,0.9968,0.001303840481040533,0.0031999999999999806,0.0016186722460090593,0.9951813277539909,0.9984186722460091
3,1,readout,0.005,0.9858,0.0026832815729997505,0.9858,0.0026832815729997505,0.01419999999999999,0.0033312000000000033,0.9824688,0.9891312
3,1,readout,0.01,0.9705999999999999,0.007536577472566707,0.9705999999999999,0.007536577472566707,0.029400000000000093,0.009356396708135026,0.9612436032918649,0.979956396708135
3,1,readout,0.02,0.9423999999999999,0.006066300355241235,0.9423999999999999,0.006066300355241235,0.057600000000000096,0.007531099213262291,0.9348689007867376,0.9499310992132622
3,1,readout,0.05,0.8586,0.011013627921806718,0.8586,0.011013627921806683,0.14139999999999997,0.013673032939329912,0.8449269670606702,0.8722730329393299
3,1,readout,0.1,0.7288,0.011256109452204203,0.7287999999999999,0.011256109452204266,0.2712,0.013974065258184577,0.7148259347418154,0.7427740652581846
3,1,thermal,0.0,1.0,0.0,1.0,0.0,0.0,0.0,1.0,1.0
3,1,thermal,0.001,1.0,0.0,1.0,0.0,0.0,0.0,1.0,1.0
3,1,thermal,0.002,1.0,0.0,1.0,0.0,0.0,0.0,1.0,1.0
3,1,thermal,0.005,0.9996,0.0005477225575052004,0.9996,0.0005477225575052004,0.00039999999999995595,0.0006799783525966527,0.9989200216474033,1.0
3,1,thermal,0.01,0.999,0.0007071067811865482,0.999,0.0007071067811865482,0.0010000000000000009,0.0008778482784627427,0.9981221517215373,0.9998778482784627
3,1,thermal,0.02,0.9972,0.0013038404810405539,0.9972,0.0013038404810405539,0.0028000000000000247,0.001618672246009085,0.9955813277539909,0.9988186722460091
3,1,thermal,0.05,0.9954000000000001,0.0011401754250991486,0.9954000000000001,0.0011401754250991486,0.0045999999999999375,0.00141548781697337,0.9939845121830267,0.9968154878169734
3,1,thermal,0.1,0.9890000000000001,0.002449489742783197,0.9890000000000001,0.002449489742783197,0.010999999999999899,0.0030409556392687054,0.9859590443607313,0.9920409556392689
3,2,bit_flip,0.0,1.0,0.0,1.0,0.0,0.0,0.0,1.0,1.0
3,2,bit_flip,0.001,0.9804,0.004159326868617092,0.9804,0.004159326868617092,0.01959999999999995,0.005163658485996154,0.9752363415140038,0.9855636584859963
3,2,bit_flip,0.002,0.9618,0.002167948338867884,0.9618,0.002167948338867884,0.03820000000000001,0.0026914318568375503,0.9591085681431625,0.9644914318568375
3,2,bit_flip,0.005,0.9190000000000002,0.0023452078799117396,0.9190000000000002,0.002345207879911742,0.08099999999999985,0.002911493362520371,0.9160885066374798,0.9219114933625205
3,2,bit_flip,0.01,0.8469999999999999,0.009137833441248518,0.8470000000000001,0.009137833441248529,0.15300000000000014,0.011344299854993236,0.8356557001450067,0.858344299854993
3,2,bit_flip,0.02,0.7167999999999999,0.012853015210447724,0.7168,0.012853015210447696,0.2832000000000001,0.015956567771297208,0.7008434322287027,0.732756567771297
3,2,bit_flip,0.05,0.43220000000000003,0.01843095222716397,0.4321999999999999,0.01843095222716398,0.5678,0.022881381021258324,0.4093186189787417,0.45508138102125834
3,2,bit_flip,0.1,0.22679999999999997,0.011122050170719424,0.22679999999999995,0.011122050170719438,0.7732,0.013807635360191112,0.21299236463980886,0.24060763536019109
3,2,depolarizing,0.0,1.0,0.0,1.0,0.0,0.0,0.0,1.0,1.0
3,2,depolarizing,0.001,0.9826,0.0028809720581775924,0.9826,0.0028809720581775924,0.01739999999999997,0.003576625806538901,0.9790233741934611,0.986176625806539
3,2,depolarizing,0.002,0.9662,0.001483239697419098,0.9662,0.001483239697419098,0.03380000000000005,0.001841390083605275,0.9643586099163947,0.9680413900836052
3,2,depolarizing,0.005,0.9272,0.0027748873851023135,0.9272,0.0027748873851023135,0.07279999999999998,0.0034449254041270514,0.923755074595873,0.930644925404127
3,2,depolarizing,0.01,0.8640000000000001,0.009,0.8640000000000001,0.009000000000000112,0.1359999999999999,0.011173184469970947,0.8528268155300291,0.875173184469971
3,2,depolarizing,0.02,0.7466,0.017343586710943038,0.7466000000000002,0.01734358671094309,0.25339999999999996,0.021531454854700365,0.7250685451452997,0.7681314548547004
3,2,depolarizing,0.05,0.48979999999999996,0.013367871932360826,0.48979999999999996,0.013367871932360876,0.5102,0.016595744341246055,0.4732042556587539,0.506395744341246
3,2,depolarizing,0.1,0.2678,0.008786353054595528,0.2678,0.008786353054595528,0.7322,0.010907949277476505,0.25689205072252347,0.2787079492774765
3,2,phase_flip,0.0,1.0,0.0,1.0,0.0,0.0,0.0,1.0,1.0
3,2,phase_flip,0.001,0.9804,0.004159326868617092,0.9804,0.004159326868617092,0.01959999999999995,0.005163658485996154,0.9752363415140038,0.9855636584859963
3,2,phase_flip,0.002,0.9618,0.002167948338867884,0.9618,0.002167948338867884,0.03820000000000001,0.0026914318568375503,0.9591085681431625,0.9644914318568375
3,2,phase_flip,0.005,0.9190000000000002,0.0023452078799117396,0.9190000000000002,0.002345207879911742,0.08099999999999985,0.002911493362520371,0.9160885066374798,0.9219114933625205
3,2,phase_flip,0.01,0.8469999999999999,0.009137833441248518,0.8470000000000001,0.009137833441248529,0.15300000000000014,0.011344299854993236,0.8356557001450067,0.858344299854993
3,2,phase_flip,0.02,0.7167999999999999,0.012853015210447724,0.7168,0.012853015210447696,0.2832000000000001,0.015956567771297208,0.7008434322287027,0.732756567771297
3,2,phase_flip,0.05,0.43220000000000003,0.01843095222716397,0.4321999999999999,0.01843095222716398,0.5678,0.022881381021258324,0.4093186189787417,0.45508138102125834
3,2,phase_flip,0.1,0.22679999999999997,0.011122050170719424,0.22679999999999995,0.011122050170719438,0.7732,0.013807635360191112,0.21299236463980886,0.24060763536019109
3,2,readout,0.0,1.0,0.0,1.0,0.0,0.0,0.0,1.0,1.0
3,2,readout,0.001,0.998,0.0007071067811865465,0.998,0.0007071067811865465,0.0020000000000000018,0.0008778482784627408,0.9971221517215373,0.9988778482784627
3,2,readout,0.002,0.9968,0.001303840481040533,0.9968,0.001303840481040533,0.0031999999999999806,0.0016186722460090593,0.9951813277539909,0.9984186722460091
3,2,readout,0.005,0.9858,0.0026832815729997505,0.9858,0.0026832815729997505,0.01419999999999999,0.0033312000000000033,0.9824688,0.9891312
3,2,readout,0.01,0.9705999999999999,0.007536577472566707,0.9705999999999999,0.007536577472566707,0.029400000000000093,0.009356396708135026,0.9612436032918649,0.979956396708135
3,2,readout,0.02,0.9423999999999999,0.006066300355241235,0.9423999999999999,0.006066300355241235,0.057600000000000096,0.007531099213262291,0.9348689007867376,0.9499310992132622
3,2,readout,0.05,0.8586,0.011013627921806718,0.8586,0.011013627921806683,0.14139999999999997,0.013673032939329912,0.8449269670606702,0.8722730329393299
3,2,readout,0.1,0.7288,0.011256109452204203,0.7287999999999999,0.011256109452204266,0.2712,0.013974065258184577,0.7148259347418154,0.7427740652581846
3,2,thermal,0.0,1.0,0.0,1.0,0.0,0.0,0.0,1.0,1.0
3,2,thermal,0.001,1.0,0.0,1.0,0.0,0.0,0.0,1.0,1.0
3,2,thermal,0.002,1.0,0.0,1.0,0.0,0.0,0.0,1.0,1.0
3,2,thermal,0.005,0.9996,0.0005477225575052004,0.9996,0.0005477225575052004,0.00039999999999995595,0.0006799783525966527,0.9989200216474033,1.0
3,2,thermal,0.01,0.9987999999999999,0.0008366600265340829,0.9987999999999999,0.0008366600265340829,0.0012000000000000899,0.001038684090568455,0.9977613159094314,0.9998386840905684
3,2,thermal,0.02,0.9970000000000001,0.001581138830084216,0.9970000000000001,0.001581138830084216,0.0029999999999998916,0.0019629284245738883,0.9950370715754262,0.998962928424574
3,2,thermal,0.05,0.9945999999999999,0.001341640786499824,0.9945999999999999,0.001341640786499824,0.005400000000000071,0.0016655999999999381,0.9929344,0.9962655999999999
3,2,thermal,0.1,0.9853999999999999,0.003847076812334271,0.9853999999999999,0.003847076812334271,0.014600000000000057,0.004776010988262068,0.9806239890117379,0.990176010988262
3,4,bit_flip,0.0,1.0,0.0,1.0,0.0,0.0,0.0,1.0,1.0
3,4,bit_flip,0.001,0.9644,0.0020736441353327337,0.9644,0.0020736441353327337,0.035599999999999965,0.0025743564943495594,0.9618256435056505,0.9669743564943496
3,4,bit_flip,0.002,0.938,0.005567764362829955,0.938,0.005567764362829955,0.062000000000000055,0.006912184256803259,0.9310878157431967,0.9449121842568032
3,4,bit_flip,0.005,0.8603999999999999,0.009208691546577094,0.8603999999999999,0.009208691546577044,0.13960000000000006,0.011432267708551994,0.848967732291448,0.8718322677085519
3,4,bit_flip,0.01,0.7392,0.016709278859364345,0.7392,0.016709278859364317,0.26080000000000003,0.02074398389509595,0.7184560161049041,0.7599439838950959
3,4,bit_flip,0.02,0.5484,0.012700393694685203,0.5484,0.012700393694685192,0.4516,0.015767093510219293,0.5326329064897807,0.5641670935102193
3,4,bit_flip,0.05,0.2542,0.00825832912882503,0.2542,0.00825832912882503,0.7458,0.010252426085566282,0.2439475739144337,0.26445242608556624
3,4,bit_flip,0.1,0.13620000000000002,0.0056302753041036855,0.13620000000000002,0.0056302753041036855,0.8638,0.0069897893988302515,0.12921021060116977,0.14318978939883026
3,4,depolarizing,0.0,1.0,0.0,1.0,0.0,0.0,0.0,1.0,1.0
3,4,depolarizing,0.001,0.969,0.001870828693386965,0.969,0.001870828693386965,0.031000000000000028,0.002322568233658586,0.9666774317663414,0.9713225682336586
3,4,depolarizing,0.002,0.9453999999999999,0.004929503017546479,0.9453999999999999,0.00492950301754646,0.05460000000000009,0.006119805173369471,0.9392801948266304,0.9515198051733694
3,4,depolarizing,0.005,0.8756,0.007797435475847138,0.8756,0.007797435475847167,0.12439999999999996,0.009680242773815085,0.865919757226185,0.8852802427738151
3,4,depolarizing,0.01,0.7682,0.013827508813954885,0.7682,0.013827508813954881,0.2318,0.017166367415385235,0.7510336325846148,0.7853663674153852
3,4,depolarizing,0.02,0.594,0.014560219778561027,0.594,0.014560219778561005,0.406,0.018076002389909102,0.5759239976100908,0.6120760023899091
3,4,depolarizing,0.05,0.2922,0.011519548602267364,0.29219999999999996,0.011519548602267277,0.7078,0.01430111572710325,0.2778988842728968,0.30650111572710326
3,4,depolarizing,0.1,0.1542,0.006760177512462234,0.15419999999999998,0.006760177512462196,0.8458,0.008392523377387762,0.14580747662261223,0.16259252337738778
3,4,phase_flip,0.0,1.0,0.0,1.0,0.0,0.0,0.0,1.0,1.0
3,4,phase_flip,0.001,0.9644,0.0020736441353327337,0.9644,0.0020736441353327337,0.035599999999999965,0.0025743564943495594,0.9618256435056505,0.9669743564943496
3,4,phase_flip,0.002,0.938,0.005567764362829955,0.938,0.005567764362829955,0.062000000000000055,0.006912184256803259,0.9310878157431967,0.9449121842568032
3,4,phase_flip,0.005,0.8603999999999999,0.009208691546577094,0.8603999999999999,0.009208691546577044,0.13960000000000006,0.011432267708551994,0.848967732291448,0.8718322677085519
3,4,phase_flip,0.01,0.7392,0.016709278859364345,0.7392,0.016709278859364317,0.26080000000000003,0.02074398389509595,0.7184560161049041,0.7599439838950959
3,4,phase_flip,0.02,0.5484,0.012700393694685203,0.5484,0.012700393694685192,0.4516,0.015767093510219293,0.5326329064897807,0.5641670935102193
3,4,phase_flip,0.05,0.2542,0.00825832912882503,0.2542,0.00825832912882503,0.7458,0.010252426085566282,0.2439475739144337,0.26445242608556624
3,4,phase_flip,0.1,0.13620000000000002,0.0056302753041036855,0.13620000000000002,0.0056302753041036855,0.8638,0.0069897893988302515,0.12921021060116977,0.14318978939883026
3,4,readout,0.0,1.0,0.0,1.0,0.0,0.0,0.0,1.0,1.0
3,4,readout,0.001,0.998,0.0007071067811865465,0.998,0.0007071067811865465,0.0020000000000000018,0.0008778482784627408,0.9971221517215373,0.9988778482784627
3,4,readout,0.002,0.9968,0.001303840481040533,0.9968,0.001303840481040533,0.0031999999999999806,0.0016186722460090593,0.9951813277539909,0.9984186722460091
3,4,readout,0.005,0.9858,0.0026832815729997505,0.9858,0.0026832815729997505,0.01419999999999999,0.0033312000000000033,0.9824688,0.9891312
3,4,readout,0.01,0.9705999999999999,0.007536577472566707,0.9705999999999999,0.007536577472566707,0.029400000000000093,0.009356396708135026,0.9612436032918649,0.979956396708135
3,4,readout,0.02,0.9423999999999999,0.006066300355241235,0.9423999999999999,0.006066300355241235,0.057600000000000096,0.007531099213262291,0.9348689007867376,0.9499310992132622
3,4,readout,0.05,0.8586,0.011013627921806718,0.8586,0.011013627921806683,0.14139999999999997,0.013673032939329912,0.8449269670606702,0.8722730329393299
3,4,readout,0.1,0.7288,0.011256109452204203,0.7287999999999999,0.011256109452204266,0.2712,0.013974065258184577,0.7148259347418154,0.7427740652581846
3,4,thermal,0.0,1.0,0.0,1.0,0.0,0.0,0.0,1.0,1.0
3,4,thermal,0.001,1.0,0.0,1.0,0.0,0.0,0.0,1.0,1.0
3,4,thermal,0.002,0.9996,0.0005477225575052004,0.9996,0.0005477225575052004,0.00039999999999995595,0.0006799783525966527,0.9989200216474033,1.0
3,4,thermal,0.005,0.9987999999999999,0.0008366600265340829,0.9987999999999999,0.0008366600265340829,0.0012000000000000899,0.001038684090568455,0.9977613159094314,0.9998386840905684
3,4,thermal,0.01,0.9970000000000001,0.001581138830084216,0.9970000000000001,0.001581138830084216,0.0029999999999998916,0.0019629284245738883,0.9950370715754262,0.998962928424574
3,4,thermal,0.02,0.9955999999999999,0.001341640786499893,0.9955999999999999,0.001341640786499893,0.0044000000000000705,0.0016656000000000236,0.9939343999999999,0.9972656
3,4,thermal,0.05,0.9865999999999999,0.003646916505762113,0.9865999999999999,0.003646916505762113,0.013400000000000079,0.004527518985051328,0.9820724810149486,0.9911275189850512
3,4,thermal,0.1,0.9732,0.002774887385102339,0.9732,0.002774887385102339,0.026800000000000046,0.003444925404127083,0.9697550745958728,0.9766449254041271
3,8,bit_flip,0.0,1.0,0.0,1.0,0.0,0.0,0.0,1.0,1.0
3,8,bit_flip,0.001,0.9410000000000001,0.004415880433163898,0.9410000000000001,0.004415880433163855,0.05899999999999994,0.005482160741897272,0.9355178392581028,0.9464821607418973
3,8,bit_flip,0.002,0.8888,0.006723094525588652,0.8888,0.0067230945255885655,0.11119999999999997,0.008346486149272648,0.8804535138507273,0.8971464861492727
3,8,bit_flip,0.005,0.751,0.017649362594722804,0.751,0.017649362594722804,0.249,0.02191106489424922,0.7290889351057508,0.7729110648942492
3,8,bit_flip,0.01,0.5658,0.01359043781487557,0.5658,0.013590437814875577,0.43420000000000003,0.016872052081474846,0.5489279479185252,0.5826720520814748
3,8,bit_flip,0.02,0.3336,0.013921206844235893,0.3336,0.013921206844235907,0.6664,0.017282690235029975,0.31631730976497,0.35088269023503
3,8,bit_flip,0.05,0.144,0.006363961030678922,0.144,0.006363961030678922,0.856,0.007900634506164671,0.1360993654938353,0.15190063450616467
3,8,bit_flip,0.1,0.11839999999999999,0.010310189135025608,0.11839999999999998,0.010310189135025603,0.8816,0.012799738347325703,0.10560026165267429,0.1311997383473257
3,8,depolarizing,0.0,1.0,0.0,1.0,0.0,0.0,0.0,1.0,1.0
3,8,depolarizing,0.001,0.9488,0.004604345773288543,0.9488,0.004604345773288543,0.05120000000000002,0.005716133854275991,0.943083866145724,0.9545161338542759
3,8,depolarizing,0.002,0.9034000000000001,0.005176871642217898,0.9034000000000001,0.005176871642217898,0.09659999999999991,0.006426904648429113,0.896973095351571,0.9098269046484292
3,8,depolarizing,0.005,0.7788,0.01294990347454376,0.7788,0.012949903474543731,0.22119999999999995,0.01607685115437724,0.7627231488456228,0.7948768511543773
3,8,depolarizing,0.01,0.6132,0.014042791745233568,0.6132000000000001,0.014042791745233629,0.38680000000000003,0.017433633626986657,0.5957663663730133,0.6306336336269867
3,8,depolarizing,0.02,0.381,0.01680773631397162,0.38099999999999995,0.016807736313971602,0.619,0.020866215373181608,0.3601337846268184,0.4018662153731816
3,8,depolarizing,0.05,0.1614,0.009685040010242599,0.1614,0.009685040010242594,0.8386,0.01202363762594332,0.14937636237405666,0.17342363762594332
3,8,depolarizing,0.1,0.12079999999999999,0.010109401564880096,0.12079999999999998,0.010109401564880122,0.8792,0.01255046761837981,0.10824953238162018,0.1333504676183798
3,8,phase_flip,0.0,1.0,0.0,1.0,0.0,0.0,0.0,1.0,1.0
3,8,phase_flip,0.001,0.9410000000000001,0.004415880433163898,0.9410000000000001,0.004415880433163855,0.05899999999999994,0.005482160741897272,0.9355178392581028,0.9464821607418973
3,8,phase_flip,0.002,0.8888,0.006723094525588652,0.8888,0.0067230945255885655,0.11119999999999997,0.008346486149272648,0.8804535138507273,0.8971464861492727
3,8,phase_flip,0.005,0.751,0.017649362594722804,0.751,0.017649362594722804,0.249,0.02191106489424922,0.7290889351057508,0.7729110648942492
3,8,phase_flip,0.01,0.5658,0.01359043781487557,0.5658,0.013590437814875577,0.43420000000000003,0.016872052081474846,0.5489279479185252,0.5826720520814748
3,8,phase_flip,0.02,0.3336,0.013921206844235893,0.3336,0.013921206844235907,0.6664,0.017282690235029975,0.31631730976497,0.35088269023503
3,8,phase_flip,0.05,0.144,0.006363961030678922,0.144,0.006363961030678922,0.856,0.007900634506164671,0.1360993654938353,0.15190063450616467
3,8,phase_flip,0.1,0.11839999999999999,0.010310189135025608,0.11839999999999998,0.010310189135025603,0.8816,0.012799738347325703,0.10560026165267429,0.1311997383473257
3,8,readout,0.0,1.0,0.0,1.0,0.0,0.0,0.0,1.0,1.0
3,8,readout,0.001,0.998,0.0007071067811865465,0.998,0.0007071067811865465,0.0020000000000000018,0.0008778482784627408,0.9971221517215373,0.9988778482784627
3,8,readout,0.002,0.9968,0.001303840481040533,0.9968,0.001303840481040533,0.0031999999999999806,0.0016186722460090593,0.9951813277539909,0.9984186722460091
3,8,readout,0.005,0.9858,0.0026832815729997505,0.9858,0.0026832815729997505,0.01419999999999999,0.0033312000000000033,0.9824688,0.9891312
3,8,readout,0.01,0.9705999999999999,0.007536577472566707,0.9705999999999999,0.007536577472566707,0.029400000000000093,0.009356396708135026,0.9612436032918649,0.979956396708135
3,8,readout,0.02,0.9423999999999999,0.006066300355241235,0.9423999999999999,0.006066300355241235,0.057600000000000096,0.007531099213262291,0.9348689007867376,0.9499310992132622
3,8,readout,0.05,0.8586,0.011013627921806718,0.8586,0.011013627921806683,0.14139999999999997,0.013673032939329912,0.8449269670606702,0.8722730329393299
3,8,readout,0.1,0.7288,0.011256109452204203,0.7287999999999999,0.011256109452204266,0.2712,0.013974065258184577,0.7148259347418154,0.7427740652581846
3,8,thermal,0.0,1.0,0.0,1.0,0.0,0.0,0.0,1.0,1.0
3,8,thermal,0.001,0.9996,0.0005477225575052004,0.9996,0.0005477225575052004,0.00039999999999995595,0.0006799783525966527,0.9989200216474033,1.0
3,8,thermal,0.002,0.9996,0.0005477225575052004,0.9996,0.0005477225575052004,0.00039999999999995595,0.0006799783525966527,0.9989200216474033,1.0
3,8,thermal,0.005,0.9970000000000001,0.001581138830084216,0.9970000000000001,0.001581138830084216,0.0029999999999998916,0.0019629284245738883,0.9950370715754262,0.998962928424574
3,8,thermal,0.01,0.9955999999999999,0.001341640786499893,0.9955999999999999,0.001341640786499893,0.0044000000000000705,0.0016656000000000236,0.9939343999999999,0.9972656
3,8,thermal,0.02,0.991,0.0028284271247462074,0.991,0.0028284271247462074,0.009000000000000008,0.0035113931138509896,0.987488606886149,0.994511393113851
3,8,thermal,0.05,0.9753999999999999,0.003209361307176231,0.9753999999999999,0.003209361307176231,0.024600000000000066,0.003984309546207459,0.9714156904537925,0.9793843095462074
3,8,thermal,0.1,0.9568,0.0029495762407505365,0.9568,0.0029495762407505365,0.043200000000000016,0.0036617954940165757,0.9531382045059834,0.9604617954940166
3,16,bit_flip,0.0,1.0,0.0,1.0,0.0,0.0,0.0,1.0,1.0
3,16,bit_flip,0.001,0.891,0.0058309518948453,0.891,0.005830951894845321,0.10899999999999999,0.00723892235073702,0.883761077649263,0.898238922350737
3,16,bit_flip,0.002,0.8028000000000001,0.010986355173577813,0.8027999999999998,0.010986355173577737,0.19719999999999993,0.013639174778556067,0.789160825221444,0.8164391747785561
3,16,bit_flip,0.005,0.575,0.012708265027138788,0.575,0.012708265027138796,0.42500000000000004,0.015776865493500224,0.5592231345064997,0.5907768654935002
3,16,bit_flip,0.01,0.3424,0.014240786495134284,0.3423999999999999,0.014240786495134303,0.6576,0.01767943716751182,0.3247205628324882,0.3600794371675118
3,16,bit_flip,0.02,0.1734,0.011970797801316336,0.17339999999999997,0.011970797801316374,0.8266,0.014861325787425562,0.15853867421257445,0.18826132578742555
3,16,bit_flip,0.05,0.1192,0.010616025621672175,0.11919999999999997,0.010616025621672166,0.8808,0.013179423623209025,0.10602057637679098,0.13237942362320904
3,16,bit_flip,0.1,0.11739999999999999,0.010597169433391162,0.11739999999999999,0.010597169433391162,0.8826,0.013156014326535216,0.10424398567346477,0.1305560143265352
3,16,depolarizing,0.0,1.0,0.0,1.0,0.0,0.0,0.0,1.0,1.0
3,16,depolarizing,0.001,0.907,0.003605551275464004,0.907,0.003605551275464004,0.09299999999999997,0.004476165501855372,0.9025238344981447,0.9114761655018554
3,16,depolarizing,0.002,0.8256,0.009370165420097967,0.8256,0.009370165420097954,0.1744,0.011632731861433045,0.8139672681385669,0.8372327318614331
3,16,depolarizing,0.005,0.6234,0.013685759021698473,0.6234,0.013685759021698402,0.37660000000000005,0.016990390017889576,0.6064096099821104,0.6403903900178896
3,16,depolarizing,0.01,0.39239999999999997,0.016727223320085124,0.39239999999999997,0.016727223320085156,0.6076,0.020766261313967888,0.3716337386860321,0.41316626131396783
3,16,depolarizing,0.02,0.20620000000000002,0.012517987058628876,0.20619999999999994,0.012517987058628846,0.7938,0.01554064206652994,0.19065935793347008,0.22174064206652996
3,16,depolarizing,0.05,0.1214,0.010502380682492905,0.12139999999999998,0.010502380682492943,0.8786,0.013038337415483624,0.10836166258451638,0.1344383374154836
3,16,depolarizing,0.1,0.11739999999999999,0.010597169433391162,0.11739999999999999,0.010597169433391162,0.8826,0.013156014326535216,0.10424398567346477,0.1305560143265352
3,16,phase_flip,0.0,1.0,0.0,1.0,0.0,0.0,0.0,1.0,1.0
3,16,phase_flip,0.001,0.891,0.0058309518948453,0.891,0.005830951894845321,0.10899999999999999,0.00723892235073702,0.883761077649263,0.898238922350737
3,16,phase_flip,0.002,0.8028000000000001,0.010986355173577813,0.8027999999999998,0.010986355173577737,0.19719999999999993,0.013639174778556067,0.789160825221444,0.8164391747785561
3,16,phase_flip,0.005,0.575,0.012708265027138788,0.575,0.012708265027138796,0.42500000000000004,0.015776865493500224,0.5592231345064997,0.5907768654935002
3,16,phase_flip,0.01,0.3424,0.014240786495134284,0.3423999999999999,0.014240786495134303,0.6576,0.01767943716751182,0.3247205628324882,0.3600794371675118
3,16,phase_flip,0.02,0.1734,0.011970797801316336,0.17339999999999997,0.011970797801316374,0.8266,0.014861325787425562,0.15853867421257445,0.18826132578742555
3,16,phase_flip,0.05,0.1192,0.010616025621672175,0.11919999999999997,0.010616025621672166,0.8808,0.013179423623209025,0.10602057637679098,0.13237942362320904
3,16,phase_flip,0.1,0.11739999999999999,0.010597169433391162,0.11739999999999999,0.010597169433391162,0.8826,0.013156014326535216,0.10424398567346477,0.1305560143265352
3,16,readout,0.0,1.0,0.0,1.0,0.0,0.0,0.0,1.0,1.0
3,16,readout,0.001,0.998,0.0007071067811865465,0.998,0.0007071067811865465,0.0020000000000000018,0.0008778482784627408,0.9971221517215373,0.9988778482784627
3,16,readout,0.002,0.9968,0.001303840481040533,0.9968,0.001303840481040533,0.0031999999999999806,0.0016186722460090593,0.9951813277539909,0.9984186722460091
3,16,readout,0.005,0.9858,0.0026832815729997505,0.9858,0.0026832815729997505,0.01419999999999999,0.0033312000000000033,0.9824688,0.9891312
3,16,readout,0.01,0.9705999999999999,0.007536577472566707,0.9705999999999999,0.007536577472566707,0.029400000000000093,0.009356396708135026,0.9612436032918649,0.979956396708135
3,16,readout,0.02,0.9423999999999999,0.006066300355241235,0.9423999999999999,0.006066300355241235,0.057600000000000096,0.007531099213262291,0.9348689007867376,0.9499310992132622
3,16,readout,0.05,0.8586,0.011013627921806718,0.8586,0.011013627921806683,0.14139999999999997,0.013673032939329912,0.8449269670606702,0.8722730329393299
3,16,readout,0.1,0.7288,0.011256109452204203,0.7287999999999999,0.011256109452204266,0.2712,0.013974065258184577,0.7148259347418154,0.7427740652581846
3,16,thermal,0.0,1.0,0.0,1.0,0.0,0.0,0.0,1.0,1.0
3,16,thermal,0.001,0.9996,0.0005477225575052004,0.9996,0.0005477225575052004,0.00039999999999995595,0.0006799783525966527,0.9989200216474033,1.0
3,16,thermal,0.002,0.9978,0.001303840481040542,0.9978,0.001303840481040542,0.0021999999999999797,0.0016186722460090704,0.9961813277539909,0.9994186722460091
3,16,thermal,0.005,0.9955999999999999,0.001341640786499893,0.9955999999999999,0.001341640786499893,0.0044000000000000705,0.0016656000000000236,0.9939343999999999,0.9972656
3,16,thermal,0.01,0.991,0.0028284271247462074,0.991,0.0028284271247462074,0.009000000000000008,0.0035113931138509896,0.987488606886149,0.994511393113851
3,16,thermal,0.02,0.9810000000000001,0.003937003937005888,0.9810000000000001,0.003937003937005888,0.018999999999999906,0.004887652360796519,0.9761123476392036,0.9858876523607966
3,16,thermal,0.05,0.9570000000000001,0.0027386127875258432,0.9570000000000001,0.0027386127875258432,0.04299999999999993,0.0033998917629830664,0.953600108237017,0.9603998917629831
3,16,thermal,0.1,0.922,0.002345207879911711,0.922,0.002345207879911711,0.07799999999999996,0.0029114933625203356,0.9190885066374797,0.9249114933625204
3,32,bit_flip,0.0,1.0,0.0,1.0,0.0,0.0,0.0,1.0,1.0
3,32,bit_flip,0.001,0.8036,0.011193748255164584,0.8036,0.011193748255164447,0.19640000000000002,0.01389664601837437,0.7897033539816256,0.8174966460183744
3,32,bit_flip,0.002,0.6436,0.01425833089811009,0.6436,0.014258330898110095,0.35640000000000005,0.01770121792871895,0.625898782071281,0.6613012179287189
3,32,bit_flip,0.005,0.347,0.015231546211727802,0.347,0.015231546211727802,0.653,0.018909430620724657,0.32809056937927533,0.3659094306207246
3,32,bit_flip,0.01,0.17880000000000001,0.012637246535539303,0.17879999999999996,0.012637246535539257,0.8211999999999999,0.015688698526009102,0.16311130147399092,0.1944886985260091
3,32,bit_flip,0.02,0.12279999999999999,0.010207840124139882,0.12279999999999998,0.010207840124139882,0.8772,0.012672675638554004,0.11012732436144598,0.135472675638554
3,32,bit_flip,0.05,0.11739999999999999,0.010597169433391162,0.11739999999999999,0.010597169433391162,0.8826,0.013156014326535216,0.10424398567346477,0.1305560143265352
3,32,bit_flip,0.1,0.11739999999999999,0.010597169433391162,0.11739999999999999,0.010597169433391162,0.8826,0.013156014326535216,0.10424398567346477,0.1305560143265352
3,32,depolarizing,0.0,1.0,0.0,1.0,0.0,0.0,0.0,1.0,1.0
3,32,depolarizing,0.001,0.8283999999999999,0.007893034904268445,0.8283999999999999,0.007893034904268414,0.17160000000000009,0.009798926112590091,0.8186010738874098,0.8381989261125901
3,32,depolarizing,0.002,0.6874,0.012136721138758999,0.6874,0.012136721138758973,0.3126,0.015067313793772241,0.6723326862062278,0.7024673137937723
3,32,depolarizing,0.005,0.39859999999999995,0.017067512999848565,0.39859999999999995,0.017067512999848558,0.6014,0.021188719021215028,0.3774112809787849,0.419788719021215
3,32,depolarizing,0.01,0.211,0.012549900398011132,0.211,0.012549900398011132,0.789,0.015580261358526687,0.1954197386414733,0.22658026135852669
3,32,depolarizing,0.02,0.1282,0.006870225614927073,0.12819999999999995,0.006870225614927123,0.8718,0.008529144238433308,0.1196708557615667,0.13672914423843333
3,32,depolarizing,0.05,0.11739999999999999,0.010597169433391162,0.11739999999999999,0.010597169433391162,0.8826,0.013156014326535216,0.10424398567346477,0.1305560143265352
3,32,depolarizing,0.1,0.11739999999999999,0.010597169433391162,0.11739999999999999,0.010597169433391162,0.8826,0.013156014326535216,0.10424398567346477,0.1305560143265352
3,32,phase_flip,0.0,1.0,0.0,1.0,0.0,0.0,0.0,1.0,1.0
3,32,phase_flip,0.001,0.8036,0.011193748255164584,0.8036,0.011193748255164447,0.19640000000000002,0.01389664601837437,0.7897033539816256,0.8174966460183744
3,32,phase_flip,0.002,0.6436,0.01425833089811009,0.6436,0.014258330898110095,0.35640000000000005,0.01770121792871895,0.625898782071281,0.6613012179287189
3,32,phase_flip,0.005,0.347,0.015231546211727802,0.347,0.015231546211727802,0.653,0.018909430620724657,0.32809056937927533,0.3659094306207246
3,32,phase_flip,0.01,0.17880000000000001,0.012637246535539303,0.17879999999999996,0.012637246535539257,0.8211999999999999,0.015688698526009102,0.16311130147399092,0.1944886985260091
3,32,phase_flip,0.02,0.12279999999999999,0.010207840124139882,0.12279999999999998,0.010207840124139882,0.8772,0.012672675638554004,0.11012732436144598,0.135472675638554
3,32,phase_flip,0.05,0.11739999999999999,0.010597169433391162,0.11739999999999999,0.010597169433391162,0.8826,0.013156014326535216,0.10424398567346477,0.1305560143265352
3,32,phase_flip,0.1,0.11739999999999999,0.010597169433391162,0.11739999999999999,0.010597169433391162,0.8826,0.013156014326535216,0.10424398567346477,0.1305560143265352
3,32,readout,0.0,1.0,0.0,1.0,0.0,0.0,0.0,1.0,1.0
3,32,readout,0.001,0.998,0.0007071067811865465,0.998,0.0007071067811865465,0.0020000000000000018,0.0008778482784627408,0.9971221517215373,0.9988778482784627
3,32,readout,0.002,0.9968,0.001303840481040533,0.9968,0.001303840481040533,0.0031999999999999806,0.0016186722460090593,0.9951813277539909,0.9984186722460091
3,32,readout,0.005,0.9858,0.0026832815729997505,0.9858,0.0026832815729997505,0.01419999999999999,0.0033312000000000033,0.9824688,0.9891312
3,32,readout,0.01,0.9705999999999999,0.007536577472566707,0.9705999999999999,0.007536577472566707,0.029400000000000093,0.009356396708135026,0.9612436032918649,0.979956396708135
3,32,readout,0.02,0.9423999999999999,0.006066300355241235,0.9423999999999999,0.006066300355241235,0.057600000000000096,0.007531099213262291,0.9348689007867376,0.9499310992132622
3,32,readout,0.05,0.8586,0.011013627921806718,0.8586,0.011013627921806683,0.14139999999999997,0.013673032939329912,0.8449269670606702,0.8722730329393299
3,32,readout,0.1,0.7288,0.011256109452204203,0.7287999999999999,0.011256109452204266,0.2712,0.013974065258184577,0.7148259347418154,0.7427740652581846
3,32,thermal,0.0,1.0,0.0,1.0,0.0,0.0,0.0,1.0,1.0
3,32,thermal,0.001,0.998,0.0014142135623731063,0.998,0.0014142135623731063,0.0020000000000000018,0.0017556965569254979,0.9962443034430745,0.9997556965569255
3,32,thermal,0.002,0.9964000000000001,0.000894427190999912,0.9964000000000001,0.000894427190999912,0.0035999999999999366,0.001110399999999995,0.9952896000000001,0.9975104
3,32,thermal,0.005,0.991,0.0028284271247462074,0.991,0.0028284271247462074,0.009000000000000008,0.0035113931138509896,0.987488606886149,0.994511393113851
3,32,thermal,0.01,0.9810000000000001,0.003937003937005888,0.9810000000000001,0.003937003937005888,0.018999999999999906,0.004887652360796519,0.9761123476392036,0.9858876523607966
3,32,thermal,0.02,0.9644,0.0020736441353327337,0.9644,0.0020736441353327337,0.035599999999999965,0.0025743564943495594,0.9618256435056505,0.9669743564943496
3,32,thermal,0.05,0.923,0.001732050807568887,0.923,0.001732050807568887,0.07699999999999996,0.0021502803538143694,0.9208497196461857,0.9251502803538144
3,32,thermal,0.1,0.8603999999999999,0.009208691546577094,0.8603999999999999,0.009208691546577044,0.13960000000000006,0.011432267708551994,0.848967732291448,0.8718322677085519
4,1,bit_flip,0.0,1.0,0.0,1.0,0.0,0.0,0.0,1.0,1.0
4,1,bit_flip,0.001,0.991,0.0028284271247462074,0.991,0.0028284271247462074,0.009000000000000008,0.0035113931138509896,0.987488606886149,0.994511393113851
4,1,bit_flip,0.002,0.9810000000000001,0.003937003937005888,0.9810000000000001,0.003937003937005888,0.018999999999999906,0.004887652360796519,0.9761123476392036,0.9858876523607966
4,1,bit_flip,0.005,0.9576,0.0027018512172212383,0.9575999999999999,0.0027018512172213086,0.04239999999999999,0.003354253562269827,0.9542457464377302,0.9609542535622698
4,1,bit_flip,0.01,0.9214,0.0025099800796022287,0.9214,0.0025099800796022287,0.0786,0.0031160522717053403,0.9182839477282947,0.9245160522717053
4,1,bit_flip,0.02,0.8523999999999999,0.008763560920082642,0.8524,0.008763560920082632,0.14760000000000006,0.010879653641545743,0.8415203463584542,0.8632796536415457
4,1,bit_flip,0.05,0.665,0.014764823060233368,0.665,0.014764823060233368,0.33499999999999996,0.01833001019094093,0.6466699898090591,0.683330010190941
4,1,bit_flip,0.1,0.4232,0.01843095222716396,0.4231999999999999,0.018430952227163958,0.5768,0.022881381021258314,0.4003186189787417,0.4460813810212583
4,1,depolarizing,0.0,1.0,0.0,1.0,0.0,0.0,0.0,1.0,1.0
4,1,depolarizing,0.001,0.985,0.0038078865529319467,0.985,0.0038078865529319467,0.015000000000000013,0.004727357655181159,0.9802726423448188,0.9897273576551812
4,1,depolarizing,0.002,0.9704,0.0023021728866442865,0.9704,0.0023021728866442865,0.02959999999999996,0.002858066927138014,0.9675419330728621,0.973258066927138
4,1,depolarizing,0.005,0.9376,0.004878524367060133,0.9376,0.004878524367060133,0.06240000000000001,0.00605651696604568,0.9315434830339543,0.9436565169660457
4,1,depolarizing,0.01,0.882,0.008455767262643897,0.882,0.008455767262643884,0.118,0.010497538606740173,0.8715024613932598,0.8924975386067402
4,1,depolarizing,0.02,0.7806,0.013277801022759782,0.7806,0.013277801022759744,0.21940000000000004,0.016483924464762663,0.7641160755352373,0.7970839244647626
4,1,depolarizing,0.05,0.5406000000000001,0.012817956155331475,0.5406000000000001,0.012817956155331461,0.4593999999999999,0.015913043183502017,0.524686956816498,0.5565130431835021
4,1,depolarizing,0.1,0.2924,0.011631852818876262,0.29239999999999994,0.011631852818876177,0.7076,0.014440537474761782,0.27795946252523823,0.30684053747476175
4,1,phase_flip,0.0,1.0,0.0,1.0,0.0,0.0,0.0,1.0,1.0
4,1,phase_flip,0.001,0.9772000000000001,0.003271085446759244,0.9772000000000001,0.003271085446759244,0.02279999999999993,0.004060937901519819,0.9731390620984802,0.9812609379015199
4,1,phase_flip,0.002,0.9576,0.0027018512172212383,0.9575999999999999,0.0027018512172213086,0.04239999999999999,0.003354253562269827,0.9542457464377302,0.9609542535622698
4,1,phase_flip,0.005,0.9046,0.004037325847637236,0.9046,0.004037325847637236,0.09540000000000004,0.0050121984956702954,0.8995878015043297,0.9096121984956702
4,1,phase_flip,0.01,0.8218,0.009093954035511753,0.8218,0.009093954035511801,0.17820000000000003,0.011289825111134395,0.8105101748888656,0.8330898251111344
4,1,phase_flip,0.02,0.6734,0.015076471735787548,0.6734,0.015076471735787548,0.3266,0.018716911095584154,0.6546830889044158,0.6921169110955842
4,1,phase_flip,0.05,0.3698,0.017739785793520733,0.36979999999999996,0.017739785793520774,0.6302,0.022023322125419676,0.34777667787458033,0.3918233221254197
4,1,phase_flip,0.1,0.1634,0.010114346246792225,0.16339999999999993,0.010114346246792227,0.8366,0.012556606267618647,0.15084339373238134,0.17595660626761864
4,1,readout,0.0,1.0,0.0,1.0,0.0,0.0,0.0,1.0,1.0
4,1,readout,0.001,0.9949999999999999,0.000707106781186607,0.9949999999999999,0.000707106781186607,0.0050000000000001155,0.0008778482784628158,0.9941221517215371,0.9958778482784627
4,1,readout,0.002,0.9911999999999999,0.00277488738510234,0.9911999999999999,0.00277488738510234,0.008800000000000141,0.0034449254041270844,0.9877550745958728,0.994644925404127
4,1,readout,0.005,0.9783999999999999,0.0058137767414994605,0.9783999999999999,0.0058137767414994605,0.021600000000000064,0.007217600000000009,0.9711823999999999,0.9856176
4,1,readout,0.01,0.9581999999999999,0.009038805230781353,0.9581999999999999,0.009038805230781353,0.04180000000000006,0.011221359803517598,0.9469786401964824,0.9694213598035175
4,1,readout,0.02,0.9179999999999999,0.006819090848492944,0.9179999999999999,0.006819090848492944,0.08200000000000007,0.008465662218633598,0.9095343377813663,0.9264656622186336
4,1,readout,0.05,0.8164,0.012177848742696673,0.8164,0.01217784874269664,0.18359999999999999,0.015118372272172633,0.8012816277278274,0.8315183722721726
4,1,readout,0.1,0.6672,0.015642889758609193,0.6672,0.015642889758609193,0.3328,0.01942009921292887,0.6477799007870712,0.6866200992129289
4,1,thermal,0.0,1.0,0.0,1.0,0.0,0.0,0.0,1.0,1.0
4,1,thermal,0.001,1.0,0.0,1.0,0.0,0.0,0.0,1.0,1.0
4,1,thermal,0.002,0.9998000000000001,0.0004472135954999242,0.9998000000000001,0.0004472135954999242,0.00019999999999986695,0.000555199999999958,0.9992448000000002,1.0
4,1,thermal,0.005,0.9996,0.0005477225575052004,0.9996,0.0005477225575052004,0.00039999999999995595,0.0006799783525966527,0.9989200216474033,1.0
4,1,thermal,0.01,0.9987999999999999,0.0008366600265340829,0.9987999999999999,0.0008366600265340829,0.0012000000000000899,0.001038684090568455,0.9977613159094314,0.9998386840905684
4,1,thermal,0.02,0.9970000000000001,0.001581138830084216,0.9970000000000001,0.001581138830084216,0.0029999999999998916,0.0019629284245738883,0.9950370715754262,0.998962928424574
4,1,thermal,0.05,0.9926,0.0027928480087537795,0.9926,0.0027928480087537795,0.007399999999999962,0.0034672228887107793,0.9891327771112892,0.9960672228887109
4,1,thermal,0.1,0.9837999999999999,0.00363318042491699,0.9837999999999999,0.00363318042491699,0.016200000000000103,0.004510466122253884,0.979289533877746,0.9883104661222538
4,2,bit_flip,0.0,1.0,0.0,1.0,0.0,0.0,0.0,1.0,1.0
4,2,bit_flip,0.001,0.9708,0.0021679483388679062,0.9708,0.0021679483388679062,0.029200000000000004,0.002691431856837578,0.9681085681431624,0.9734914318568376
4,2,bit_flip,0.002,0.9503999999999999,0.0043931765272977995,0.9503999999999999,0.004393176527297782,0.04960000000000009,0.005453974638738297,0.9449460253612616,0.9558539746387382
4,2,bit_flip,0.005,0.8854,0.007893034904268468,0.8854,0.007893034904268455,0.11460000000000004,0.009798926112590119,0.8756010738874098,0.8951989261125901
4,2,bit_flip,0.01,0.7918000000000001,0.011713240371477085,0.7918000000000001,0.011713240371477054,0.20819999999999994,0.014541577267958279,0.7772584227320418,0.8063415772679583
4,2,bit_flip,0.02,0.624,0.013892443989449813,0.624,0.013892443989449756,0.376,0.017246982159206874,0.6067530178407932,0.6412469821592068
4,2,bit_flip,0.05,0.3074,0.010573551910309072,0.3073999999999999,0.010573551910309072,0.6926,0.013126693999632996,0.294273306000367,0.320526693999633
4,2,bit_flip,0.1,0.1282,0.006870225614927073,0.12819999999999995,0.006870225614927123,0.8718,0.008529144238433308,0.1196708557615667,0.13672914423843333
4,2,depolarizing,0.0,1.0,0.0,1.0,0.0,0.0,0.0,1.0,1.0
4,2,depolarizing,0.001,0.9753999999999999,0.003209361307176231,0.9753999999999999,0.003209361307176231,0.024600000000000066,0.003984309546207459,0.9714156904537925,0.9793843095462074
4,2,depolarizing,0.002,0.9568,0.0029495762407505365,0.9568,0.0029495762407505365,0.043200000000000016,0.0036617954940165757,0.9531382045059834,0.9604617954940166
4,2,depolarizing,0.005,0.9,0.00533853912601566,0.9,0.005338539126015615,0.09999999999999998,0.006627609161681161,0.8933723908383189,0.9066276091616812
4,2,depolarizing,0.01,0.8148,0.011300442469213245,0.8148,0.011300442469213271,0.18520000000000003,0.014029103144534842,0.8007708968554651,0.8288291031445348
4,2,depolarizing,0.02,0.6612,0.01425482374496438,0.6612,0.014254823744964357,0.3388,0.01769686392104546,0.6435031360789546,0.6788968639210454
4,2,depolarizing,0.05,0.35419999999999996,0.014359665734271098,0.3542,0.014359665734271098,0.6458,0.017827021575125754,0.3363729784248742,0.37202702157512574
4,2,depolarizing,0.1,0.1598,0.009418067742376895,0.1598,0.009418067742376895,0.8402000000000001,0.011692200915139984,0.14810779908486002,0.17149220091513998
4,2,phase_flip,0.0,1.0,0.0,1.0,0.0,0.0,0.0,1.0,1.0
4,2,phase_flip,0.001,0.9708,0.0021679483388679062,0.9708,0.0021679483388679062,0.029200000000000004,0.002691431856837578,0.9681085681431624,0.9734914318568376
4,2,phase_flip,0.002,0.9503999999999999,0.0043931765272977995,0.9503999999999999,0.004393176527297782,0.04960000000000009,0.005453974638738297,0.9449460253612616,0.9558539746387382
4,2,phase_flip,0.005,0.8854,0.007893034904268468,0.8854,0.007893034904268455,0.11460000000000004,0.009798926112590119,0.8756010738874098,0.8951989261125901
4,2,phase_flip,0.01,0.7918000000000001,0.011713240371477085,0.7918000000000001,0.011713240371477054,0.20819999999999994,0.014541577267958279,0.7772584227320418,0.8063415772679583
4,2,phase_flip,0.02,0.624,0.013892443989449813,0.624,0.013892443989449756,0.376,0.017246982159206874,0.6067530178407932,0.6412469821592068
4,2,phase_flip,0.05,0.3074,0.010573551910309072,0.3073999999999999,0.010573551910309072,0.6926,0.013126693999632996,0.294273306000367,0.320526693999633
4,2,phase_flip,0.1,0.1282,0.006870225614927073,0.12819999999999995,0.006870225614927123,0.8718,0.008529144238433308,0.1196708557615667,0.13672914423843333
4,2,readout,0.0,1.0,0.0,1.0,0.0,0.0,0.0,1.0,1.0
4,2,readout,0.001,0.9949999999999999,0.000707106781186607,0.9949999999999999,0.000707106781186607,0.0050000000000001155,0.0008778482784628158,0.9941221517215371,0.9958778482784627
4,2,readout,0.002,0.9911999999999999,0.00277488738510234,0.9911999999999999,0.00277488738510234,0.008800000000000141,0.0034449254041270844,0.9877550745958728,0.994644925404127
4,2,readout,0.005,0.9783999999999999,0.0058137767414994605,0.9783999999999999,0.0058137767414994605,0.021600000000000064,0.007217600000000009,0.9711823999999999,0.9856176
4,2,readout,0.01,0.9581999999999999,0.009038805230781353,0.9581999999999999,0.009038805230781353,0.04180000000000006,0.011221359803517598,0.9469786401964824,0.9694213598035175
4,2,readout,0.02,0.9179999999999999,0.006819090848492944,0.9179999999999999,0.006819090848492944,0.08200000000000007,0.008465662218633598,0.9095343377813663,0.9264656622186336
4,2,readout,0.05,0.8164,0.012177848742696673,0.8164,0.01217784874269664,0.18359999999999999,0.015118372272172633,0.8012816277278274,0.8315183722721726
4,2,readout,0.1,0.6672,0.015642889758609193,0.6672,0.015642889758609193,0.3328,0.01942009921292887,0.6477799007870712,0.6866200992129289
4,2,thermal,0.0,1.0,0.0,1.0,0.0,0.0,0.0,1.0,1.0
4,2,thermal,0.001,1.0,0.0,1.0,0.0,0.0,0.0,1.0,1.0
4,2,thermal,0.002,0.9998000000000001,0.0004472135954999242,0.9998000000000001,0.0004472135954999242,0.00019999999999986695,0.000555199999999958,0.9992448000000002,1.0
4,2,thermal,0.005,0.9996,0.0005477225575052004,0.9996,0.0005477225575052004,0.00039999999999995595,0.0006799783525966527,0.9989200216474033,1.0
4,2,thermal,0.01,0.9975999999999999,0.0013416407864998874,0.9975999999999999,0.0013416407864998874,0.0024000000000000687,0.0016656000000000166,0.9959343999999999,0.9992656
4,2,thermal,0.02,0.9962,0.0008366600265340797,0.9962,0.0008366600265340797,0.0038000000000000256,0.001038684090568451,0.9951613159094316,0.9972386840905684
4,2,thermal,0.05,0.9907999999999999,0.0025884358211089604,0.9907999999999999,0.0025884358211089604,0.009200000000000097,0.0032134523242145704,0.9875865476757854,0.9940134523242145
4,2,thermal,0.1,0.9804,0.004159326868617092,0.9804,0.004159326868617092,0.01959999999999995,0.005163658485996154,0.9752363415140038,0.9855636584859963
4,4,bit_flip,0.0,1.0,0.0,1.0,0.0,0.0,0.0,1.0,1.0
4,4,bit_flip,0.001,0.9554,0.002880972058177561,0.9554,0.002880972058177561,0.04459999999999997,0.0035766258065388625,0.9518233741934612,0.9589766258065389
4,4,bit_flip,0.002,0.9164,0.0021908902300206566,0.9164,0.0021908902300206566,0.08360000000000001,0.002719913410386431,0.9136800865896135,0.9191199134103865
4,4,bit_flip,0.005,0.8066000000000001,0.012581732790041251,0.8065999999999999,0.012581732790041256,0.1933999999999999,0.015619780157223682,0.7909802198427764,0.8222197801572237
4,4,bit_flip,0.01,0.6468,0.014131525041551622,0.6468,0.014131525041551702,0.35319999999999996,0.01754379290347446,0.6292562070965256,0.6643437929034745
4,4,bit_flip,0.02,0.4138,0.017866169147301828,0.4138,0.017866169147301797,0.5862,0.022180222628278543,0.39161977737172143,0.43598022262827857
4,4,bit_flip,0.05,0.145,0.006204836822995422,0.145,0.006204836822995422,0.855,0.0077030873810440366,0.13729691261895596,0.15270308738104402
4,4,bit_flip,0.1,0.0686,0.012461942063739503,0.06859999999999997,0.012461942063739528,0.9314,0.015471064170250213,0.053128935829749785,0.0840710641702502
4,4,depolarizing,0.0,1.0,0.0,1.0,0.0,0.0,0.0,1.0,1.0
4,4,depolarizing,0.001,0.9587999999999999,0.001788854381999793,0.9587999999999999,0.001788854381999793,0.041200000000000125,0.0022207999999999516,0.9565792,0.9610207999999998
4,4,depolarizing,0.002,0.9262,0.0021679483388678637,0.9262,0.0021679483388678637,0.07379999999999998,0.002691431856837525,0.9235085681431625,0.9288914318568375
4,4,depolarizing,0.005,0.8308,0.008467585252006657,0.8308,0.008467585252006617,0.16920000000000002,0.010512210226208423,0.8202877897737916,0.8413122102262084
4,4,depolarizing,0.01,0.6916,0.011928956366757304,0.6916,0.011928956366757308,0.3084,0.014809381113334864,0.6767906188866651,0.7064093811133348
4,4,depolarizing,0.02,0.4726,0.010784247771634333,0.4726,0.010784247771634269,0.5274,0.013388265524704837,0.4592117344752952,0.48598826552470487
4,4,depolarizing,0.05,0.1768,0.012070625501605129,0.17679999999999996,0.012070625501605082,0.8231999999999999,0.014985258377485522,0.1618147416225145,0.19178525837748553
4,4,depolarizing,0.1,0.078,0.012144957801491114,0.07799999999999996,0.012144957801491125,0.922,0.01507753932178589,0.06292246067821411,0.09307753932178589
4,4,phase_flip,0.0,1.0,0.0,1.0,0.0,0.0,0.0,1.0,1.0
4,4,phase_flip,0.001,0.9554,0.002880972058177561,0.9554,0.002880972058177561,0.04459999999999997,0.0035766258065388625,0.9518233741934612,0.9589766258065389
4,4,phase_flip,0.002,0.9164,0.0021908902300206566,0.9164,0.0021908902300206566,0.08360000000000001,0.002719913410386431,0.9136800865896135,0.9191199134103865
4,4,phase_flip,0.005,0.8066000000000001,0.012581732790041251,0.8065999999999999,0.012581732790041256,0.1933999999999999,0.015619780157223682,0.7909802198427764,0.8222197801572237
4,4,phase_flip,0.01,0.6468,0.014131525041551622,0.6468,0.014131525041551702,0.35319999999999996,0.01754379290347446,0.6292562070965256,0.6643437929034745
4,4,phase_flip,0.02,0.4138,0.017866169147301828,0.4138,0.017866169147301797,0.5862,0.022180222628278543,0.39161977737172143,0.43598022262827857
4,4,phase_flip,0.05,0.145,0.006204836822995422,0.145,0.006204836822995422,0.855,0.0077030873810440366,0.13729691261895596,0.15270308738104402
4,4,phase_flip,0.1,0.0686,0.012461942063739503,0.06859999999999997,0.012461942063739528,0.9314,0.015471064170250213,0.053128935829749785,0.0840710641702502
4,4,readout,0.0,1.0,0.0,1.0,0.0,0.0,0.0,1.0,1.0
4,4,readout,0.001,0.9949999999999999,0.000707106781186607,0.9949999999999999,0.000707106781186607,0.0050000000000001155,0.0008778482784628158,0.9941221517215371,0.9958778482784627
4,4,readout,0.002,0.9911999999999999,0.00277488738510234,0.9911999999999999,0.00277488738510234,0.008800000000000141,0.0034449254041270844,0.9877550745958728,0.994644925404127
4,4,readout,0.005,0.9783999999999999,0.0058137767414994605,0.9783999999999999,0.0058137767414994605,0.021600000000000064,0.007217600000000009,0.9711823999999999,0.9856176
4,4,readout,0.01,0.9581999999999999,0.009038805230781353,0.9581999999999999,0.009038805230781353,0.04180000000000006,0.011221359803517598,0.9469786401964824,0.9694213598035175
4,4,readout,0.02,0.9179999999999999,0.006819090848492944,0.9179999999999999,0.006819090848492944,0.08200000000000007,0.008465662218633598,0.9095343377813663,0.9264656622186336
4,4,readout,0.05,0.8164,0.012177848742696673,0.8164,0.01217784874269664,0.18359999999999999,0.015118372272172633,0.8012816277278274,0.8315183722721726
4,4,readout,0.1,0.6672,0.015642889758609193,0.6672,0.015642889758609193,0.3328,0.01942009921292887,0.6477799007870712,0.6866200992129289
4,4,thermal,0.0,1.0,0.0,1.0,0.0,0.0,0.0,1.0,1.0
4,4,thermal,0.001,0.9998000000000001,0.0004472135954999242,0.9998000000000001,0.0004472135954999242,0.00019999999999986695,0.000555199999999958,0.9992448000000002,1.0
4,4,thermal,0.002,0.9996,0.0005477225575052004,0.9996,0.0005477225575052004,0.00039999999999995595,0.0006799783525966527,0.9989200216474033,1.0
4,4,thermal,0.005,0.9982,0.0013038404810405432,0.9982,0.0013038404810405432,0.0018000000000000238,0.001618672246009072,0.9965813277539909,0.9998186722460091
4,4,thermal,0.01,0.9964000000000001,0.000894427190999912,0.9964000000000001,0.000894427190999912,0.0035999999999999366,0.001110399999999995,0.9952896000000001,0.9975104
4,4,thermal,0.02,0.9944,0.0015165750888103278,0.9944,0.0015165750888103278,0.005600000000000049,0.0018827748033155964,0.9925172251966844,0.9962827748033155
4,4,thermal,0.05,0.9815999999999999,0.003361547262794326,0.9815999999999999,0.003361547262794326,0.018400000000000083,0.004173243074636324,0.9774267569253636,0.9857732430746362
4,4,thermal,0.1,0.9644,0.0020736441353327337,0.9644,0.0020736441353327337,0.035599999999999965,0.0025743564943495594,0.9618256435056505,0.9669743564943496
4,8,bit_flip,0.0,1.0,0.0,1.0,0.0,0.0,0.0,1.0,1.0
4,8,bit_flip,0.001,0.9198000000000001,0.002949576240750514,0.9198000000000001,0.0029495762407505443,0.08019999999999994,0.0036617954940165475,0.9161382045059835,0.9234617954940166
4,8,bit_flip,0.002,0.8478,0.00995991967839096,0.8478,0.009959919678390933,0.1522,0.012364891096972879,0.8354351089030271,0.8601648910969729
4,8,bit_flip,0.005,0.6608,0.01409609875107295,0.6608,0.01409609875107291,0.33919999999999995,0.017499812405851682,0.6433001875941484,0.6782998124058517
4,8,bit_flip,0.01,0.4316,0.018528356645962973,0.4316,0.01852835664596302,0.5684,0.023002305192306276,0.4085976948076937,0.45460230519230627
4,8,bit_flip,0.02,0.2112,0.012296340919151516,0.2112,0.012296340919151516,0.7888,0.01526547615503689,0.1959345238449631,0.2264654761550369
4,8,bit_flip,0.05,0.0712,0.012457929201917945,0.07119999999999996,0.01245792920191794,0.9288,0.015466082342985238,0.05573391765701476,0.08666608234298524
4,8,bit_flip,0.1,0.0606,0.010358571330062846,0.0606,0.010358571330062846,0.9394,0.012859803146238278,0.04774019685376173,0.07345980314623828
4,8,depolarizing,0.0,1.0,0.0,1.0,0.0,0.0,0.0,1.0,1.0
4,8,depolarizing,0.001,0.93,0.0039370039370059,0.93,0.0039370039370059,0.06999999999999995,0.0048876523607965325,0.9251123476392035,0.9348876523607966
4,8,depolarizing,0.002,0.868,0.00902773504263384,0.868,0.009027735042633812,0.132,0.011207616553040992,0.856792383446959,0.879207616553041
4,8,depolarizing,0.005,0.7034,0.0136124942607885,0.7034,0.013612494260788506,0.2966,0.01689943438580119,0.6865005656141988,0.7202994343858012
4,8,depolarizing,0.01,0.49800000000000005,0.010862780491200222,0.49799999999999994,0.01086278049120026,0.502,0.013485761142775745,0.48451423885722433,0.5114857611427758
4,8,depolarizing,0.02,0.259,0.007416198487095666,0.259,0.007416198487095712,0.741,0.009206950418026591,0.2497930495819734,0.2682069504180266
4,8,depolarizing,0.05,0.08220000000000001,0.011054410884348378,0.08219999999999998,0.011054410884348373,0.9178,0.013723663557519902,0.0684763364424801,0.09592366355751991
4,8,depolarizing,0.1,0.0612,0.010709808588392229,0.0612,0.010709808588392229,0.9388,0.013295851888465058,0.04790414811153494,0.07449585188846505
4,8,phase_flip,0.0,1.0,0.0,1.0,0.0,0.0,0.0,1.0,1.0
4,8,phase_flip,0.001,0.9198000000000001,0.002949576240750514,0.9198000000000001,0.0029495762407505443,0.08019999999999994,0.0036617954940165475,0.9161382045059835,0.9234617954940166
4,8,phase_flip,0.002,0.8478,0.00995991967839096,0.8478,0.009959919678390933,0.1522,0.012364891096972879,0.8354351089030271,0.8601648910969729
4,8,phase_flip,0.005,0.6608,0.01409609875107295,0.6608,0.01409609875107291,0.33919999999999995,0.017499812405851682,0.6433001875941484,0.6782998124058517
4,8,phase_flip,0.01,0.4316,0.018528356645962973,0.4316,0.01852835664596302,0.5684,0.023002305192306276,0.4085976948076937,0.45460230519230627
4,8,phase_flip,0.02,0.2112,0.012296340919151516,0.2112,0.012296340919151516,0.7888,0.01526547615503689,0.1959345238449631,0.2264654761550369
4,8,phase_flip,0.05,0.0712,0.012457929201917945,0.07119999999999996,0.01245792920191794,0.9288,0.015466082342985238,0.05573391765701476,0.08666608234298524
4,8,phase_flip,0.1,0.0606,0.010358571330062846,0.0606,0.010358571330062846,0.9394,0.012859803146238278,0.04774019685376173,0.07345980314623828
4,8,readout,0.0,1.0,0.0,1.0,0.0,0.0,0.0,1.0,1.0
4,8,readout,0.001,0.9949999999999999,0.000707106781186607,0.9949999999999999,0.000707106781186607,0.0050000000000001155,0.0008778482784628158,0.9941221517215371,0.9958778482784627
4,8,readout,0.002,0.9911999999999999,0.00277488738510234,0.9911999999999999,0.00277488738510234,0.008800000000000141,0.0034449254041270844,0.9877550745958728,0.994644925404127
4,8,readout,0.005,0.9783999999999999,0.0058137767414994605,0.9783999999999999,0.0058137767414994605,0.021600000000000064,0.007217600000000009,0.9711823999999999,0.9856176
4,8,readout,0.01,0.9581999999999999,0.009038805230781353,0.9581999999999999,0.009038805230781353,0.04180000000000006,0.011221359803517598,0.9469786401964824,0.9694213598035175
4,8,readout,0.02,0.9179999999999999,0.006819090848492944,0.9179999999999999,0.006819090848492944,0.08200000000000007,0.008465662218633598,0.9095343377813663,0.9264656622186336
4,8,readout,0.05,0.8164,0.012177848742696673,0.8164,0.01217784874269664,0.18359999999999999,0.015118372272172633,0.8012816277278274,0.8315183722721726
4,8,readout,0.1,0.6672,0.015642889758609193,0.6672,0.015642889758609193,0.3328,0.01942009921292887,0.6477799007870712,0.6866200992129289
4,8,thermal,0.0,1.0,0.0,1.0,0.0,0.0,0.0,1.0,1.0
4,8,thermal,0.001,0.9996,0.0005477225575052004,0.9996,0.0005477225575052004,0.00039999999999995595,0.0006799783525966527,0.9989200216474033,1.0
4,8,thermal,0.002,0.9987999999999999,0.0008366600265340829,0.9987999999999999,0.0008366600265340829,0.0012000000000000899,0.001038684090568455,0.9977613159094314,0.9998386840905684
4,8,thermal,0.005,0.9965999999999999,0.0011401754250991451,0.9965999999999999,0.0011401754250991451,0.0034000000000000696,0.0014154878169733657,0.9951845121830266,0.9980154878169732
4,8,thermal,0.01,0.9948,0.0013038404810405606,0.9948,0.0013038404810405606,0.005199999999999982,0.0016186722460090936,0.9931813277539909,0.9964186722460091
4,8,thermal,0.02,0.9853999999999999,0.003847076812334271,0.9853999999999999,0.003847076812334271,0.014600000000000057,0.004776010988262068,0.9806239890117379,0.990176010988262
4,8,thermal,0.05,0.9662,0.001483239697419098,0.9662,0.001483239697419098,0.03380000000000005,0.001841390083605275,0.9643586099163947,0.9680413900836052
4,8,thermal,0.1,0.9410000000000001,0.004415880433163898,0.9410000000000001,0.004415880433163855,0.05899999999999994,0.005482160741897272,0.9355178392581028,0.9464821607418973
4,16,bit_flip,0.0,1.0,0.0,1.0,0.0,0.0,0.0,1.0,1.0
4,16,bit_flip,0.001,0.8513999999999999,0.009181503144910381,0.8513999999999999,0.009181503144910376,0.14860000000000007,0.01139851426107801,0.840001485738922,0.8627985142610779
4,16,bit_flip,0.002,0.7258,0.012275992831539156,0.7258,0.012275992831539193,0.2742,0.015240214717647554,0.7105597852823524,0.7410402147176476
4,16,bit_flip,0.005,0.4426,0.01796663574518059,0.4426,0.017966635745180603,0.5574,0.022304948387297407,0.4202950516127026,0.4649049483872974
4,16,bit_flip,0.01,0.22119999999999998,0.011300442469213315,0.22119999999999998,0.011300442469213336,0.7788,0.014029103144534929,0.20717089685546505,0.2352291031445349
4,16,bit_flip,0.02,0.0924,0.009044335243676009,0.09239999999999998,0.009044335243675972,0.9076,0.011228225120650187,0.0811717748793498,0.10362822512065019
4,16,bit_flip,0.05,0.0606,0.010358571330062846,0.0606,0.010358571330062846,0.9394,0.012859803146238278,0.04774019685376173,0.07345980314623828
4,16,bit_flip,0.1,0.060399999999999995,0.010478549517943785,0.060399999999999995,0.010478549517943785,0.9396,0.013008751860190118,0.047391248139809876,0.07340875186019011
4,16,depolarizing,0.0,1.0,0.0,1.0,0.0,0.0,0.0,1.0,1.0
4,16,depolarizing,0.001,0.8712,0.008671793355471509,0.8712,0.008671793355471516,0.12880000000000003,0.010765727427350168,0.8604342725726498,0.8819657274273501
4,16,depolarizing,0.002,0.761,0.016015617378046968,0.761,0.016015617378047006,0.239,0.01988282748504347,0.7411171725149566,0.7808828274850435
4,16,depolarizing,0.005,0.5065999999999999,0.010430723848324264,0.5065999999999999,0.01043072384832429,0.49340000000000006,0.012949377968072474,0.49365062203192744,0.5195493779680724
4,16,depolarizing,0.01,0.2684,0.008619744775804,0.2684,0.008619744775803987,0.7316,0.010701110940458496,0.2576988890595415,0.27910111094045853
4,16,depolarizing,0.02,0.11240000000000001,0.010089598604503546,0.11239999999999999,0.010089598604503558,0.8876,0.012525882937342175,0.09987411706265784,0.12492588293734219
4,16,depolarizing,0.05,0.0616,0.010310189135025601,0.061599999999999974,0.010310189135025632,0.9384,0.012799738347325694,0.04880026165267431,0.07439973834732569
4,16,depolarizing,0.1,0.060399999999999995,0.010478549517943785,0.060399999999999995,0.010478549517943785,0.9396,0.013008751860190118,0.047391248139809876,0.07340875186019011
4,16,phase_flip,0.0,1.0,0.0,1.0,0.0,0.0,0.0,1.0,1.0
4,16,phase_flip,0.001,0.8513999999999999,0.009181503144910381,0.8513999999999999,0.009181503144910376,0.14860000000000007,0.01139851426107801,0.840001485738922,0.8627985142610779
4,16,phase_flip,0.002,0.7258,0.012275992831539156,0.7258,0.012275992831539193,0.2742,0.015240214717647554,0.7105597852823524,0.7410402147176476
4,16,phase_flip,0.005,0.4426,0.01796663574518059,0.4426,0.017966635745180603,0.5574,0.022304948387297407,0.4202950516127026,0.4649049483872974
4,16,phase_flip,0.01,0.22119999999999998,0.011300442469213315,0.22119999999999998,0.011300442469213336,0.7788,0.014029103144534929,0.20717089685546505,0.2352291031445349
4,16,phase_flip,0.02,0.0924,0.009044335243676009,0.09239999999999998,0.009044335243675972,0.9076,0.011228225120650187,0.0811717748793498,0.10362822512065019
4,16,phase_flip,0.05,0.0606,0.010358571330062846,0.0606,0.010358571330062846,0.9394,0.012859803146238278,0.04774019685376173,0.07345980314623828
4,16,phase_flip,0.1,0.060399999999999995,0.010478549517943785,0.060399999999999995,0.010478549517943785,0.9396,0.013008751860190118,0.047391248139809876,0.07340875186019011
4,16,readout,0.0,1.0,0.0,1.0,0.0,0.0,0.0,1.0,1.0
4,16,readout,0.001,0.9949999999999999,0.000707106781186607,0.9949999999999999,0.000707106781186607,0.0050000000000001155,0.0008778482784628158,0.9941221517215371,0.9958778482784627
4,16,readout,0.002,0.9911999999999999,0.00277488738510234,0.9911999999999999,0.00277488738510234,0.008800000000000141,0.0034449254041270844,0.9877550745958728,0.994644925404127
4,16,readout,0.005,0.9783999999999999,0.0058137767414994605,0.9783999999999999,0.0058137767414994605,0.021600000000000064,0.007217600000000009,0.9711823999999999,0.9856176
4,16,readout,0.01,0.9581999999999999,0.009038805230781353,0.9581999999999999,0.009038805230781353,0.04180000000000006,0.011221359803517598,0.9469786401964824,0.9694213598035175
4,16,readout,0.02,0.9179999999999999,0.006819090848492944,0.9179999999999999,0.006819090848492944,0.08200000000000007,0.008465662218633598,0.9095343377813663,0.9264656622186336
4,16,readout,0.05,0.8164,0.012177848742696673,0.8164,0.01217784874269664,0.18359999999999999,0.015118372272172633,0.8012816277278274,0.8315183722721726
4,16,readout,0.1,0.6672,0.015642889758609193,0.6672,0.015642889758609193,0.3328,0.01942009921292887,0.6477799007870712,0.6866200992129289
4,16,thermal,0.0,1.0,0.0,1.0,0.0,0.0,0.0,1.0,1.0
4,16,thermal,0.001,0.9987999999999999,0.0008366600265340829,0.9987999999999999,0.0008366600265340829,0.0012000000000000899,0.001038684090568455,0.9977613159094314,0.9998386840905684
4,16,thermal,0.002,0.9970000000000001,0.001581138830084216,0.9970000000000001,0.001581138830084216,0.0029999999999998916,0.0019629284245738883,0.9950370715754262,0.998962928424574
4,16,thermal,0.005,0.9949999999999999,0.0009999999999999998,0.9949999999999999,0.0009999999999999998,0.0050000000000001155,0.0012414649411078829,0.993758535058892,0.9962414649411078
4,16,thermal,0.01,0.986,0.003999999999999992,0.986,0.003999999999999992,0.014000000000000012,0.004965859764431523,0.9810341402355685,0.9909658597644315
4,16,thermal,0.02,0.9718,0.0025884358211089296,0.9718,0.0025884358211089296,0.028200000000000003,0.0032134523242145323,0.9685865476757854,0.9750134523242145
4,16,thermal,0.05,0.9426,0.00456070170039653,0.9426,0.00456070170039653,0.05740000000000001,0.005661951267893401,0.9369380487321066,0.9482619512678934
4,16,thermal,0.1,0.8906000000000001,0.006188699378706328,0.8906000000000001,0.006188699378706346,0.10939999999999994,0.007683053309720045,0.88291694669028,0.8982830533097201
4,32,bit_flip,0.0,1.0,0.0,1.0,0.0,0.0,0.0,1.0,1.0
4,32,bit_flip,0.001,0.7283999999999999,0.013145341380123974,0.7283999999999999,0.01314534138012402,0.27160000000000006,0.016319480462318625,0.7120805195376814,0.7447194804623185
4,32,bit_flip,0.002,0.5314,0.012601587201618716,0.5314000000000001,0.012601587201618726,0.4686,0.01564442871312343,0.5157555712868765,0.5470444287131234
4,32,bit_flip,0.005,0.2246,0.010691117808723276,0.22459999999999997,0.010691117808723281,0.7754,0.013272647940784083,0.2113273520592159,0.23787264794078408
4,32,bit_flip,0.01,0.09419999999999999,0.009654014708917738,0.09419999999999996,0.009654014708917734,0.9058,0.011985120802061197,0.0822148791979388,0.10618512080206119
4,32,bit_flip,0.02,0.062,0.010319883720275145,0.061999999999999965,0.010319883720275175,0.938,0.012811773835031586,0.049188226164968415,0.07481177383503158
4,32,bit_flip,0.05,0.060399999999999995,0.010478549517943785,0.060399999999999995,0.010478549517943785,0.9396,0.013008751860190118,0.047391248139809876,0.07340875186019011
4,32,bit_flip,0.1,0.060399999999999995,0.010478549517943785,0.060399999999999995,0.010478549517943785,0.9396,0.013008751860190118,0.047391248139809876,0.07340875186019011
4,32,depolarizing,0.0,1.0,0.0,1.0,0.0,0.0,0.0,1.0,1.0
4,32,depolarizing,0.001,0.7622,0.014889593681494472,0.7622000000000001,0.014889593681494487,0.2378,0.018484908542916845,0.7437150914570831,0.7806849085429168
4,32,depolarizing,0.002,0.5824,0.012177848742696739,0.5824,0.012177848742696694,0.41759999999999997,0.015118372272172713,0.5672816277278273,0.5975183722721727
4,32,depolarizing,0.005,0.27240000000000003,0.008080841540334789,0.27240000000000003,0.008080841540334782,0.7276,0.010032081466973864,0.26236791853302616,0.2824320814669739
4,32,depolarizing,0.01,0.1142,0.009984988733093291,0.11419999999999994,0.009984988733093293,0.8858,0.01239601344949254,0.10180398655050746,0.12659601344949253
4,32,depolarizing,0.02,0.0638,0.011454256850621082,0.06379999999999997,0.011454256850621111,0.9362,0.014220058306490866,0.04957994169350913,0.07802005830649086
4,32,depolarizing,0.05,0.060399999999999995,0.010478549517943785,0.060399999999999995,0.010478549517943785,0.9396,0.013008751860190118,0.047391248139809876,0.07340875186019011
4,32,depolarizing,0.1,0.060399999999999995,0.010478549517943785,0.060399999999999995,0.010478549517943785,0.9396,0.013008751860190118,0.047391248139809876,0.07340875186019011
4,32,phase_flip,0.0,1.0,0.0,1.0,0.0,0.0,0.0,1.0,1.0
4,32,phase_flip,0.001,0.7283999999999999,0.013145341380123974,0.7283999999999999,0.01314534138012402,0.27160000000000006,0.016319480462318625,0.7120805195376814,0.7447194804623185
4,32,phase_flip,0.002,0.5314,0.012601587201618716,0.5314000000000001,0.012601587201618726,0.4686,0.01564442871312343,0.5157555712868765,0.5470444287131234
4,32,phase_flip,0.005,0.2246,0.010691117808723276,0.22459999999999997,0.010691117808723281,0.7754,0.013272647940784083,0.2113273520592159,0.23787264794078408
4,32,phase_flip,0.01,0.09419999999999999,0.009654014708917738,0.09419999999999996,0.009654014708917734,0.9058,0.011985120802061197,0.0822148791979388,0.10618512080206119
4,32,phase_flip,0.02,0.062,0.010319883720275145,0.061999999999999965,0.010319883720275175,0.938,0.012811773835031586,0.049188226164968415,0.07481177383503158
4,32,phase_flip,0.05,0.060399999999999995,0.010478549517943785,0.060399999999999995,0.010478549517943785,0.9396,0.013008751860190118,0.047391248139809876,0.07340875186019011
4,32,phase_flip,0.1,0.060399999999999995,0.010478549517943785,0.060399999999999995,0.010478549517943785,0.9396,0.013008751860190118,0.047391248139809876,0.07340875186019011
4,32,readout,0.0,1.0,0.0,1.0,0.0,0.0,0.0,1.0,1.0
4,32,readout,0.001,0.9949999999999999,0.000707106781186607,0.9949999999999999,0.000707106781186607,0.0050000000000001155,0.0008778482784628158,0.9941221517215371,0.9958778482784627
4,32,readout,0.002,0.9911999999999999,0.00277488738510234,0.9911999999999999,0.00277488738510234,0.008800000000000141,0.0034449254041270844,0.9877550745958728,0.994644925404127
4,32,readout,0.005,0.9783999999999999,0.0058137767414994605,0.9783999999999999,0.0058137767414994605,0.021600000000000064,0.007217600000000009,0.9711823999999999,0.9856176
4,32,readout,0.01,0.9581999999999999,0.009038805230781353,0.9581999999999999,0.009038805230781353,0.04180000000000006,0.011221359803517598,0.9469786401964824,0.9694213598035175
4,32,readout,0.02,0.9179999999999999,0.006819090848492944,0.9179999999999999,0.006819090848492944,0.08200000000000007,0.008465662218633598,0.9095343377813663,0.9264656622186336
4,32,readout,0.05,0.8164,0.012177848742696673,0.8164,0.01217784874269664,0.18359999999999999,0.015118372272172633,0.8012816277278274,0.8315183722721726
4,32,readout,0.1,0.6672,0.015642889758609193,0.6672,0.015642889758609193,0.3328,0.01942009921292887,0.6477799007870712,0.6866200992129289
4,32,thermal,0.0,1.0,0.0,1.0,0.0,0.0,0.0,1.0,1.0
4,32,thermal,0.001,0.9970000000000001,0.001581138830084216,0.9970000000000001,0.001581138830084216,0.0029999999999998916,0.0019629284245738883,0.9950370715754262,0.998962928424574
4,32,thermal,0.002,0.9955999999999999,0.001341640786499893,0.9955999999999999,0.001341640786499893,0.0044000000000000705,0.0016656000000000236,0.9939343999999999,0.9972656
4,32,thermal,0.005,0.986,0.003999999999999992,0.986,0.003999999999999992,0.014000000000000012,0.004965859764431523,0.9810341402355685,0.9909658597644315
4,32,thermal,0.01,0.9718,0.0025884358211089296,0.9718,0.0025884358211089296,0.028200000000000003,0.0032134523242145323,0.9685865476757854,0.9750134523242145
4,32,thermal,0.02,0.953,0.003741657386773948,0.953,0.003741657386773948,0.04700000000000004,0.004645136467317196,0.9483548635326827,0.9576451364673172
4,32,thermal,0.05,0.892,0.0061644140029689905,0.892,0.006164414002969009,0.10799999999999998,0.007652903867160507,0.8843470961328395,0.8996529038671606
4,32,thermal,0.1,0.8048,0.01116691542011482,0.8048,0.011166915420114814,0.19520000000000004,0.013863333994389555,0.7909366660056104,0.8186633339943895
5,1,bit_flip,0.0,1.0,0.0,1.0,0.0,0.0,0.0,1.0,1.0
5,1,bit_flip,0.001,0.9890000000000001,0.002449489742783197,0.9890000000000001,0.002449489742783197,0.010999999999999899,0.0030409556392687054,0.9859590443607313,0.9920409556392689
5,1,bit_flip,0.002,0.9772000000000001,0.003271085446759244,0.9772000000000001,0.003271085446759244,0.02279999999999993,0.004060937901519819,0.9731390620984802,0.9812609379015199
5,1,bit_flip,0.005,0.9490000000000001,0.004743416490252556,0.9489999999999998,0.00474341649025256,0.050999999999999934,0.005888785273721551,0.9431112147262786,0.9548887852737216
5,1,bit_flip,0.01,0.9036,0.004774934554525307,0.9036,0.004774934554525307,0.09640000000000004,0.005927913845527757,0.8976720861544722,0.9095279138455277
5,1,bit_flip,0.02,0.8192,0.00960208310732621,0.8192,0.009602083107326161,0.18079999999999996,0.011920649539349732,0.8072793504606504,0.8311206495393497
5,1,bit_flip,0.05,0.5984,0.013520355024924451,0.5984,0.013520355024924454,0.40159999999999996,0.016785046754775504,0.5816149532452245,0.6151850467547756
5,1,bit_flip,0.1,0.3378,0.014515508947329394,0.3378,0.01451550894732938,0.6622,0.018020495460447237,0.31977950453955273,0.35582049546044725
5,1,depolarizing,0.0,1.0,0.0,1.0,0.0,0.0,0.0,1.0,1.0
5,1,depolarizing,0.001,0.9810000000000001,0.003937003937005888,0.9810000000000001,0.003937003937005888,0.018999999999999906,0.004887652360796519,0.9761123476392036,0.9858876523607966
5,1,depolarizing,0.002,0.9644,0.0020736441353327337,0.9644,0.0020736441353327337,0.035599999999999965,0.0025743564943495594,0.9618256435056505,0.9669743564943496
5,1,depolarizing,0.005,0.922,0.002345207879911711,0.922,0.002345207879911711,0.07799999999999996,0.0029114933625203356,0.9190885066374797,0.9249114933625204
5,1,depolarizing,0.01,0.8538,0.008983317872590265,0.8538,0.008983317872590232,0.1462,0.011152474193648667,0.8426475258063514,0.8649524741936486
5,1,depolarizing,0.02,0.7306,0.013126309458488352,0.7305999999999999,0.013126309458488368,0.2694,0.01629585299884609,0.714304147001154,0.7468958529988461
5,1,depolarizing,0.05,0.4446,0.016786899654194654,0.4446,0.016786899654194696,0.5554,0.02084034739057871,0.4237596526094213,0.4654403473905787
5,1,depolarizing,0.1,0.2124,0.011928956366757322,0.2124,0.011928956366757322,0.7876,0.014809381113334885,0.19759061888666513,0.22720938111333489
5,1,phase_flip,0.0,1.0,0.0,1.0,0.0,0.0,0.0,1.0,1.0
5,1,phase_flip,0.001,0.9696,0.0020736441353327423,0.9696,0.0020736441353327423,0.030399999999999983,0.00257435649434957,0.9670256435056505,0.9721743564943496
5,1,phase_flip,0.002,0.9474,0.004037325847637289,0.9474,0.004037325847637294,0.05259999999999998,0.005012198495670361,0.9423878015043297,0.9524121984956704
5,1,phase_flip,0.005,0.8782,0.008105553651663775,0.8782,0.008105553651663823,0.12180000000000002,0.010062760686809556,0.8681372393131904,0.8882627606868095
5,1,phase_flip,0.01,0.773,0.014474114826130141,0.773,0.014474114826130141,0.22699999999999998,0.017969106110210395,0.7550308938897896,0.7909691061102104
5,1,phase_flip,0.02,0.5974,0.013831124321616104,0.5974,0.013831124321616081,0.40259999999999996,0.017170855941390947,0.5802291440586091,0.6145708559413909
5,1,phase_flip,0.05,0.27640000000000003,0.008080841540334744,0.2764,0.008080841540334723,0.7236,0.010032081466973809,0.2663679185330262,0.28643208146697385
5,1,phase_flip,0.1,0.1016,0.009555103348473003,0.10159999999999998,0.009555103348473001,0.8984,0.011862325815791773,0.08973767418420822,0.11346232581579177
5,1,readout,0.0,1.0,0.0,1.0,0.0,0.0,0.0,1.0,1.0
5,1,readout,0.001,0.9952,0.0004472135954999821,0.9952,0.0004472135954999821,0.0048000000000000265,0.0005552000000000299,0.9946448,0.9957552
5,1,readout,0.002,0.9884000000000001,0.0020736441353327514,0.9884000000000001,0.0020736441353327514,0.011599999999999944,0.0025743564943495815,0.9858256435056505,0.9909743564943496
5,1,readout,0.005,0.9728,0.002774887385102358,0.9728,0.002774887385102358,0.027200000000000002,0.003444925404127107,0.9693550745958729,0.9762449254041271
5,1,readout,0.01,0.9478,0.009203260291874746,0.9478,0.009203260291874737,0.052200000000000024,0.011425524996252802,0.9363744750037472,0.9592255249962528
5,1,readout,0.02,0.9,0.008455767262643929,0.9,0.008455767262643929,0.09999999999999998,0.01049753860674021,0.8895024613932598,0.9104975386067402
5,1,readout,0.05,0.7762,0.01298845641329255,0.7762,0.012988456413292493,0.2238,0.016124713276210543,0.7600752867237894,0.7923247132762106
5,1,readout,0.1,0.5992,0.008983317872590347,0.5992,0.008983317872590353,0.40080000000000005,0.011152474193648768,0.5880475258063512,0.6103524741936487
5,1,thermal,0.0,1.0,0.0,1.0,0.0,0.0,0.0,1.0,1.0
5,1,thermal,0.001,1.0,0.0,1.0,0.0,0.0,0.0,1.0,1.0
5,1,thermal,0.002,0.9996,0.0005477225575052004,0.9996,0.0005477225575052004,0.00039999999999995595,0.0006799783525966527,0.9989200216474033,1.0
5,1,thermal,0.005,0.9994,0.0005477225575051843,0.9994,0.0005477225575051843,0.0006000000000000449,0.0006799783525966327,0.9987200216474034,1.0
5,1,thermal,0.01,0.9972,0.0013038404810405539,0.9972,0.0013038404810405539,0.0028000000000000247,0.001618672246009085,0.9955813277539909,0.9988186722460091
5,1,thermal,0.02,0.9958,0.0013038404810405213,0.9958,0.0013038404810405213,0.0041999999999999815,0.0016186722460090448,0.9941813277539909,0.9974186722460091
5,1,thermal,0.05,0.9898,0.002588435821108955,0.9898,0.002588435821108955,0.010199999999999987,0.0032134523242145644,0.9865865476757855,0.9930134523242146
5,1,thermal,0.1,0.9794,0.003361547262794309,0.9794,0.003361547262794309,0.02059999999999995,0.004173243074636303,0.9752267569253638,0.9835732430746363
5,2,bit_flip,0.0,1.0,0.0,1.0,0.0,0.0,0.0,1.0,1.0
5,2,bit_flip,0.001,0.9644,0.0020736441353327337,0.9644,0.0020736441353327337,0.035599999999999965,0.0025743564943495594,0.9618256435056505,0.9669743564943496
5,2,bit_flip,0.002,0.938,0.005567764362829955,0.938,0.005567764362829955,0.062000000000000055,0.006912184256803259,0.9310878157431967,0.9449121842568032
5,2,bit_flip,0.005,0.8586,0.00789303490426842,0.8586,0.007893034904268455,0.14139999999999997,0.00979892611259006,0.84880107388741,0.8683989261125901
5,2,bit_flip,0.01,0.7358,0.016238842323269224,0.7358,0.016238842323269224,0.2642,0.020159953428517625,0.7156400465714824,0.7559599534285176
5,2,bit_flip,0.02,0.54,0.012884098726725152,0.54,0.012884098726725133,0.45999999999999996,0.015995156867001994,0.524004843132998,0.5559951568670021
5,2,bit_flip,0.05,0.2222,0.01121160113453917,0.2222,0.01121160113453917,0.7778,0.013918809742215744,0.20828119025778427,0.23611880974221575
5,2,bit_flip,0.1,0.0746,0.011260550608207397,0.0746,0.011260550608207397,0.9254,0.013979578797660534,0.060620421202339465,0.08857957879766054
5,2,depolarizing,0.0,1.0,0.0,1.0,0.0,0.0,0.0,1.0,1.0
5,2,depolarizing,0.001,0.969,0.001870828693386965,0.969,0.001870828693386965,0.031000000000000028,0.002322568233658586,0.9666774317663414,0.9713225682336586
5,2,depolarizing,0.002,0.9453999999999999,0.004929503017546479,0.9453999999999999,0.00492950301754646,0.05460000000000009,0.006119805173369471,0.9392801948266304,0.9515198051733694
5,2,depolarizing,0.005,0.8752000000000001,0.008136338242723199,0.8751999999999999,0.008136338242723242,0.12479999999999991,0.010100978677336173,0.8650990213226639,0.8853009786773363
5,2,depolarizing,0.01,0.7666000000000001,0.014943225890014499,0.7666000000000001,0.014943225890014428,0.23339999999999994,0.018551491049508644,0.7480485089504915,0.7851514910495087
5,2,depolarizing,0.02,0.5862,0.012969194269498796,0.5862,0.012969194269498814,0.41379999999999995,0.01610080000000002,0.5700992,0.6023008000000001
5,2,depolarizing,0.05,0.26980000000000004,0.008105553651663776,0.2698,0.008105553651663804,0.7302,0.010062760686809558,0.2597372393131905,0.2798627606868096
5,2,depolarizing,0.1,0.0996,0.01083051245324985,0.09959999999999995,0.010830512453249884,0.9004,0.013445701504942018,0.08615429849505797,0.11304570150494202
5,2,phase_flip,0.0,1.0,0.0,1.0,0.0,0.0,0.0,1.0,1.0
5,2,phase_flip,0.001,0.9644,0.0020736441353327337,0.9644,0.0020736441353327337,0.035599999999999965,0.0025743564943495594,0.9618256435056505,0.9669743564943496
5,2,phase_flip,0.002,0.938,0.005567764362829955,0.938,0.005567764362829955,0.062000000000000055,0.006912184256803259,0.9310878157431967,0.9449121842568032
5,2,phase_flip,0.005,0.8586,0.00789303490426842,0.8586,0.007893034904268455,0.14139999999999997,0.00979892611259006,0.84880107388741,0.8683989261125901
5,2,phase_flip,0.01,0.7358,0.016238842323269224,0.7358,0.016238842323269224,0.2642,0.020159953428517625,0.7156400465714824,0.7559599534285176
5,2,phase_flip,0.02,0.54,0.012884098726725152,0.54,0.012884098726725133,0.45999999999999996,0.015995156867001994,0.524004843132998,0.5559951568670021
5,2,phase_flip,0.05,0.2222,0.01121160113453917,0.2222,0.01121160113453917,0.7778,0.013918809742215744,0.20828119025778427,0.23611880974221575
5,2,phase_flip,0.1,0.0746,0.011260550608207397,0.0746,0.011260550608207397,0.9254,0.013979578797660534,0.060620421202339465,0.08857957879766054
5,2,readout,0.0,1.0,0.0,1.0,0.0,0.0,0.0,1.0,1.0
5,2,readout,0.001,0.9952,0.0004472135954999821,0.9952,0.0004472135954999821,0.0048000000000000265,0.0005552000000000299,0.9946448,0.9957552
5,2,readout,0.002,0.9884000000000001,0.0020736441353327514,0.9884000000000001,0.0020736441353327514,0.011599999999999944,0.0025743564943495815,0.9858256435056505,0.9909743564943496
5,2,readout,0.005,0.9728,0.002774887385102358,0.9728,0.002774887385102358,0.027200000000000002,0.003444925404127107,0.9693550745958729,0.9762449254041271
5,2,readout,0.01,0.9478,0.009203260291874746,0.9478,0.009203260291874737,0.052200000000000024,0.011425524996252802,0.9363744750037472,0.9592255249962528
5,2,readout,0.02,0.9,0.008455767262643929,0.9,0.008455767262643929,0.09999999999999998,0.01049753860674021,0.8895024613932598,0.9104975386067402
5,2,readout,0.05,0.7762,0.01298845641329255,0.7762,0.012988456413292493,0.2238,0.016124713276210543,0.7600752867237894,0.7923247132762106
5,2,readout,0.1,0.5992,0.008983317872590347,0.5992,0.008983317872590353,0.40080000000000005,0.011152474193648768,0.5880475258063512,0.6103524741936487
5,2,thermal,0.0,1.0,0.0,1.0,0.0,0.0,0.0,1.0,1.0
5,2,thermal,0.001,1.0,0.0,1.0,0.0,0.0,0.0,1.0,1.0
5,2,thermal,0.002,0.9996,0.0005477225575052004,0.9996,0.0005477225575052004,0.00039999999999995595,0.0006799783525966527,0.9989200216474033,1.0
5,2,thermal,0.005,0.9987999999999999,0.0008366600265340829,0.9987999999999999,0.0008366600265340829,0.0012000000000000899,0.001038684090568455,0.9977613159094314,0.9998386840905684
5,2,thermal,0.01,0.9970000000000001,0.001581138830084216,0.9970000000000001,0.001581138830084216,0.0029999999999998916,0.0019629284245738883,0.9950370715754262,0.998962928424574
5,2,thermal,0.02,0.9955999999999999,0.001341640786499893,0.9955999999999999,0.001341640786499893,0.0044000000000000705,0.0016656000000000236,0.9939343999999999,0.9972656
5,2,thermal,0.05,0.9865999999999999,0.003646916505762113,0.9865999999999999,0.003646916505762113,0.013400000000000079,0.004527518985051328,0.9820724810149486,0.9911275189850512
5,2,thermal,0.1,0.9732,0.002774887385102339,0.9732,0.002774887385102339,0.026800000000000046,0.003444925404127083,0.9697550745958728,0.9766449254041271
5,4,bit_flip,0.0,1.0,0.0,1.0,0.0,0.0,0.0,1.0,1.0
5,4,bit_flip,0.001,0.9433999999999999,0.005319774431308113,0.9433999999999999,0.005319774431308113,0.056600000000000095,0.006604313451071148,0.9367956865489288,0.9500043134510711
5,4,bit_flip,0.002,0.8916000000000001,0.005941380311005223,0.8916000000000001,0.005941380311005189,0.10839999999999994,0.007376015357901634,0.8842239846420984,0.8989760153579017
5,4,bit_flip,0.005,0.756,0.015858751527153714,0.756,0.015858751527153724,0.244,0.019688084030702435,0.7363119159692976,0.7756880840307024
5,4,bit_flip,0.01,0.5662,0.013292855223765864,0.5662,0.01329285522376587,0.43379999999999996,0.016502613727528103,0.5496973862724719,0.5827026137275282
5,4,bit_flip,0.02,0.3196,0.013371611720357442,0.31959999999999994,0.013371611720357413,0.6804,0.016600387156931032,0.302999612843069,0.336200387156931
5,4,bit_flip,0.05,0.08380000000000001,0.012153188881935475,0.08379999999999996,0.012153188881935464,0.9162,0.015087757919585004,0.06871224208041501,0.09888775791958501
5,4,bit_flip,0.1,0.0356,0.007797435475847172,0.0356,0.007797435475847172,0.9644,0.009680242773815127,0.02591975722618487,0.04528024277381513
5,4,depolarizing,0.0,1.0,0.0,1.0,0.0,0.0,0.0,1.0,1.0
5,4,depolarizing,0.001,0.9501999999999999,0.004658325879540849,0.9501999999999999,0.00465832587954081,0.049800000000000066,0.005783148263705507,0.9444168517362944,0.9559831482637055
5,4,depolarizing,0.002,0.9074,0.0032093613071762644,0.9074,0.0032093613071762644,0.09260000000000002,0.0039843095462074995,0.9034156904537924,0.9113843095462075
5,4,depolarizing,0.005,0.7856,0.011991663771137013,0.7856,0.011991663771137064,0.21440000000000003,0.014887230157420146,0.7707127698425799,0.8004872301574201
5,4,depolarizing,0.01,0.6166,0.012915107432770379,0.6166,0.012915107432770391,0.38339999999999996,0.01603365308842626,0.6005663469115737,0.6326336530884263
5,4,depolarizing,0.02,0.3736,0.018915602025841003,0.3736,0.018915602025841007,0.6264000000000001,0.023483056755030856,0.3501169432449691,0.39708305675503086
5,4,depolarizing,0.05,0.11379999999999998,0.01008464178838296,0.11379999999999998,0.01008464178838296,0.8862,0.012519729223908947,0.10128027077609103,0.12631972922390894
5,4,depolarizing,0.1,0.0408,0.007726577508832743,0.0408,0.007726577508832743,0.9592,0.009592275091968536,0.03120772490803147,0.05039227509196854
5,4,phase_flip,0.0,1.0,0.0,1.0,0.0,0.0,0.0,1.0,1.0
5,4,phase_flip,0.001,0.9433999999999999,0.005319774431308113,0.9433999999999999,0.005319774431308113,0.056600000000000095,0.006604313451071148,0.9367956865489288,0.9500043134510711
5,4,phase_flip,0.002,0.8916000000000001,0.005941380311005223,0.8916000000000001,0.005941380311005189,0.10839999999999994,0.007376015357901634,0.8842239846420984,0.8989760153579017
5,4,phase_flip,0.005,0.756,0.015858751527153714,0.756,0.015858751527153724,0.244,0.019688084030702435,0.7363119159692976,0.7756880840307024
5,4,phase_flip,0.01,0.5662,0.013292855223765864,0.5662,0.01329285522376587,0.43379999999999996,0.016502613727528103,0.5496973862724719,0.5827026137275282
5,4,phase_flip,0.02,0.3196,0.013371611720357442,0.31959999999999994,0.013371611720357413,0.6804,0.016600387156931032,0.302999612843069,0.336200387156931
5,4,phase_flip,0.05,0.08380000000000001,0.012153188881935475,0.08379999999999996,0.012153188881935464,0.9162,0.015087757919585004,0.06871224208041501,0.09888775791958501
5,4,phase_flip,0.1,0.0356,0.007797435475847172,0.0356,0.007797435475847172,0.9644,0.009680242773815127,0.02591975722618487,0.04528024277381513
5,4,readout,0.0,1.0,0.0,1.0,0.0,0.0,0.0,1.0,1.0
5,4,readout,0.001,0.9952,0.0004472135954999821,0.9952,0.0004472135954999821,0.0048000000000000265,0.0005552000000000299,0.9946448,0.9957552
5,4,readout,0.002,0.9884000000000001,0.0020736441353327514,0.9884000000000001,0.0020736441353327514,0.011599999999999944,0.0025743564943495815,0.9858256435056505,0.9909743564943496
5,4,readout,0.005,0.9728,0.002774887385102358,0.9728,0.002774887385102358,0.027200000000000002,0.003444925404127107,0.9693550745958729,0.9762449254041271
5,4,readout,0.01,0.9478,0.009203260291874746,0.9478,0.009203260291874737,0.052200000000000024,0.011425524996252802,0.9363744750037472,0.9592255249962528
5,4,readout,0.02,0.9,0.008455767262643929,0.9,0.008455767262643929,0.09999999999999998,0.01049753860674021,0.8895024613932598,0.9104975386067402
5,4,readout,0.05,0.7762,0.01298845641329255,0.7762,0.012988456413292493,0.2238,0.016124713276210543,0.7600752867237894,0.7923247132762106
5,4,readout,0.1,0.5992,0.008983317872590347,0.5992,0.008983317872590353,0.40080000000000005,0.011152474193648768,0.5880475258063512,0.6103524741936487
5,4,thermal,0.0,1.0,0.0,1.0,0.0,0.0,0.0,1.0,1.0
5,4,thermal,0.001,0.9996,0.0005477225575052004,0.9996,0.0005477225575052004,0.00039999999999995595,0.0006799783525966527,0.9989200216474033,1.0
5,4,thermal,0.002,0.9996,0.0005477225575052004,0.9996,0.0005477225575052004,0.00039999999999995595,0.0006799783525966527,0.9989200216474033,1.0
5,4,thermal,0.005,0.9972,0.0013038404810405539,0.9972,0.0013038404810405539,0.0028000000000000247,0.001618672246009085,0.9955813277539909,0.9988186722460091
5,4,thermal,0.01,0.9955999999999999,0.001341640786499893,0.9955999999999999,0.001341640786499893,0.0044000000000000705,0.0016656000000000236,0.9939343999999999,0.9972656
5,4,thermal,0.02,0.991,0.0028284271247462074,0.991,0.0028284271247462074,0.009000000000000008,0.0035113931138509896,0.987488606886149,0.994511393113851
5,4,thermal,0.05,0.977,0.003082207001484503,0.977,0.003082207001484503,0.02300000000000002,0.0038264519335802633,0.9731735480664198,0.9808264519335802
5,4,thermal,0.1,0.9574,0.002408318915758435,0.9574,0.0024083189157585033,0.04259999999999997,0.0029898435009210462,0.954410156499079,0.960389843500921
5,8,bit_flip,0.0,1.0,0.0,1.0,0.0,0.0,0.0,1.0,1.0
5,8,bit_flip,0.001,0.8964000000000001,0.005458937625582499,0.8964000000000001,0.005458937625582462,0.10359999999999991,0.006777079677855384,0.8896229203221447,0.9031770796778554
5,8,bit_flip,0.002,0.8084,0.012581732790041274,0.8084,0.012581732790041282,0.1916,0.01561978015722371,0.7927802198427762,0.8240197801572238
5,8,bit_flip,0.005,0.5818,0.012194260945215134,0.5818,0.012194260945215134,0.4182,0.015138747446205664,0.5666612525537943,0.5969387474462057
5,8,bit_flip,0.01,0.3346,0.01392120684423587,0.33459999999999995,0.013921206844235864,0.6654,0.017282690235029947,0.3173173097649701,0.35188269023502994
5,8,bit_flip,0.02,0.1332,0.007758865896508337,0.1332,0.007758865896508337,0.8668,0.009632359993272685,0.12356764000672733,0.1428323599932727
5,8,bit_flip,0.05,0.0366,0.008173126696681016,0.03659999999999998,0.00817312669668101,0.9634,0.010146650253162364,0.026453349746837634,0.04674665025316237
5,8,bit_flip,0.1,0.0312,0.006340346993658943,0.0312,0.006340346993658943,0.9688,0.007871318507086342,0.023328681492913658,0.03907131850708634
5,8,depolarizing,0.0,1.0,0.0,1.0,0.0,0.0,0.0,1.0,1.0
5,8,depolarizing,0.001,0.9114000000000001,0.0028809720581775638,0.9114000000000001,0.0028809720581775638,0.0885999999999999,0.0035766258065388656,0.9078233741934613,0.9149766258065389
5,8,depolarizing,0.002,0.835,0.009380831519646861,0.835,0.009380831519646861,0.16500000000000004,0.011645973450081365,0.8233540265499186,0.8466459734500813
5,8,depolarizing,0.005,0.6326,0.012895735729302131,0.6326,0.012895735729302143,0.36739999999999995,0.016009603797720894,0.6165903962022792,0.6486096037977209
5,8,depolarizing,0.01,0.391,0.017378147196982784,0.391,0.017378147196982784,0.609,0.021574360486466358,0.36942563951353363,0.4125743604864664
5,8,depolarizing,0.02,0.1696,0.011148990985734986,0.1696,0.011148990985734986,0.8304,0.013841081437517805,0.1557589185624822,0.1834410814375178
5,8,depolarizing,0.05,0.0432,0.008438009243891592,0.04319999999999996,0.008438009243891608,0.9568,0.01047549264903565,0.032724507350964355,0.05367549264903565
5,8,depolarizing,0.1,0.0316,0.006542170893518451,0.0316,0.006542170893518451,0.9684,0.00812187580303959,0.023478124196960413,0.0397218758030396
5,8,phase_flip,0.0,1.0,0.0,1.0,0.0,0.0,0.0,1.0,1.0
5,8,phase_flip,0.001,0.8964000000000001,0.005458937625582499,0.8964000000000001,0.005458937625582462,0.10359999999999991,0.006777079677855384,0.8896229203221447,0.9031770796778554
5,8,phase_flip,0.002,0.8084,0.012581732790041274,0.8084,0.012581732790041282,0.1916,0.01561978015722371,0.7927802198427762,0.8240197801572238
5,8,phase_flip,0.005,0.5818,0.012194260945215134,0.5818,0.012194260945215134,0.4182,0.015138747446205664,0.5666612525537943,0.5969387474462057
5,8,phase_flip,0.01,0.3346,0.01392120684423587,0.33459999999999995,0.013921206844235864,0.6654,0.017282690235029947,0.3173173097649701,0.35188269023502994
5,8,phase_flip,0.02,0.1332,0.007758865896508337,0.1332,0.007758865896508337,0.8668,0.009632359993272685,0.12356764000672733,0.1428323599932727
5,8,phase_flip,0.05,0.0366,0.008173126696681016,0.03659999999999998,0.00817312669668101,0.9634,0.010146650253162364,0.026453349746837634,0.04674665025316237
5,8,phase_flip,0.1,0.0312,0.006340346993658943,0.0312,0.006340346993658943,0.9688,0.007871318507086342,0.023328681492913658,0.03907131850708634
5,8,readout,0.0,1.0,0.0,1.0,0.0,0.0,0.0,1.0,1.0
5,8,readout,0.001,0.9952,0.0004472135954999821,0.9952,0.0004472135954999821,0.0048000000000000265,0.0005552000000000299,0.9946448,0.9957552
5,8,readout,0.002,0.9884000000000001,0.0020736441353327514,0.9884000000000001,0.0020736441353327514,0.011599999999999944,0.0025743564943495815,0.9858256435056505,0.9909743564943496
5,8,readout,0.005,0.9728,0.002774887385102358,0.9728,0.002774887385102358,0.027200000000000002,0.003444925404127107,0.9693550745958729,0.9762449254041271
5,8,readout,0.01,0.9478,0.009203260291874746,0.9478,0.009203260291874737,0.052200000000000024,0.011425524996252802,0.9363744750037472,0.9592255249962528
5,8,readout,0.02,0.9,0.008455767262643929,0.9,0.008455767262643929,0.09999999999999998,0.01049753860674021,0.8895024613932598,0.9104975386067402
5,8,readout,0.05,0.7762,0.01298845641329255,0.7762,0.012988456413292493,0.2238,0.016124713276210543,0.7600752867237894,0.7923247132762106
5,8,readout,0.1,0.5992,0.008983317872590347,0.5992,0.008983317872590353,0.40080000000000005,0.011152474193648768,0.5880475258063512,0.6103524741936487
5,8,thermal,0.0,1.0,0.0,1.0,0.0,0.0,0.0,1.0,1.0
5,8,thermal,0.001,0.9996,0.0005477225575052004,0.9996,0.0005477225575052004,0.00039999999999995595,0.0006799783525966527,0.9989200216474033,1.0
5,8,thermal,0.002,0.9984,0.0008944271909999234,0.9984,0.0008944271909999234,0.0016000000000000458,0.0011104000000000092,0.9972896,0.9995103999999999
5,8,thermal,0.005,0.9958,0.0013038404810405213,0.9958,0.0013038404810405213,0.0041999999999999815,0.0016186722460090448,0.9941813277539909,0.9974186722460091
5,8,thermal,0.01,0.9916,0.002190890230020659,0.9916,0.002190890230020659,0.008399999999999963,0.0027199134103864336,0.9888800865896136,0.9943199134103865
5,8,thermal,0.02,0.9818,0.0030331501776206192,0.9818,0.0030331501776206192,0.018199999999999994,0.003765549606631147,0.9780344503933689,0.9855655496066311
5,8,thermal,0.05,0.9581999999999999,0.0021679483388679166,0.9581999999999999,0.002167948338867926,0.04180000000000006,0.002691431856837591,0.9555085681431623,0.9608914318568376
5,8,thermal,0.1,0.925,0.001870828693386979,0.925,0.001870828693386979,0.07499999999999996,0.002322568233658604,0.9226774317663414,0.9273225682336587
5,16,bit_flip,0.0,1.0,0.0,1.0,0.0,0.0,0.0,1.0,1.0
5,16,bit_flip,0.001,0.8109999999999999,0.012349089035228463,0.8109999999999999,0.012349089035228479,0.18900000000000006,0.015330961091855909,0.795669038908144,0.8263309610918559
5,16,bit_flip,0.002,0.6544000000000001,0.015469324484281793,0.6544000000000001,0.01546932448428184,0.3455999999999999,0.01920462400985763,0.6351953759901424,0.6736046240098578
5,16,bit_flip,0.005,0.3418,0.01420211251891773,0.3418,0.014202112518917736,0.6582,0.01763142478190573,0.3241685752180943,0.3594314247819057
5,16,bit_flip,0.01,0.13940000000000002,0.005770615218501395,0.13939999999999997,0.005770615218501404,0.8606,0.007164016482393089,0.13223598351760693,0.14656401648239312
5,16,bit_flip,0.02,0.0468,0.008729261137118078,0.04679999999999997,0.008729261137118057,0.9532,0.010837071663507628,0.035962928336492374,0.05763707166350763
5,16,bit_flip,0.05,0.0312,0.006340346993658943,0.0312,0.006340346993658943,0.9688,0.007871318507086342,0.023328681492913658,0.03907131850708634
5,16,bit_flip,0.1,0.0312,0.006340346993658943,0.0312,0.006340346993658943,0.9688,0.007871318507086342,0.023328681492913658,0.03907131850708634
5,16,depolarizing,0.0,1.0,0.0,1.0,0.0,0.0,0.0,1.0,1.0
5,16,depolarizing,0.001,0.8382,0.009284395510748127,0.8382,0.009284395510748162,0.16180000000000005,0.011526251525973218,0.8266737484740267,0.8497262515259731
5,16,depolarizing,0.002,0.701,0.013247641299491719,0.701,0.013247641299491778,0.29900000000000004,0.01644648222569185,0.6845535177743081,0.7174464822256919
5,16,depolarizing,0.005,0.4008,0.017355114519933306,0.4008,0.017355114519933247,0.5992,0.021545766225409567,0.37925423377459044,0.42234576622540954
5,16,depolarizing,0.01,0.1766,0.011970797801316336,0.17659999999999998,0.011970797801316296,0.8234,0.014861325787425562,0.16173867421257446,0.19146132578742556
5,16,depolarizing,0.02,0.060399999999999995,0.010478549517943785,0.060399999999999995,0.010478549517943785,0.9396,0.013008751860190118,0.047391248139809876,0.07340875186019011
5,16,depolarizing,0.05,0.0318,0.006760177512462228,0.0318,0.006760177512462228,0.9682,0.008392523377387755,0.023407476622612246,0.040192523377387754
5,16,depolarizing,0.1,0.0312,0.006340346993658943,0.0312,0.006340346993658943,0.9688,0.007871318507086342,0.023328681492913658,0.03907131850708634
5,16,phase_flip,0.0,1.0,0.0,1.0,0.0,0.0,0.0,1.0,1.0
5,16,phase_flip,0.001,0.8109999999999999,0.012349089035228463,0.8109999999999999,0.012349089035228479,0.18900000000000006,0.015330961091855909,0.795669038908144,0.8263309610918559
5,16,phase_flip,0.002,0.6544000000000001,0.015469324484281793,0.6544000000000001,0.01546932448428184,0.3455999999999999,0.01920462400985763,0.6351953759901424,0.6736046240098578
5,16,phase_flip,0.005,0.3418,0.01420211251891773,0.3418,0.014202112518917736,0.6582,0.01763142478190573,0.3241685752180943,0.3594314247819057
5,16,phase_flip,0.01,0.13940000000000002,0.005770615218501395,0.13939999999999997,0.005770615218501404,0.8606,0.007164016482393089,0.13223598351760693,0.14656401648239312
5,16,phase_flip,0.02,0.0468,0.008729261137118078,0.04679999999999997,0.008729261137118057,0.9532,0.010837071663507628,0.035962928336492374,0.05763707166350763
5,16,phase_flip,0.05,0.0312,0.006340346993658943,0.0312,0.006340346993658943,0.9688,0.007871318507086342,0.023328681492913658,0.03907131850708634
5,16,phase_flip,0.1,0.0312,0.006340346993658943,0.0312,0.006340346993658943,0.9688,0.007871318507086342,0.023328681492913658,0.03907131850708634
5,16,readout,0.0,1.0,0.0,1.0,0.0,0.0,0.0,1.0,1.0
5,16,readout,0.001,0.9952,0.0004472135954999821,0.9952,0.0004472135954999821,0.0048000000000000265,0.0005552000000000299,0.9946448,0.9957552
5,16,readout,0.002,0.9884000000000001,0.0020736441353327514,0.9884000000000001,0.0020736441353327514,0.011599999999999944,0.0025743564943495815,0.9858256435056505,0.9909743564943496
5,16,readout,0.005,0.9728,0.002774887385102358,0.9728,0.002774887385102358,0.027200000000000002,0.003444925404127107,0.9693550745958729,0.9762449254041271
5,16,readout,0.01,0.9478,0.009203260291874746,0.9478,0.009203260291874737,0.052200000000000024,0.011425524996252802,0.9363744750037472,0.9592255249962528
5,16,readout,0.02,0.9,0.008455767262643929,0.9,0.008455767262643929,0.09999999999999998,0.01049753860674021,0.8895024613932598,0.9104975386067402
5,16,readout,0.05,0.7762,0.01298845641329255,0.7762,0.012988456413292493,0.2238,0.016124713276210543,0.7600752867237894,0.7923247132762106
5,16,readout,0.1,0.5992,0.008983317872590347,0.5992,0.008983317872590353,0.40080000000000005,0.011152474193648768,0.5880475258063512,0.6103524741936487
5,16,thermal,0.0,1.0,0.0,1.0,0.0,0.0,0.0,1.0,1.0
5,16,thermal,0.001,0.9986,0.0005477225575051543,0.9986,0.0005477225575051543,0.0013999999999999568,0.0006799783525965955,0.9979200216474035,0.9992799783525966
5,16,thermal,0.002,0.9965999999999999,0.0011401754250991451,0.9965999999999999,0.0011401754250991451,0.0034000000000000696,0.0014154878169733657,0.9951845121830266,0.9980154878169732
5,16,thermal,0.005,0.9917999999999999,0.002489979919597756,0.9917999999999999,0.002489979919597756,0.008200000000000096,0.003091222774243239,0.9887087772257567,0.9948912227742431
5,16,thermal,0.01,0.9822,0.0029495762407505334,0.9822,0.0029495762407505334,0.017800000000000038,0.0036617954940165727,0.9785382045059834,0.9858617954940165
5,16,thermal,0.02,0.9652,0.0016431676725155169,0.9652,0.0016431676725155169,0.03480000000000005,0.0020399350577898533,0.9631600649422101,0.9672399350577898
5,16,thermal,0.05,0.9262,0.0021679483388678637,0.9262,0.0021679483388678637,0.07379999999999998,0.002691431856837525,0.9235085681431625,0.9288914318568375
5,16,thermal,0.1,0.8638,0.009093954035511742,0.8638,0.009093954035511815,0.1362,0.011289825111134381,0.8525101748888656,0.8750898251111344
5,32,bit_flip,0.0,1.0,0.0,1.0,0.0,0.0,0.0,1.0,1.0
5,32,bit_flip,0.001,0.6576000000000001,0.015126136320951257,0.6576000000000001,0.015126136320951231,0.3423999999999999,0.018778567936879563,0.6388214320631205,0.6763785679368797
5,32,bit_flip,0.002,0.4264,0.019806564568344523,0.4264,0.019806564568344523,0.5736,0.024589155515389316,0.4018108444846107,0.4509891555153893
5,32,bit_flip,0.005,0.1426,0.006268971207462981,0.1426,0.006268971207462981,0.8573999999999999,0.007782707970880045,0.13481729202911996,0.15038270797088005
5,32,bit_flip,0.01,0.048,0.00989949493661166,0.04799999999999996,0.009899494936611644,0.952,0.01228987589847838,0.03571012410152162,0.06028987589847838
5,32,bit_flip,0.02,0.032,0.007,0.03199999999999999,0.006999999999999977,0.968,0.008690254587755181,0.02330974541224482,0.04069025458775518
5,32,bit_flip,0.05,0.0312,0.006340346993658943,0.0312,0.006340346993658943,0.9688,0.007871318507086342,0.023328681492913658,0.03907131850708634
5,32,bit_flip,0.1,0.0312,0.006340346993658943,0.0312,0.006340346993658943,0.9688,0.007871318507086342,0.023328681492913658,0.03907131850708634
5,32,depolarizing,0.0,1.0,0.0,1.0,0.0,0.0,0.0,1.0,1.0
5,32,depolarizing,0.001,0.7045999999999999,0.013446189051177216,0.7045999999999999,0.013446189051177216,0.2954000000000001,0.016692972298545182,0.6879070277014547,0.721292972298545
5,32,depolarizing,0.002,0.4958,0.011691877522451228,0.4958,0.011691877522451237,0.5042,0.014515056039850496,0.48128494396014954,0.5103150560398505
5,32,depolarizing,0.005,0.1812,0.013479614237803693,0.18119999999999994,0.01347961423780369,0.8188,0.016734468495891944,0.16446553150410806,0.19793446849589194
5,32,depolarizing,0.01,0.062,0.010319883720275145,0.061999999999999965,0.010319883720275175,0.938,0.012811773835031586,0.049188226164968415,0.07481177383503158
5,32,depolarizing,0.02,0.0332,0.006906518659932804,0.0332,0.006906518659932804,0.9668,0.008574200781413974,0.024625799218586028,0.04177420078141397
5,32,depolarizing,0.05,0.0312,0.006340346993658943,0.0312,0.006340346993658943,0.9688,0.007871318507086342,0.023328681492913658,0.03907131850708634
5,32,depolarizing,0.1,0.0312,0.006340346993658943,0.0312,0.006340346993658943,0.9688,0.007871318507086342,0.023328681492913658,0.03907131850708634
5,32,phase_flip,0.0,1.0,0.0,1.0,0.0,0.0,0.0,1.0,1.0
5,32,phase_flip,0.001,0.6576000000000001,0.015126136320951257,0.6576000000000001,0.015126136320951231,0.3423999999999999,0.018778567936879563,0.6388214320631205,0.6763785679368797
5,32,phase_flip,0.002,0.4264,0.019806564568344523,0.4264,0.019806564568344523,0.5736,0.024589155515389316,0.4018108444846107,0.4509891555153893
5,32,phase_flip,0.005,0.1426,0.006268971207462981,0.1426,0.006268971207462981,0.8573999999999999,0.007782707970880045,0.13481729202911996,0.15038270797088005
5,32,phase_flip,0.01,0.048,0.00989949493661166,0.04799999999999996,0.009899494936611644,0.952,0.01228987589847838,0.03571012410152162,0.06028987589847838
5,32,phase_flip,0.02,0.032,0.007,0.03199999999999999,0.006999999999999977,0.968,0.008690254587755181,0.02330974541224482,0.04069025458775518
5,32,phase_flip,0.05,0.0312,0.006340346993658943,0.0312,0.006340346993658943,0.9688,0.007871318507086342,0.023328681492913658,0.03907131850708634
5,32,phase_flip,0.1,0.0312,0.006340346993658943,0.0312,0.006340346993658943,0.9688,0.007871318507086342,0.023328681492913658,0.03907131850708634
5,32,readout,0.0,1.0,0.0,1.0,0.0,0.0,0.0,1.0,1.0
5,32,readout,0.001,0.9952,0.0004472135954999821,0.9952,0.0004472135954999821,0.0048000000000000265,0.0005552000000000299,0.9946448,0.9957552
5,32,readout,0.002,0.9884000000000001,0.0020736441353327514,0.9884000000000001,0.0020736441353327514,0.011599999999999944,0.0025743564943495815,0.9858256435056505,0.9909743564943496
5,32,readout,0.005,0.9728,0.002774887385102358,0.9728,0.002774887385102358,0.027200000000000002,0.003444925404127107,0.9693550745958729,0.9762449254041271
5,32,readout,0.01,0.9478,0.009203260291874746,0.9478,0.009203260291874737,0.052200000000000024,0.011425524996252802,0.9363744750037472,0.9592255249962528
5,32,readout,0.02,0.9,0.008455767262643929,0.9,0.008455767262643929,0.09999999999999998,0.01049753860674021,0.8895024613932598,0.9104975386067402
5,32,readout,0.05,0.7762,0.01298845641329255,0.7762,0.012988456413292493,0.2238,0.016124713276210543,0.7600752867237894,0.7923247132762106
5,32,readout,0.1,0.5992,0.008983317872590347,0.5992,0.008983317872590353,0.40080000000000005,0.011152474193648768,0.5880475258063512,0.6103524741936487
5,32,thermal,0.0,1.0,0.0,1.0,0.0,0.0,0.0,1.0,1.0
5,32,thermal,0.001,0.9965999999999999,0.0011401754250991451,0.9965999999999999,0.0011401754250991451,0.0034000000000000696,0.0014154878169733657,0.9951845121830266,0.9980154878169732
5,32,thermal,0.002,0.9945999999999999,0.001341640786499824,0.9945999999999999,0.001341640786499824,0.005400000000000071,0.0016655999999999381,0.9929344,0.9962655999999999
5,32,thermal,0.005,0.9823999999999999,0.0031304951684997116,0.9823999999999999,0.0031304951684997116,0.01760000000000006,0.003886400000000007,0.9785136,0.9862863999999999
5,32,thermal,0.01,0.9662,0.001483239697419098,0.9662,0.001483239697419098,0.03380000000000005,0.001841390083605275,0.9643586099163947,0.9680413900836052
5,32,thermal,0.02,0.9404,0.004277849927241452,0.9404,0.004277849927241431,0.059599999999999986,0.005310800707991172,0.9350891992920088,0.9457108007079912
5,32,thermal,0.05,0.8646,0.009289779329994929,0.8646,0.009289779329994915,0.13539999999999996,0.011532935348817382,0.8530670646511826,0.8761329353488174
5,32,thermal,0.1,0.7514000000000001,0.01762952069683125,0.7514,0.017629520696831217,0.24859999999999993,0.021886431873651815,0.7295135681263483,0.7732864318736519
6,1,bit_flip,0.0,1.0,0.0,1.0,0.0,0.0,0.0,1.0,1.0
6,1,bit_flip,0.001,0.9853999999999999,0.003847076812334271,0.9853999999999999,0.003847076812334271,0.014600000000000057,0.004776010988262068,0.9806239890117379,0.990176010988262
6,1,bit_flip,0.002,0.9708,0.0021679483388679062,0.9708,0.0021679483388679062,0.029200000000000004,0.002691431856837578,0.9681085681431624,0.9734914318568376
6,1,bit_flip,0.005,0.9398,0.004969909455915654,0.9398,0.004969909455915553,0.06020000000000003,0.006169968349999839,0.9336300316500001,0.9459699683499998
6,1,bit_flip,0.01,0.8852,0.008288546314040869,0.8852,0.008288546314040803,0.11480000000000001,0.010289939661630708,0.8749100603383693,0.8954899396616307
6,1,bit_flip,0.02,0.7866000000000001,0.012361229712289942,0.7866,0.012361229712290013,0.21339999999999992,0.015346033316789048,0.771253966683211,0.8019460333167892
6,1,bit_flip,0.05,0.5382,0.012275992831539136,0.5382,0.012275992831539097,0.4618,0.01524021471764753,0.5229597852823524,0.5534402147176476
6,1,bit_flip,0.1,0.274,0.00787400787401182,0.27399999999999997,0.007874007874011815,0.726,0.009775304721593093,0.2642246952784069,0.2837753047215931
6,1,depolarizing,0.0,1.0,0.0,1.0,0.0,0.0,0.0,1.0,1.0
6,1,depolarizing,0.001,0.9782,0.0033466401061362826,0.9782,0.0033466401061362826,0.02180000000000004,0.00415473636227376,0.9740452636377261,0.9823547363622738
6,1,depolarizing,0.002,0.9581999999999999,0.0021679483388679166,0.9581999999999999,0.002167948338867926,0.04180000000000006,0.002691431856837591,0.9555085681431623,0.9608914318568376
6,1,depolarizing,0.005,0.9076000000000001,0.002880972058177602,0.9076000000000001,0.002880972058177602,0.09239999999999993,0.0035766258065389137,0.9040233741934611,0.911176625806539
6,1,depolarizing,0.01,0.8256,0.009370165420097967,0.8256,0.009370165420097954,0.1744,0.011632731861433045,0.8139672681385669,0.8372327318614331
6,1,depolarizing,0.02,0.6776,0.013649175799292791,0.6776000000000001,0.013649175799292741,0.3224,0.016944973229840166,0.6606550267701599,0.6945449732298401
6,1,depolarizing,0.05,0.371,0.018384776310850257,0.371,0.018384776310850243,0.629,0.02282405524003132,0.34817594475996866,0.39382405524003133
6,1,depolarizing,0.1,0.1532,0.005761944116355176,0.1532,0.005761944116355176,0.8468,0.007153251613077792,0.14604674838692222,0.16035325161307779
6,1,phase_flip,0.0,1.0,0.0,1.0,0.0,0.0,0.0,1.0,1.0
6,1,phase_flip,0.001,0.9644,0.0020736441353327337,0.9644,0.0020736441353327337,0.035599999999999965,0.0025743564943495594,0.9618256435056505,0.9669743564943496
6,1,phase_flip,0.002,0.9358000000000001,0.005019960159204408,0.9358000000000001,0.005019960159204408,0.06419999999999992,0.00623210454341062,0.9295678954565895,0.9420321045434107
6,1,phase_flip,0.005,0.8535999999999999,0.008590692637965826,0.8535999999999999,0.008590692637965804,0.14640000000000009,0.01066504372986817,0.8429349562701317,0.8642650437298681
6,1,phase_flip,0.01,0.729,0.01300000000000001,0.729,0.01300000000000001,0.271,0.016139044234402492,0.7128609557655975,0.7451390442344025
6,1,phase_flip,0.02,0.5286000000000001,0.012778888840583914,0.5286000000000001,0.012778888840583903,0.47139999999999993,0.015864542481899693,0.5127354575181003,0.5444645424818998
6,1,phase_flip,0.05,0.2052,0.012755391017134677,0.2052,0.012755391017134677,0.7948,0.015835370757895123,0.18936462924210487,0.22103537075789512
6,1,phase_flip,0.1,0.0622,0.01032956920689338,0.06219999999999994,0.010329569206893409,0.9378,0.012823798027105692,0.04937620197289431,0.0750237980271057
6,1,readout,0.0,1.0,0.0,1.0,0.0,0.0,0.0,1.0,1.0
6,1,readout,0.001,0.994,0.0015811388300841912,0.994,0.0015811388300841912,0.006000000000000005,0.001962928424573858,0.9920370715754261,0.9959629284245739
6,1,readout,0.002,0.9862,0.0022803508501982855,0.9862,0.0022803508501982855,0.013800000000000034,0.0028309756339467257,0.9833690243660532,0.9890309756339467
6,1,readout,0.005,0.9655999999999999,0.004098780306383866,0.9655999999999999,0.004098780306383866,0.0344000000000001,0.005088492051678998,0.9605115079483209,0.970688492051679
6,1,readout,0.01,0.9356,0.008905054744357243,0.9356,0.008905054744357243,0.06440000000000001,0.01105531326376594,0.924544686736234,0.946655313263766
6,1,readout,0.02,0.8824,0.005504543577809151,0.8824,0.005504543577809131,0.11760000000000004,0.006833697868650614,0.8755663021313493,0.8892336978686506
6,1,readout,0.05,0.7356,0.01184483009586882,0.7356,0.011844830095868866,0.26439999999999997,0.014704941297400666,0.7208950587025994,0.7503049412974007
6,1,readout,0.1,0.5428,0.015865055940651417,0.5428,0.0158650559406514,0.45720000000000005,0.01969591073903408,0.5231040892609659,0.562495910739034
6,1,thermal,0.0,1.0,0.0,1.0,0.0,0.0,0.0,1.0,1.0
6,1,thermal,0.001,1.0,0.0,1.0,0.0,0.0,0.0,1.0,1.0
6,1,thermal,0.002,0.9996,0.0005477225575052004,0.9996,0.0005477225575052004,0.00039999999999995595,0.0006799783525966527,0.9989200216474033,1.0
6,1,thermal,0.005,0.9987999999999999,0.0008366600265340829,0.9987999999999999,0.0008366600265340829,0.0012000000000000899,0.001038684090568455,0.9977613159094314,0.9998386840905684
6,1,thermal,0.01,0.9970000000000001,0.001581138830084216,0.9970000000000001,0.001581138830084216,0.0029999999999998916,0.0019629284245738883,0.9950370715754262,0.998962928424574
6,1,thermal,0.02,0.9955999999999999,0.001341640786499893,0.9955999999999999,0.001341640786499893,0.0044000000000000705,0.0016656000000000236,0.9939343999999999,0.9972656
6,1,thermal,0.05,0.986,0.003999999999999992,0.986,0.003999999999999992,0.014000000000000012,0.004965859764431523,0.9810341402355685,0.9909658597644315
6,1,thermal,0.1,0.9718,0.0025884358211089296,0.9718,0.0025884358211089296,0.028200000000000003,0.0032134523242145323,0.9685865476757854,0.9750134523242145
6,2,bit_flip,0.0,1.0,0.0,1.0,0.0,0.0,0.0,1.0,1.0
6,2,bit_flip,0.001,0.9587999999999999,0.001788854381999793,0.9587999999999999,0.001788854381999793,0.041200000000000125,0.0022207999999999516,0.9565792,0.9610207999999998
6,2,bit_flip,0.002,0.9262,0.0021679483388678637,0.9262,0.0021679483388678637,0.07379999999999998,0.002691431856837525,0.9235085681431625,0.9288914318568375
6,2,bit_flip,0.005,0.8299999999999998,0.00833666600026654,0.8299999999999998,0.008336666000266463,0.17000000000000015,0.010349678565056992,0.8196503214349429,0.8403496785650568
6,2,bit_flip,0.01,0.6868000000000001,0.011819475453673869,0.6868000000000001,0.011819475453673943,0.3131999999999999,0.0146734643980213,0.6721265356019788,0.7014734643980214
6,2,bit_flip,0.02,0.46180000000000004,0.013461054936371068,0.46180000000000004,0.01346105493637106,0.5382,0.016711427773831885,0.44508857222616816,0.47851142777383193
6,2,bit_flip,0.05,0.1578,0.00825832912882504,0.1578,0.00825832912882504,0.8422000000000001,0.010252426085566294,0.1475475739144337,0.16805242608556628
6,2,bit_flip,0.1,0.0434,0.008619744775803979,0.04339999999999994,0.008619744775803972,0.9566,0.01070111094045847,0.03269888905954153,0.05410111094045847
6,2,depolarizing,0.0,1.0,0.0,1.0,0.0,0.0,0.0,1.0,1.0
6,2,depolarizing,0.001,0.9634,0.0019493588689617851,0.9634,0.0019493588689617851,0.036599999999999966,0.002420060693453772,0.9609799393065462,0.9658200606934538
6,2,depolarizing,0.002,0.9348000000000001,0.004266145801540292,0.9348000000000001,0.00426614580154025,0.06519999999999992,0.005296270446266862,0.9295037295537332,0.940096270446267
6,2,depolarizing,0.005,0.8501999999999998,0.009364827814754529,0.8502000000000001,0.009364827814754487,0.14980000000000016,0.011626105411529697,0.8385738945884702,0.8618261054115295
6,2,depolarizing,0.01,0.7226,0.012895735729302188,0.7226,0.012895735729302188,0.2774,0.016009603797720963,0.706590396202279,0.738609603797721
6,2,depolarizing,0.02,0.5198,0.012833549781724471,0.5198,0.012833549781724502,0.48019999999999996,0.015932402123973656,0.5038675978760264,0.5357324021239737
6,2,depolarizing,0.05,0.1984,0.012934450123604021,0.19839999999999997,0.012934450123604039,0.8016,0.016057666360962917,0.18234233363903707,0.21445766636096292
6,2,depolarizing,0.1,0.061,0.010723805294763607,0.061,0.010723805294763607,0.9390000000000001,0.013313228308716106,0.047686771691283894,0.0743132283087161
6,2,phase_flip,0.0,1.0,0.0,1.0,0.0,0.0,0.0,1.0,1.0
6,2,phase_flip,0.001,0.9587999999999999,0.001788854381999793,0.9587999999999999,0.001788854381999793,0.041200000000000125,0.0022207999999999516,0.9565792,0.9610207999999998
6,2,phase_flip,0.002,0.9262,0.0021679483388678637,0.9262,0.0021679483388678637,0.07379999999999998,0.002691431856837525,0.9235085681431625,0.9288914318568375
6,2,phase_flip,0.005,0.8299999999999998,0.00833666600026654,0.8299999999999998,0.008336666000266463,0.17000000000000015,0.010349678565056992,0.8196503214349429,0.8403496785650568
6,2,phase_flip,0.01,0.6868000000000001,0.011819475453673869,0.6868000000000001,0.011819475453673943,0.3131999999999999,0.0146734643980213,0.6721265356019788,0.7014734643980214
6,2,phase_flip,0.02,0.46180000000000004,0.013461054936371068,0.46180000000000004,0.01346105493637106,0.5382,0.016711427773831885,0.44508857222616816,0.47851142777383193
6,2,phase_flip,0.05,0.1578,0.00825832912882504,0.1578,0.00825832912882504,0.8422000000000001,0.010252426085566294,0.1475475739144337,0.16805242608556628
6,2,phase_flip,0.1,0.0434,0.008619744775803979,0.04339999999999994,0.008619744775803972,0.9566,0.01070111094045847,0.03269888905954153,0.05410111094045847
6,2,readout,0.0,1.0,0.0,1.0,0.0,0.0,0.0,1.0,1.0
6,2,readout,0.001,0.994,0.0015811388300841912,0.994,0.0015811388300841912,0.006000000000000005,0.001962928424573858,0.9920370715754261,0.9959629284245739
6,2,readout,0.002,0.9862,0.0022803508501982855,0.9862,0.0022803508501982855,0.013800000000000034,0.0028309756339467257,0.9833690243660532,0.9890309756339467
6,2,readout,0.005,0.9655999999999999,0.004098780306383866,0.9655999999999999,0.004098780306383866,0.0344000000000001,0.005088492051678998,0.9605115079483209,0.970688492051679
6,2,readout,0.01,0.9356,0.008905054744357243,0.9356,0.008905054744357243,0.06440000000000001,0.01105531326376594,0.924544686736234,0.946655313263766
6,2,readout,0.02,0.8824,0.005504543577809151,0.8824,0.005504543577809131,0.11760000000000004,0.006833697868650614,0.8755663021313493,0.8892336978686506
6,2,readout,0.05,0.7356,0.01184483009586882,0.7356,0.011844830095868866,0.26439999999999997,0.014704941297400666,0.7208950587025994,0.7503049412974007
6,2,readout,0.1,0.5428,0.015865055940651417,0.5428,0.0158650559406514,0.45720000000000005,0.01969591073903408,0.5231040892609659,0.562495910739034
6,2,thermal,0.0,1.0,0.0,1.0,0.0,0.0,0.0,1.0,1.0
6,2,thermal,0.001,0.9998000000000001,0.0004472135954999242,0.9998000000000001,0.0004472135954999242,0.00019999999999986695,0.000555199999999958,0.9992448000000002,1.0
6,2,thermal,0.002,0.9996,0.0005477225575052004,0.9996,0.0005477225575052004,0.00039999999999995595,0.0006799783525966527,0.9989200216474033,1.0
6,2,thermal,0.005,0.9987999999999999,0.0008366600265340829,0.9987999999999999,0.0008366600265340829,0.0012000000000000899,0.001038684090568455,0.9977613159094314,0.9998386840905684
6,2,thermal,0.01,0.9970000000000001,0.001581138830084216,0.9970000000000001,0.001581138830084216,0.0029999999999998916,0.0019629284245738883,0.9950370715754262,0.998962928424574
6,2,thermal,0.02,0.9954000000000001,0.0011401754250991486,0.9954000000000001,0.0011401754250991486,0.0045999999999999375,0.00141548781697337,0.9939845121830267,0.9968154878169734
6,2,thermal,0.05,0.9843999999999999,0.0042778499272414965,0.9843999999999999,0.0042778499272414965,0.015600000000000058,0.0053108007079912265,0.9790891992920087,0.9897108007079912
6,2,thermal,0.1,0.969,0.001870828693386965,0.969,0.001870828693386965,0.031000000000000028,0.002322568233658586,0.9666774317663414,0.9713225682336586
6,4,bit_flip,0.0,1.0,0.0,1.0,0.0,0.0,0.0,1.0,1.0
6,4,bit_flip,0.001,0.9318,0.0041472882706655246,0.9318000000000002,0.004147288270665532,0.06820000000000004,0.00514871298869919,0.9266512870113007,0.9369487129886992
6,4,bit_flip,0.002,0.8704000000000001,0.008619744775803974,0.8704000000000001,0.008619744775804017,0.12959999999999994,0.010701110940458463,0.8596988890595416,0.8811011109404585
6,4,bit_flip,0.005,0.7072,0.014272350892547395,0.7071999999999999,0.014272350892547381,0.29279999999999995,0.017718623260287395,0.6894813767397127,0.7249186232602874
6,4,bit_flip,0.01,0.4992,0.011649034294738785,0.4992,0.011649034294738807,0.5008,0.014461867674681597,0.48473813232531837,0.5136618676746816
6,4,bit_flip,0.02,0.24820000000000003,0.009203260291874842,0.24819999999999998,0.00920326029187483,0.7518,0.011425524996252918,0.23677447500374713,0.25962552499625297
6,4,bit_flip,0.05,0.0494,0.010502380682492898,0.04939999999999996,0.010502380682492863,0.9506,0.013038337415483613,0.03636166258451638,0.062438337415483616
6,4,bit_flip,0.1,0.019,0.0029999999999999975,0.018999999999999958,0.003000000000000051,0.981,0.0037243948233236456,0.015275605176676353,0.022724394823323644
6,4,depolarizing,0.0,1.0,0.0,1.0,0.0,0.0,0.0,1.0,1.0
6,4,depolarizing,0.001,0.9400000000000001,0.004847679857416326,0.9400000000000001,0.004847679857416222,0.05999999999999994,0.006018224588697231,0.9339817754113028,0.9460182245886973
6,4,depolarizing,0.002,0.8854,0.007893034904268468,0.8854,0.007893034904268455,0.11460000000000004,0.009798926112590119,0.8756010738874098,0.8951989261125901
6,4,depolarizing,0.005,0.7445999999999999,0.01653178756214829,0.7445999999999999,0.016531787562148296,0.25540000000000007,0.02052363467225046,0.7240763653277494,0.7651236346722504
6,4,depolarizing,0.01,0.5509999999999999,0.013057564857200566,0.551,0.013057564857200511,0.44900000000000007,0.016210508986456866,0.5347894910135431,0.5672105089864568
6,4,depolarizing,0.02,0.2968,0.012597618822618829,0.29679999999999995,0.012597618822618825,0.7032,0.015639502109722044,0.28116049789027797,0.31243950210972204
6,4,depolarizing,0.05,0.06999999999999999,0.012999999999999998,0.06999999999999997,0.013000000000000022,0.93,0.016139044234402475,0.05386095576559752,0.08613904423440247
6,4,depolarizing,0.1,0.0236,0.004505552130427524,0.0236,0.004505552130427524,0.9764,0.005593485010259703,0.018006514989740298,0.0291934850102597
6,4,phase_flip,0.0,1.0,0.0,1.0,0.0,0.0,0.0,1.0,1.0
6,4,phase_flip,0.001,0.9318,0.0041472882706655246,0.9318000000000002,0.004147288270665532,0.06820000000000004,0.00514871298869919,0.9266512870113007,0.9369487129886992
6,4,phase_flip,0.002,0.8704000000000001,0.008619744775803974,0.8704000000000001,0.008619744775804017,0.12959999999999994,0.010701110940458463,0.8596988890595416,0.8811011109404585
6,4,phase_flip,0.005,0.7072,0.014272350892547395,0.7071999999999999,0.014272350892547381,0.29279999999999995,0.017718623260287395,0.6894813767397127,0.7249186232602874
6,4,phase_flip,0.01,0.4992,0.011649034294738785,0.4992,0.011649034294738807,0.5008,0.014461867674681597,0.48473813232531837,0.5136618676746816
6,4,phase_flip,0.02,0.24820000000000003,0.009203260291874842,0.24819999999999998,0.00920326029187483,0.7518,0.011425524996252918,0.23677447500374713,0.25962552499625297
6,4,phase_flip,0.05,0.0494,0.010502380682492898,0.04939999999999996,0.010502380682492863,0.9506,0.013038337415483613,0.03636166258451638,0.062438337415483616
6,4,phase_flip,0.1,0.019,0.0029999999999999975,0.018999999999999958,0.003000000000000051,0.981,0.0037243948233236456,0.015275605176676353,0.022724394823323644
6,4,readout,0.0,1.0,0.0,1.0,0.0,0.0,0.0,1.0,1.0
6,4,readout,0.001,0.994,0.0015811388300841912,0.994,0.0015811388300841912,0.006000000000000005,0.001962928424573858,0.9920370715754261,0.9959629284245739
6,4,readout,0.002,0.9862,0.0022803508501982855,0.9862,0.0022803508501982855,0.013800000000000034,0.0028309756339467257,0.9833690243660532,0.9890309756339467
6,4,readout,0.005,0.9655999999999999,0.004098780306383866,0.9655999999999999,0.004098780306383866,0.0344000000000001,0.005088492051678998,0.9605115079483209,0.970688492051679
6,4,readout,0.01,0.9356,0.008905054744357243,0.9356,0.008905054744357243,0.06440000000000001,0.01105531326376594,0.924544686736234,0.946655313263766
6,4,readout,0.02,0.8824,0.005504543577809151,0.8824,0.005504543577809131,0.11760000000000004,0.006833697868650614,0.8755663021313493,0.8892336978686506
6,4,readout,0.05,0.7356,0.01184483009586882,0.7356,0.011844830095868866,0.26439999999999997,0.014704941297400666,0.7208950587025994,0.7503049412974007
6,4,readout,0.1,0.5428,0.015865055940651417,0.5428,0.0158650559406514,0.45720000000000005,0.01969591073903408,0.5231040892609659,0.562495910739034
6,4,thermal,0.0,1.0,0.0,1.0,0.0,0.0,0.0,1.0,1.0
6,4,thermal,0.001,0.9996,0.0005477225575052004,0.9996,0.0005477225575052004,0.00039999999999995595,0.0006799783525966527,0.9989200216474033,1.0
6,4,thermal,0.002,0.999,0.0007071067811865482,0.999,0.0007071067811865482,0.0010000000000000009,0.0008778482784627427,0.9981221517215373,0.9998778482784627
6,4,thermal,0.005,0.9970000000000001,0.001581138830084216,0.9970000000000001,0.001581138830084216,0.0029999999999998916,0.0019629284245738883,0.9950370715754262,0.998962928424574
6,4,thermal,0.01,0.9954000000000001,0.0011401754250991486,0.9954000000000001,0.0011401754250991486,0.0045999999999999375,0.00141548781697337,0.9939845121830267,0.9968154878169734
6,4,thermal,0.02,0.9890000000000001,0.002449489742783197,0.9890000000000001,0.002449489742783197,0.010999999999999899,0.0030409556392687054,0.9859590443607313,0.9920409556392689
6,4,thermal,0.05,0.9704,0.0023021728866442865,0.9704,0.0023021728866442865,0.02959999999999996,0.002858066927138014,0.9675419330728621,0.973258066927138
6,4,thermal,0.1,0.9498,0.0044944410108488635,0.9498,0.004494441010848791,0.05020000000000002,0.005579690944846338,0.9442203090551536,0.9553796909448463
6,8,bit_flip,0.0,1.0,0.0,1.0,0.0,0.0,0.0,1.0,1.0
6,8,bit_flip,0.001,0.8757999999999999,0.007791020472312938,0.8757999999999999,0.007791020472312978,0.12420000000000009,0.009672278771830294,0.8661277212281696,0.8854722787718302
6,8,bit_flip,0.002,0.767,0.01454303957224901,0.767,0.014543039572248994,0.23299999999999998,0.01805467376609173,0.7489453262339083,0.7850546737660917
6,8,bit_flip,0.005,0.513,0.010024968827881727,0.5130000000000001,0.010024968827881743,0.487,0.012445647335514553,0.5005543526644854,0.5254456473355146
6,8,bit_flip,0.01,0.26280000000000003,0.0070498226928058195,0.26280000000000003,0.007049822692805885,0.7372,0.008752107714145195,0.25404789228585484,0.27155210771414523
6,8,bit_flip,0.02,0.084,0.011811011811017716,0.08399999999999996,0.01181101181101771,0.916,0.01466295708238962,0.06933704291761039,0.09866295708238962
6,8,bit_flip,0.05,0.0194,0.003286335345030997,0.01939999999999996,0.003286335345031048,0.9806,0.0040798701155796615,0.015320129884420339,0.023479870115579664
6,8,bit_flip,0.1,0.0154,0.0020736441353327727,0.01539999999999998,0.002073644135332801,0.9846,0.002574356494349608,0.012825643505650393,0.017974356494349607
6,8,depolarizing,0.0,1.0,0.0,1.0,0.0,0.0,0.0,1.0,1.0
6,8,depolarizing,0.001,0.8916000000000001,0.005941380311005223,0.8916000000000001,0.005941380311005189,0.10839999999999994,0.007376015357901634,0.8842239846420984,0.8989760153579017
6,8,depolarizing,0.002,0.8012,0.01066302021005302,0.8012,0.01066302021005297,0.19879999999999998,0.01323776575710564,0.7879622342428944,0.8144377657571057
6,8,depolarizing,0.005,0.5662,0.013292855223765864,0.5662,0.01329285522376587,0.43379999999999996,0.016502613727528103,0.5496973862724719,0.5827026137275282
6,8,depolarizing,0.01,0.3182,0.01306522100846366,0.3181999999999999,0.013065221008463669,0.6818,0.016220013829833815,0.3019799861701662,0.3344200138298338
6,8,depolarizing,0.02,0.11739999999999999,0.010597169433391162,0.11739999999999999,0.010597169433391162,0.8826,0.013156014326535216,0.10424398567346477,0.1305560143265352
6,8,depolarizing,0.05,0.0246,0.0049799598391954926,0.02459999999999998,0.004979959839195512,0.9754,0.006182445548486455,0.018417554451513544,0.030782445548486456
6,8,depolarizing,0.1,0.0154,0.0020736441353327727,0.01539999999999998,0.002073644135332801,0.9846,0.002574356494349608,0.012825643505650393,0.017974356494349607
6,8,phase_flip,0.0,1.0,0.0,1.0,0.0,0.0,0.0,1.0,1.0
6,8,phase_flip,0.001,0.8757999999999999,0.007791020472312938,0.8757999999999999,0.007791020472312978,0.12420000000000009,0.009672278771830294,0.8661277212281696,0.8854722787718302
6,8,phase_flip,0.002,0.767,0.01454303957224901,0.767,0.014543039572248994,0.23299999999999998,0.01805467376609173,0.7489453262339083,0.7850546737660917
6,8,phase_flip,0.005,0.513,0.010024968827881727,0.5130000000000001,0.010024968827881743,0.487,0.012445647335514553,0.5005543526644854,0.5254456473355146
6,8,phase_flip,0.01,0.26280000000000003,0.0070498226928058195,0.26280000000000003,0.007049822692805885,0.7372,0.008752107714145195,0.25404789228585484,0.27155210771414523
6,8,phase_flip,0.02,0.084,0.011811011811017716,0.08399999999999996,0.01181101181101771,0.916,0.01466295708238962,0.06933704291761039,0.09866295708238962
6,8,phase_flip,0.05,0.0194,0.003286335345030997,0.01939999999999996,0.003286335345031048,0.9806,0.0040798701155796615,0.015320129884420339,0.023479870115579664
6,8,phase_flip,0.1,0.0154,0.0020736441353327727,0.01539999999999998,0.002073644135332801,0.9846,0.002574356494349608,0.012825643505650393,0.017974356494349607
6,8,readout,0.0,1.0,0.0,1.0,0.0,0.0,0.0,1.0,1.0
6,8,readout,0.001,0.994,0.0015811388300841912,0.994,0.0015811388300841912,0.006000000000000005,0.001962928424573858,0.9920370715754261,0.9959629284245739
6,8,readout,0.002,0.9862,0.0022803508501982855,0.9862,0.0022803508501982855,0.013800000000000034,0.0028309756339467257,0.9833690243660532,0.9890309756339467
6,8,readout,0.005,0.9655999999999999,0.004098780306383866,0.9655999999999999,0.004098780306383866,0.0344000000000001,0.005088492051678998,0.9605115079483209,0.970688492051679
6,8,readout,0.01,0.9356,0.008905054744357243,0.9356,0.008905054744357243,0.06440000000000001,0.01105531326376594,0.924544686736234,0.946655313263766
6,8,readout,0.02,0.8824,0.005504543577809151,0.8824,0.005504543577809131,0.11760000000000004,0.006833697868650614,0.8755663021313493,0.8892336978686506
6,8,readout,0.05,0.7356,0.01184483009586882,0.7356,0.011844830095868866,0.26439999999999997,0.014704941297400666,0.7208950587025994,0.7503049412974007
6,8,readout,0.1,0.5428,0.015865055940651417,0.5428,0.0158650559406514,0.45720000000000005,0.01969591073903408,0.5231040892609659,0.562495910739034
6,8,thermal,0.0,1.0,0.0,1.0,0.0,0.0,0.0,1.0,1.0
6,8,thermal,0.001,0.999,0.0007071067811865482,0.999,0.0007071067811865482,0.0010000000000000009,0.0008778482784627427,0.9981221517215373,0.9998778482784627
6,8,thermal,0.002,0.9972,0.0013038404810405539,0.9972,0.0013038404810405539,0.0028000000000000247,0.001618672246009085,0.9955813277539909,0.9988186722460091
6,8,thermal,0.005,0.9954000000000001,0.0011401754250991486,0.9954000000000001,0.0011401754250991486,0.0045999999999999375,0.00141548781697337,0.9939845121830267,0.9968154878169734
6,8,thermal,0.01,0.9896,0.0027018512172212383,0.9896,0.0027018512172212383,0.010399999999999965,0.003354253562269827,0.9862457464377302,0.9929542535622699
6,8,thermal,0.02,0.9788,0.003271085446759229,0.9788,0.003271085446759229,0.021199999999999997,0.0040609379015197995,0.9747390620984802,0.9828609379015198
6,8,thermal,0.05,0.9507999999999999,0.003898717737923627,0.9507999999999999,0.003898717737923663,0.04920000000000013,0.004840121386907615,0.9459598786130923,0.9556401213869075
6,8,thermal,0.1,0.9098,0.0034205262752974044,0.9098,0.0034205262752974044,0.09019999999999995,0.004246463450920058,0.90555353654908,0.9140464634509201
6,16,bit_flip,0.0,1.0,0.0,1.0,0.0,0.0,0.0,1.0,1.0
6,16,bit_flip,0.001,0.772,0.013784048752090243,0.772,0.01378404875209021,0.22799999999999998,0.017112413272241903,0.7548875867277581,0.7891124132722419
6,16,bit_flip,0.002,0.594,0.014560219778561027,0.594,0.014560219778561005,0.406,0.018076002389909102,0.5759239976100908,0.6120760023899091
6,16,bit_flip,0.005,0.27,0.007842193570679078,0.26999999999999996,0.007842193570679118,0.73,0.00973580837937972,0.2602641916206203,0.2797358083793797
6,16,bit_flip,0.01,0.091,0.009721111047611789,0.09099999999999998,0.009721111047611756,0.909,0.012068418554226561,0.07893158144577343,0.10306841855422656
6,16,bit_flip,0.02,0.0262,0.005495452665613635,0.0262,0.005495452665613635,0.9738,0.006822411819877191,0.01937758818012281,0.033022411819877195
6,16,bit_flip,0.05,0.0154,0.0020736441353327727,0.01539999999999998,0.002073644135332801,0.9846,0.002574356494349608,0.012825643505650393,0.017974356494349607
6,16,bit_flip,0.1,0.0154,0.0020736441353327727,0.01539999999999998,0.002073644135332801,0.9846,0.002574356494349608,0.012825643505650393,0.017974356494349607
6,16,depolarizing,0.0,1.0,0.0,1.0,0.0,0.0,0.0,1.0,1.0
6,16,depolarizing,0.001,0.8048,0.01116691542011482,0.8048,0.011166915420114814,0.19520000000000004,0.013863333994389555,0.7909366660056104,0.8186633339943895
6,16,depolarizing,0.002,0.6426000000000001,0.015043270920913464,0.6426000000000001,0.01504327092091348,0.35739999999999994,0.018675693447901764,0.6239243065520983,0.6612756934479018
6,16,depolarizing,0.005,0.32680000000000003,0.012437845472588901,0.3267999999999999,0.012437845472588853,0.6732,0.01544114909713653,0.3113588509028635,0.34224114909713654
6,16,depolarizing,0.01,0.12279999999999999,0.010207840124139882,0.12279999999999998,0.010207840124139882,0.8772,0.012672675638554004,0.11012732436144598,0.135472675638554
6,16,depolarizing,0.02,0.0332,0.006906518659932804,0.0332,0.006906518659932804,0.9668,0.008574200781413974,0.024625799218586028,0.04177420078141397
6,16,depolarizing,0.05,0.0154,0.0020736441353327727,0.01539999999999998,0.002073644135332801,0.9846,0.002574356494349608,0.012825643505650393,0.017974356494349607
6,16,depolarizing,0.1,0.0154,0.0020736441353327727,0.01539999999999998,0.002073644135332801,0.9846,0.002574356494349608,0.012825643505650393,0.017974356494349607
6,16,phase_flip,0.0,1.0,0.0,1.0,0.0,0.0,0.0,1.0,1.0
6,16,phase_flip,0.001,0.772,0.013784048752090243,0.772,0.01378404875209021,0.22799999999999998,0.017112413272241903,0.7548875867277581,0.7891124132722419
6,16,phase_flip,0.002,0.594,0.014560219778561027,0.594,0.014560219778561005,0.406,0.018076002389909102,0.5759239976100908,0.6120760023899091
6,16,phase_flip,0.005,0.27,0.007842193570679078,0.26999999999999996,0.007842193570679118,0.73,0.00973580837937972,0.2602641916206203,0.2797358083793797
6,16,phase_flip,0.01,0.091,0.009721111047611789,0.09099999999999998,0.009721111047611756,0.909,0.012068418554226561,0.07893158144577343,0.10306841855422656
6,16,phase_flip,0.02,0.0262,0.005495452665613635,0.0262,0.005495452665613635,0.9738,0.006822411819877191,0.01937758818012281,0.033022411819877195
6,16,phase_flip,0.05,0.0154,0.0020736441353327727,0.01539999999999998,0.002073644135332801,0.9846,0.002574356494349608,0.012825643505650393,0.017974356494349607
6,16,phase_flip,0.1,0.0154,0.0020736441353327727,0.01539999999999998,0.002073644135332801,0.9846,0.002574356494349608,0.012825643505650393,0.017974356494349607
6,16,readout,0.0,1.0,0.0,1.0,0.0,0.0,0.0,1.0,1.0
6,16,readout,0.001,0.994,0.0015811388300841912,0.994,0.0015811388300841912,0.006000000000000005,0.001962928424573858,0.9920370715754261,0.9959629284245739
6,16,readout,0.002,0.9862,0.0022803508501982855,0.9862,0.0022803508501982855,0.013800000000000034,0.0028309756339467257,0.9833690243660532,0.9890309756339467
6,16,readout,0.005,0.9655999999999999,0.004098780306383866,0.9655999999999999,0.004098780306383866,0.0344000000000001,0.005088492051678998,0.9605115079483209,0.970688492051679
6,16,readout,0.01,0.9356,0.008905054744357243,0.9356,0.008905054744357243,0.06440000000000001,0.01105531326376594,0.924544686736234,0.946655313263766
6,16,readout,0.02,0.8824,0.005504543577809151,0.8824,0.005504543577809131,0.11760000000000004,0.006833697868650614,0.8755663021313493,0.8892336978686506
6,16,readout,0.05,0.7356,0.01184483009586882,0.7356,0.011844830095868866,0.26439999999999997,0.014704941297400666,0.7208950587025994,0.7503049412974007
6,16,readout,0.1,0.5428,0.015865055940651417,0.5428,0.0158650559406514,0.45720000000000005,0.01969591073903408,0.5231040892609659,0.562495910739034
6,16,thermal,0.0,1.0,0.0,1.0,0.0,0.0,0.0,1.0,1.0
6,16,thermal,0.001,0.9972,0.0013038404810405539,0.9972,0.0013038404810405539,0.0028000000000000247,0.001618672246009085,0.9955813277539909,0.9988186722460091
6,16,thermal,0.002,0.9958,0.0013038404810405213,0.9958,0.0013038404810405213,0.0041999999999999815,0.0016186722460090448,0.9941813277539909,0.9974186722460091
6,16,thermal,0.005,0.9898,0.002588435821108955,0.9898,0.002588435821108955,0.010199999999999987,0.0032134523242145644,0.9865865476757855,0.9930134523242146
6,16,thermal,0.01,0.9794,0.003361547262794309,0.9794,0.003361547262794309,0.02059999999999995,0.004173243074636303,0.9752267569253638,0.9835732430746363
6,16,thermal,0.02,0.959,0.0015811388300842086,0.959,0.0015811388300842086,0.041000000000000036,0.001962928424573879,0.9570370715754261,0.9609629284245739
6,16,thermal,0.05,0.9114000000000001,0.0028809720581775638,0.9114000000000001,0.0028809720581775638,0.0885999999999999,0.0035766258065388656,0.9078233741934613,0.9149766258065389
6,16,thermal,0.1,0.8356,0.009396807968666774,0.8356,0.00939680796866678,0.1644,0.011665807651422982,0.823934192348577,0.847265807651423
6,32,bit_flip,0.0,1.0,0.0,1.0,0.0,0.0,0.0,1.0,1.0
6,32,bit_flip,0.001,0.5982,0.013935566009315876,0.5982000000000001,0.01393556600931588,0.40180000000000005,0.01730051663506035,0.5808994833649396,0.6155005166350603
6,32,bit_flip,0.002,0.3466,0.014842506526863973,0.3466,0.014842506526863973,0.6534,0.01842645149126655,0.3281735485087335,0.36502645149126656
6,32,bit_flip,0.005,0.09359999999999999,0.010114346246792227,0.09359999999999996,0.010114346246792224,0.9064,0.012556606267618651,0.08104339373238134,0.10615660626761864
6,32,bit_flip,0.01,0.026600000000000002,0.0051768716422179156,0.026600000000000002,0.0051768716422179156,0.9734,0.006426904648429135,0.020173095351570868,0.03302690464842914
6,32,bit_flip,0.02,0.016,0.002449489742783179,0.01599999999999998,0.0024494897427832078,0.984,0.0030409556392686833,0.012959044360731318,0.019040955639268685
6,32,bit_flip,0.05,0.0154,0.0020736441353327727,0.01539999999999998,0.002073644135332801,0.9846,0.002574356494349608,0.012825643505650393,0.017974356494349607
6,32,bit_flip,0.1,0.0154,0.0020736441353327727,0.01539999999999998,0.002073644135332801,0.9846,0.002574356494349608,0.012825643505650393,0.017974356494349607
6,32,depolarizing,0.0,1.0,0.0,1.0,0.0,0.0,0.0,1.0,1.0
6,32,depolarizing,0.001,0.6466000000000001,0.01406413879339931,0.6466000000000001,0.01406413879339944,0.35339999999999994,0.01746013523888057,0.6291398647611195,0.6640601352388806
6,32,depolarizing,0.002,0.409,0.018721645226849055,0.409,0.018721645226849014,0.591,0.023242266188992843,0.38575773381100714,0.4322422661889928
6,32,depolarizing,0.005,0.1262,0.007395944834840239,0.12619999999999998,0.007395944834840241,0.8738,0.00918180621882209,0.11701819378117792,0.1353818062188221
6,32,depolarizing,0.01,0.034,0.007314369419163898,0.034,0.007314369419163898,0.966,0.00908053320020361,0.02491946679979639,0.043080533200203615
6,32,depolarizing,0.02,0.017,0.0033911649915626344,0.01699999999999994,0.003391164991562641,0.983,0.004210012446537421,0.01278998755346258,0.021210012446537422
6,32,depolarizing,0.05,0.0154,0.0020736441353327727,0.01539999999999998,0.002073644135332801,0.9846,0.002574356494349608,0.012825643505650393,0.017974356494349607
6,32,depolarizing,0.1,0.0154,0.0020736441353327727,0.01539999999999998,0.002073644135332801,0.9846,0.002574356494349608,0.012825643505650393,0.017974356494349607
6,32,phase_flip,0.0,1.0,0.0,1.0,0.0,0.0,0.0,1.0,1.0
6,32,phase_flip,0.001,0.5982,0.013935566009315876,0.5982000000000001,0.01393556600931588,0.40180000000000005,0.01730051663506035,0.5808994833649396,0.6155005166350603
6,32,phase_flip,0.002,0.3466,0.014842506526863973,0.3466,0.014842506526863973,0.6534,0.01842645149126655,0.3281735485087335,0.36502645149126656
6,32,phase_flip,0.005,0.09359999999999999,0.010114346246792227,0.09359999999999996,0.010114346246792224,0.9064,0.012556606267618651,0.08104339373238134,0.10615660626761864
6,32,phase_flip,0.01,0.026600000000000002,0.0051768716422179156,0.026600000000000002,0.0051768716422179156,0.9734,0.006426904648429135,0.020173095351570868,0.03302690464842914
6,32,phase_flip,0.02,0.016,0.002449489742783179,0.01599999999999998,0.0024494897427832078,0.984,0.0030409556392686833,0.012959044360731318,0.019040955639268685
6,32,phase_flip,0.05,0.0154,0.0020736441353327727,0.01539999999999998,0.002073644135332801,0.9846,0.002574356494349608,0.012825643505650393,0.017974356494349607
6,32,phase_flip,0.1,0.0154,0.0020736441353327727,0.01539999999999998,0.002073644135332801,0.9846,0.002574356494349608,0.012825643505650393,0.017974356494349607
6,32,readout,0.0,1.0,0.0,1.0,0.0,0.0,0.0,1.0,1.0
6,32,readout,0.001,0.994,0.0015811388300841912,0.994,0.0015811388300841912,0.006000000000000005,0.001962928424573858,0.9920370715754261,0.9959629284245739
6,32,readout,0.002,0.9862,0.0022803508501982855,0.9862,0.0022803508501982855,0.013800000000000034,0.0028309756339467257,0.9833690243660532,0.9890309756339467
6,32,readout,0.005,0.9655999999999999,0.004098780306383866,0.9655999999999999,0.004098780306383866,0.0344000000000001,0.005088492051678998,0.9605115079483209,0.970688492051679
6,32,readout,0.01,0.9356,0.008905054744357243,0.9356,0.008905054744357243,0.06440000000000001,0.01105531326376594,0.924544686736234,0.946655313263766
6,32,readout,0.02,0.8824,0.005504543577809151,0.8824,0.005504543577809131,0.11760000000000004,0.006833697868650614,0.8755663021313493,0.8892336978686506
6,32,readout,0.05,0.7356,0.01184483009586882,0.7356,0.011844830095868866,0.26439999999999997,0.014704941297400666,0.7208950587025994,0.7503049412974007
6,32,readout,0.1,0.5428,0.015865055940651417,0.5428,0.0158650559406514,0.45720000000000005,0.01969591073903408,0.5231040892609659,0.562495910739034
6,32,thermal,0.0,1.0,0.0,1.0,0.0,0.0,0.0,1.0,1.0
6,32,thermal,0.001,0.9958,0.0013038404810405213,0.9958,0.0013038404810405213,0.0041999999999999815,0.0016186722460090448,0.9941813277539909,0.9974186722460091
6,32,thermal,0.002,0.9924,0.002607680962081061,0.9924,0.002607680962081061,0.007600000000000051,0.003237344492018112,0.9891626555079819,0.995637344492018
6,32,thermal,0.005,0.9794,0.003361547262794309,0.9794,0.003361547262794309,0.02059999999999995,0.004173243074636303,0.9752267569253638,0.9835732430746363
6,32,thermal,0.01,0.9596,0.0023021728866442627,0.9596,0.0023021728866442627,0.04039999999999999,0.0028580669271379847,0.956741933072862,0.962458066927138
6,32,thermal,0.02,0.9284000000000001,0.0025099800796022365,0.9284000000000001,0.0025099800796022365,0.07159999999999989,0.0031160522717053503,0.9252839477282948,0.9315160522717054
6,32,thermal,0.05,0.8363999999999999,0.00920869154657711,0.8363999999999999,0.00920869154657711,0.16360000000000008,0.011432267708552012,0.8249677322914479,0.8478322677085519
6,32,thermal,0.1,0.7018,0.013645512082732514,0.7018,0.01364551208273248,0.2982,0.016940424854176427,0.6848595751458235,0.7187404248541764
