qubits,depth,noise_model,gate_count,noise_probability,shots,repetition,seed,success_probability,fidelity
2,1,bit_flip,10,0.0,1000,0,0,1.0,1.0
2,1,bit_flip,10,0.0,1000,1,1,1.0,1.0
2,1,bit_flip,10,0.0,1000,2,2,1.0,1.0
2,1,bit_flip,10,0.0,1000,3,3,1.0,1.0
2,1,bit_flip,10,0.0,1000,4,4,1.0,1.0
2,1,bit_flip,10,0.001,1000,0,0,0.995,0.9949999999999999
2,1,bit_flip,10,0.001,1000,1,1,0.995,0.9949999999999999
2,1,bit_flip,10,0.001,1000,2,2,0.994,0.9939999999999999
2,1,bit_flip,10,0.001,1000,3,3,0.997,0.997
2,1,bit_flip,10,0.001,1000,4,4,0.997,0.997
2,1,bit_flip,10,0.002,1000,0,0,0.988,0.988
2,1,bit_flip,10,0.002,1000,1,1,0.989,0.989
2,1,bit_flip,10,0.002,1000,2,2,0.99,0.99
2,1,bit_flip,10,0.002,1000,3,3,0.994,0.9939999999999999
2,1,bit_flip,10,0.002,1000,4,4,0.994,0.9939999999999999
2,1,bit_flip,10,0.005,1000,0,0,0.977,0.9770000000000001
2,1,bit_flip,10,0.005,1000,1,1,0.972,0.972
2,1,bit_flip,10,0.005,1000,2,2,0.98,0.9800000000000001
2,1,bit_flip,10,0.005,1000,3,3,0.977,0.9770000000000001
2,1,bit_flip,10,0.005,1000,4,4,0.98,0.9800000000000001
2,1,bit_flip,10,0.01,1000,0,0,0.956,0.9559999999999998
2,1,bit_flip,10,0.01,1000,1,1,0.955,0.9550000000000001
2,1,bit_flip,10,0.01,1000,2,2,0.956,0.9559999999999998
2,1,bit_flip,10,0.01,1000,3,3,0.96,0.96
2,1,bit_flip,10,0.01,1000,4,4,0.961,0.9609999999999999
2,1,bit_flip,10,0.02,1000,0,0,0.922,0.922
2,1,bit_flip,10,0.02,1000,1,1,0.923,0.9229999999999999
2,1,bit_flip,10,0.02,1000,2,2,0.917,0.917
2,1,bit_flip,10,0.02,1000,3,3,0.923,0.9229999999999999
2,1,bit_flip,10,0.02,1000,4,4,0.922,0.922
2,1,bit_flip,10,0.05,1000,0,0,0.825,0.825
2,1,bit_flip,10,0.05,1000,1,1,0.832,0.8319999999999999
2,1,bit_flip,10,0.05,1000,2,2,0.811,0.8109999999999999
2,1,bit_flip,10,0.05,1000,3,3,0.819,0.819
2,1,bit_flip,10,0.05,1000,4,4,0.809,0.809
2,1,bit_flip,10,0.1,1000,0,0,0.667,0.6670000000000001
2,1,bit_flip,10,0.1,1000,1,1,0.682,0.682
2,1,bit_flip,10,0.1,1000,2,2,0.664,0.6640000000000001
2,1,bit_flip,10,0.1,1000,3,3,0.672,0.672
2,1,bit_flip,10,0.1,1000,4,4,0.642,0.642
2,2,bit_flip,16,0.0,1000,0,0,1.0,1.0
2,2,bit_flip,16,0.0,1000,1,1,1.0,1.0
2,2,bit_flip,16,0.0,1000,2,2,1.0,1.0
2,2,bit_flip,16,0.0,1000,3,3,1.0,1.0
2,2,bit_flip,16,0.0,1000,4,4,1.0,1.0
2,2,bit_flip,16,0.001,1000,0,0,0.988,0.988
2,2,bit_flip,16,0.001,1000,1,1,0.986,0.986
2,2,bit_flip,16,0.001,1000,2,2,0.988,0.988
2,2,bit_flip,16,0.001,1000,3,3,0.991,0.9909999999999999
2,2,bit_flip,16,0.001,1000,4,4,0.992,0.992
2,2,bit_flip,16,0.002,1000,0,0,0.978,0.9779999999999999
2,2,bit_flip,16,0.002,1000,1,1,0.972,0.972
2,2,bit_flip,16,0.002,1000,2,2,0.98,0.9800000000000001
2,2,bit_flip,16,0.002,1000,3,3,0.977,0.9770000000000001
2,2,bit_flip,16,0.002,1000,4,4,0.981,0.9809999999999999
2,2,bit_flip,16,0.005,1000,0,0,0.949,0.949
2,2,bit_flip,16,0.005,1000,1,1,0.945,0.945
2,2,bit_flip,16,0.005,1000,2,2,0.946,0.946
2,2,bit_flip,16,0.005,1000,3,3,0.952,0.9519999999999998
2,2,bit_flip,16,0.005,1000,4,4,0.956,0.9559999999999998
2,2,bit_flip,16,0.01,1000,0,0,0.909,0.909
2,2,bit_flip,16,0.01,1000,1,1,0.905,0.905
2,2,bit_flip,16,0.01,1000,2,2,0.906,0.9059999999999999
2,2,bit_flip,16,0.01,1000,3,3,0.907,0.907
2,2,bit_flip,16,0.01,1000,4,4,0.899,0.899
2,2,bit_flip,16,0.02,1000,0,0,0.83,0.8300000000000001
2,2,bit_flip,16,0.02,1000,1,1,0.836,0.836
2,2,bit_flip,16,0.02,1000,2,2,0.814,0.8139999999999998
2,2,bit_flip,16,0.02,1000,3,3,0.825,0.825
2,2,bit_flip,16,0.02,1000,4,4,0.814,0.8139999999999998
2,2,bit_flip,16,0.05,1000,0,0,0.621,0.621
2,2,bit_flip,16,0.05,1000,1,1,0.629,0.6290000000000001
2,2,bit_flip,16,0.05,1000,2,2,0.632,0.6320000000000001
2,2,bit_flip,16,0.05,1000,3,3,0.629,0.6290000000000001
2,2,bit_flip,16,0.05,1000,4,4,0.598,0.598
2,2,bit_flip,16,0.1,1000,0,0,0.392,0.392
2,2,bit_flip,16,0.1,1000,1,1,0.38,0.38
2,2,bit_flip,16,0.1,1000,2,2,0.422,0.42200000000000004
2,2,bit_flip,16,0.1,1000,3,3,0.406,0.406
2,2,bit_flip,16,0.1,1000,4,4,0.413,0.413
2,4,bit_flip,28,0.0,1000,0,0,1.0,1.0
2,4,bit_flip,28,0.0,1000,1,1,1.0,1.0
2,4,bit_flip,28,0.0,1000,2,2,1.0,1.0
2,4,bit_flip,28,0.0,1000,3,3,1.0,1.0
2,4,bit_flip,28,0.0,1000,4,4,1.0,1.0
2,4,bit_flip,28,0.001,1000,0,0,0.981,0.9809999999999999
2,4,bit_flip,28,0.001,1000,1,1,0.975,0.975
2,4,bit_flip,28,0.001,1000,2,2,0.983,0.983
2,4,bit_flip,28,0.001,1000,3,3,0.977,0.9770000000000001
2,4,bit_flip,28,0.001,1000,4,4,0.982,0.9820000000000001
2,4,bit_flip,28,0.002,1000,0,0,0.958,0.9580000000000001
2,4,bit_flip,28,0.002,1000,1,1,0.959,0.9590000000000001
2,4,bit_flip,28,0.002,1000,2,2,0.959,0.9590000000000001
2,4,bit_flip,28,0.002,1000,3,3,0.962,0.9620000000000001
2,4,bit_flip,28,0.002,1000,4,4,0.963,0.9629999999999999
2,4,bit_flip,28,0.005,1000,0,0,0.918,0.918
2,4,bit_flip,28,0.005,1000,1,1,0.914,0.9139999999999999
2,4,bit_flip,28,0.005,1000,2,2,0.913,0.9129999999999999
2,4,bit_flip,28,0.005,1000,3,3,0.915,0.9150000000000001
2,4,bit_flip,28,0.005,1000,4,4,0.913,0.9129999999999999
2,4,bit_flip,28,0.01,1000,0,0,0.85,0.8500000000000001
2,4,bit_flip,28,0.01,1000,1,1,0.85,0.8500000000000001
2,4,bit_flip,28,0.01,1000,2,2,0.833,0.833
2,4,bit_flip,28,0.01,1000,3,3,0.845,0.845
2,4,bit_flip,28,0.01,1000,4,4,0.83,0.8300000000000001
2,4,bit_flip,28,0.02,1000,0,0,0.713,0.713
2,4,bit_flip,28,0.02,1000,1,1,0.726,0.726
2,4,bit_flip,28,0.02,1000,2,2,0.703,0.703
2,4,bit_flip,28,0.02,1000,3,3,0.712,0.712
2,4,bit_flip,28,0.02,1000,4,4,0.692,0.692
2,4,bit_flip,28,0.05,1000,0,0,0.449,0.44899999999999995
2,4,bit_flip,28,0.05,1000,1,1,0.424,0.42399999999999993
2,4,bit_flip,28,0.05,1000,2,2,0.47,0.47000000000000003
2,4,bit_flip,28,0.05,1000,3,3,0.454,0.45400000000000007
2,4,bit_flip,28,0.05,1000,4,4,0.452,0.45199999999999996
2,4,bit_flip,28,0.1,1000,0,0,0.277,0.277
2,4,bit_flip,28,0.1,1000,1,1,0.277,0.277
2,4,bit_flip,28,0.1,1000,2,2,0.291,0.29100000000000004
2,4,bit_flip,28,0.1,1000,3,3,0.289,0.2889999999999999
2,4,bit_flip,28,0.1,1000,4,4,0.3,0.29999999999999993
2,8,bit_flip,52,0.0,1000,0,0,1.0,1.0
2,8,bit_flip,52,0.0,1000,1,1,1.0,1.0
2,8,bit_flip,52,0.0,1000,2,2,1.0,1.0
2,8,bit_flip,52,0.0,1000,3,3,1.0,1.0
2,8,bit_flip,52,0.0,1000,4,4,1.0,1.0
2,8,bit_flip,52,0.001,1000,0,0,0.961,0.9609999999999999
2,8,bit_flip,52,0.001,1000,1,1,0.963,0.9629999999999999
2,8,bit_flip,52,0.001,1000,2,2,0.96,0.96
2,8,bit_flip,52,0.001,1000,3,3,0.963,0.9629999999999999
2,8,bit_flip,52,0.001,1000,4,4,0.964,0.964
2,8,bit_flip,52,0.002,1000,0,0,0.936,0.9359999999999999
2,8,bit_flip,52,0.002,1000,1,1,0.93,0.9300000000000002
2,8,bit_flip,52,0.002,1000,2,2,0.93,0.9300000000000002
2,8,bit_flip,52,0.002,1000,3,3,0.932,0.932
2,8,bit_flip,52,0.002,1000,4,4,0.939,0.939
2,8,bit_flip,52,0.005,1000,0,0,0.862,0.8619999999999999
2,8,bit_flip,52,0.005,1000,1,1,0.853,0.8529999999999999
2,8,bit_flip,52,0.005,1000,2,2,0.842,0.8419999999999999
2,8,bit_flip,52,0.005,1000,3,3,0.85,0.8500000000000001
2,8,bit_flip,52,0.005,1000,4,4,0.837,0.837
2,8,bit_flip,52,0.01,1000,0,0,0.725,0.7249999999999999
2,8,bit_flip,52,0.01,1000,1,1,0.741,0.7410000000000001
2,8,bit_flip,52,0.01,1000,2,2,0.726,0.726
2,8,bit_flip,52,0.01,1000,3,3,0.73,0.73
2,8,bit_flip,52,0.01,1000,4,4,0.707,0.707
2,8,bit_flip,52,0.02,1000,0,0,0.539,0.539
2,8,bit_flip,52,0.02,1000,1,1,0.545,0.545
2,8,bit_flip,52,0.02,1000,2,2,0.559,0.559
2,8,bit_flip,52,0.02,1000,3,3,0.552,0.552
2,8,bit_flip,52,0.02,1000,4,4,0.524,0.5240000000000001
2,8,bit_flip,52,0.05,1000,0,0,0.289,0.2889999999999999
2,8,bit_flip,52,0.05,1000,1,1,0.287,0.2869999999999999
2,8,bit_flip,52,0.05,1000,2,2,0.308,0.308
2,8,bit_flip,52,0.05,1000,3,3,0.304,0.304
2,8,bit_flip,52,0.05,1000,4,4,0.313,0.31299999999999994
2,8,bit_flip,52,0.1,1000,0,0,0.236,0.236
2,8,bit_flip,52,0.1,1000,1,1,0.234,0.23399999999999999
2,8,bit_flip,52,0.1,1000,2,2,0.256,0.25599999999999995
2,8,bit_flip,52,0.1,1000,3,3,0.239,0.23899999999999996
2,8,bit_flip,52,0.1,1000,4,4,0.245,0.24500000000000002
2,16,bit_flip,100,0.0,1000,0,0,1.0,1.0
2,16,bit_flip,100,0.0,1000,1,1,1.0,1.0
2,16,bit_flip,100,0.0,1000,2,2,1.0,1.0
2,16,bit_flip,100,0.0,1000,3,3,1.0,1.0
2,16,bit_flip,100,0.0,1000,4,4,1.0,1.0
2,16,bit_flip,100,0.001,1000,0,0,0.937,0.937
2,16,bit_flip,100,0.001,1000,1,1,0.931,0.9309999999999999
2,16,bit_flip,100,0.001,1000,2,2,0.931,0.9309999999999999
2,16,bit_flip,100,0.001,1000,3,3,0.936,0.9359999999999999
2,16,bit_flip,100,0.001,1000,4,4,0.942,0.942
2,16,bit_flip,100,0.002,1000,0,0,0.887,0.887
2,16,bit_flip,100,0.002,1000,1,1,0.878,0.878
2,16,bit_flip,100,0.002,1000,2,2,0.881,0.881
2,16,bit_flip,100,0.002,1000,3,3,0.88,0.8800000000000001
2,16,bit_flip,100,0.002,1000,4,4,0.865,0.865
2,16,bit_flip,100,0.005,1000,0,0,0.731,0.7310000000000001
2,16,bit_flip,100,0.005,1000,1,1,0.749,0.749
2,16,bit_flip,100,0.005,1000,2,2,0.728,0.7279999999999999
2,16,bit_flip,100,0.005,1000,3,3,0.747,0.747
2,16,bit_flip,100,0.005,1000,4,4,0.712,0.712
2,16,bit_flip,100,0.01,1000,0,0,0.554,0.554
2,16,bit_flip,100,0.01,1000,1,1,0.554,0.554
2,16,bit_flip,100,0.01,1000,2,2,0.569,0.569
2,16,bit_flip,100,0.01,1000,3,3,0.561,0.561
2,16,bit_flip,100,0.01,1000,4,4,0.533,0.533
2,16,bit_flip,100,0.02,1000,0,0,0.34,0.3400000000000001
2,16,bit_flip,100,0.02,1000,1,1,0.339,0.3390000000000001
2,16,bit_flip,100,0.02,1000,2,2,0.366,0.366
2,16,bit_flip,100,0.02,1000,3,3,0.364,0.36400000000000005
2,16,bit_flip,100,0.02,1000,4,4,0.364,0.36400000000000005
2,16,bit_flip,100,0.05,1000,0,0,0.24,0.24
2,16,bit_flip,100,0.05,1000,1,1,0.235,0.235
2,16,bit_flip,100,0.05,1000,2,2,0.258,0.258
2,16,bit_flip,100,0.05,1000,3,3,0.244,0.24400000000000002
2,16,bit_flip,100,0.05,1000,4,4,0.248,0.248
2,16,bit_flip,100,0.1,1000,0,0,0.232,0.232
2,16,bit_flip,100,0.1,1000,1,1,0.23,0.23
2,16,bit_flip,100,0.1,1000,2,2,0.252,0.25199999999999995
2,16,bit_flip,100,0.1,1000,3,3,0.236,0.236
2,16,bit_flip,100,0.1,1000,4,4,0.242,0.242
2,32,bit_flip,196,0.0,1000,0,0,1.0,1.0
2,32,bit_flip,196,0.0,1000,1,1,1.0,1.0
2,32,bit_flip,196,0.0,1000,2,2,1.0,1.0
2,32,bit_flip,196,0.0,1000,3,3,1.0,1.0
2,32,bit_flip,196,0.0,1000,4,4,1.0,1.0
2,32,bit_flip,196,0.001,1000,0,0,0.887,0.887
2,32,bit_flip,196,0.001,1000,1,1,0.88,0.8800000000000001
2,32,bit_flip,196,0.001,1000,2,2,0.883,0.883
2,32,bit_flip,196,0.001,1000,3,3,0.885,0.8849999999999999
2,32,bit_flip,196,0.001,1000,4,4,0.867,0.867
2,32,bit_flip,196,0.002,1000,0,0,0.78,0.78
2,32,bit_flip,196,0.002,1000,1,1,0.798,0.798
2,32,bit_flip,196,0.002,1000,2,2,0.776,0.776
2,32,bit_flip,196,0.002,1000,3,3,0.782,0.7819999999999999
2,32,bit_flip,196,0.002,1000,4,4,0.762,0.7620000000000001
2,32,bit_flip,196,0.005,1000,0,0,0.559,0.559
2,32,bit_flip,196,0.005,1000,1,1,0.562,0.562
2,32,bit_flip,196,0.005,1000,2,2,0.571,0.571
2,32,bit_flip,196,0.005,1000,3,3,0.565,0.5649999999999998
2,32,bit_flip,196,0.005,1000,4,4,0.54,0.54
2,32,bit_flip,196,0.01,1000,0,0,0.347,0.347
2,32,bit_flip,196,0.01,1000,1,1,0.345,0.34500000000000003
2,32,bit_flip,196,0.01,1000,2,2,0.377,0.37700000000000006
2,32,bit_flip,196,0.01,1000,3,3,0.371,0.37099999999999994
2,32,bit_flip,196,0.01,1000,4,4,0.373,0.37300000000000005
2,32,bit_flip,196,0.02,1000,0,0,0.251,0.25099999999999995
2,32,bit_flip,196,0.02,1000,1,1,0.252,0.25199999999999995
2,32,bit_flip,196,0.02,1000,2,2,0.268,0.268
2,32,bit_flip,196,0.02,1000,3,3,0.26,0.26
2,32,bit_flip,196,0.02,1000,4,4,0.264,0.26400000000000007
2,32,bit_flip,196,0.05,1000,0,0,0.232,0.232
2,32,bit_flip,196,0.05,1000,1,1,0.23,0.23
2,32,bit_flip,196,0.05,1000,2,2,0.252,0.25199999999999995
2,32,bit_flip,196,0.05,1000,3,3,0.236,0.236
2,32,bit_flip,196,0.05,1000,4,4,0.242,0.242
2,32,bit_flip,196,0.1,1000,0,0,0.232,0.232
2,32,bit_flip,196,0.1,1000,1,1,0.229,0.229
2,32,bit_flip,196,0.1,1000,2,2,0.252,0.25199999999999995
2,32,bit_flip,196,0.1,1000,3,3,0.236,0.236
2,32,bit_flip,196,0.1,1000,4,4,0.242,0.242
3,1,bit_flip,16,0.0,1000,0,0,1.0,1.0
3,1,bit_flip,16,0.0,1000,1,1,1.0,1.0
3,1,bit_flip,16,0.0,1000,2,2,1.0,1.0
3,1,bit_flip,16,0.0,1000,3,3,1.0,1.0
3,1,bit_flip,16,0.0,1000,4,4,1.0,1.0
3,1,bit_flip,16,0.001,1000,0,0,0.993,0.993
3,1,bit_flip,16,0.001,1000,1,1,0.994,0.9939999999999999
3,1,bit_flip,16,0.001,1000,2,2,0.994,0.9939999999999999
3,1,bit_flip,16,0.001,1000,3,3,0.996,0.9960000000000001
3,1,bit_flip,16,0.001,1000,4,4,0.996,0.9960000000000001
3,1,bit_flip,16,0.002,1000,0,0,0.988,0.988
3,1,bit_flip,16,0.002,1000,1,1,0.981,0.9809999999999999
3,1,bit_flip,16,0.002,1000,2,2,0.986,0.986
3,1,bit_flip,16,0.002,1000,3,3,0.982,0.9820000000000001
3,1,bit_flip,16,0.002,1000,4,4,0.99,0.99
3,1,bit_flip,16,0.005,1000,0,0,0.964,0.964
3,1,bit_flip,16,0.005,1000,1,1,0.967,0.9670000000000001
3,1,bit_flip,16,0.005,1000,2,2,0.966,0.966
3,1,bit_flip,16,0.005,1000,3,3,0.968,0.968
3,1,bit_flip,16,0.005,1000,4,4,0.966,0.966
3,1,bit_flip,16,0.01,1000,0,0,0.939,0.939
3,1,bit_flip,16,0.01,1000,1,1,0.934,0.9340000000000002
3,1,bit_flip,16,0.01,1000,2,2,0.937,0.937
3,1,bit_flip,16,0.01,1000,3,3,0.942,0.942
3,1,bit_flip,16,0.01,1000,4,4,0.947,0.9469999999999998
3,1,bit_flip,16,0.02,1000,0,0,0.894,0.894
3,1,bit_flip,16,0.02,1000,1,1,0.885,0.8849999999999999
3,1,bit_flip,16,0.02,1000,2,2,0.885,0.8849999999999999
3,1,bit_flip,16,0.02,1000,3,3,0.889,0.8889999999999999
3,1,bit_flip,16,0.02,1000,4,4,0.872,0.8720000000000001
3,1,bit_flip,16,0.05,1000,0,0,0.736,0.736
3,1,bit_flip,16,0.05,1000,1,1,0.753,0.753
3,1,bit_flip,16,0.05,1000,2,2,0.734,0.7339999999999999
3,1,bit_flip,16,0.05,1000,3,3,0.755,0.755
3,1,bit_flip,16,0.05,1000,4,4,0.715,0.7150000000000001
3,1,bit_flip,16,0.1,1000,0,0,0.531,0.5310000000000001
3,1,bit_flip,16,0.1,1000,1,1,0.539,0.539
3,1,bit_flip,16,0.1,1000,2,2,0.551,0.551
3,1,bit_flip,16,0.1,1000,3,3,0.542,0.542
3,1,bit_flip,16,0.1,1000,4,4,0.517,0.5170000000000001
3,2,bit_flip,26,0.0,1000,0,0,1.0,1.0
3,2,bit_flip,26,0.0,1000,1,1,1.0,1.0
3,2,bit_flip,26,0.0,1000,2,2,1.0,1.0
3,2,bit_flip,26,0.0,1000,3,3,1.0,1.0
3,2,bit_flip,26,0.0,1000,4,4,1.0,1.0
3,2,bit_flip,26,0.001,1000,0,0,0.982,0.9820000000000001
3,2,bit_flip,26,0.001,1000,1,1,0.975,0.975
3,2,bit_flip,26,0.001,1000,2,2,0.984,0.984
3,2,bit_flip,26,0.001,1000,3,3,0.977,0.9770000000000001
3,2,bit_flip,26,0.001,1000,4,4,0.984,0.984
3,2,bit_flip,26,0.002,1000,0,0,0.959,0.9590000000000001
3,2,bit_flip,26,0.002,1000,1,1,0.963,0.9629999999999999
3,2,bit_flip,26,0.002,1000,2,2,0.96,0.96
3,2,bit_flip,26,0.002,1000,3,3,0.963,0.9629999999999999
3,2,bit_flip,26,0.002,1000,4,4,0.964,0.964
3,2,bit_flip,26,0.005,1000,0,0,0.921,0.9210000000000002
3,2,bit_flip,26,0.005,1000,1,1,0.92,0.92
3,2,bit_flip,26,0.005,1000,2,2,0.915,0.9150000000000001
3,2,bit_flip,26,0.005,1000,3,3,0.92,0.92
3,2,bit_flip,26,0.005,1000,4,4,0.919,0.9189999999999999
3,2,bit_flip,26,0.01,1000,0,0,0.859,0.859
3,2,bit_flip,26,0.01,1000,1,1,0.852,0.8520000000000001
3,2,bit_flip,26,0.01,1000,2,2,0.839,0.839
3,2,bit_flip,26,0.01,1000,3,3,0.848,0.848
3,2,bit_flip,26,0.01,1000,4,4,0.837,0.837
3,2,bit_flip,26,0.02,1000,0,0,0.718,0.718
3,2,bit_flip,26,0.02,1000,1,1,0.736,0.736
3,2,bit_flip,26,0.02,1000,2,2,0.714,0.7140000000000001
3,2,bit_flip,26,0.02,1000,3,3,0.716,0.7160000000000001
3,2,bit_flip,26,0.02,1000,4,4,0.7,0.7000000000000001
3,2,bit_flip,26,0.05,1000,0,0,0.426,0.426
3,2,bit_flip,26,0.05,1000,1,1,0.405,0.40499999999999997
3,2,bit_flip,26,0.05,1000,2,2,0.455,0.45500000000000007
3,2,bit_flip,26,0.05,1000,3,3,0.436,0.43600000000000005
3,2,bit_flip,26,0.05,1000,4,4,0.439,0.43899999999999995
3,2,bit_flip,26,0.1,1000,0,0,0.222,0.22199999999999998
3,2,bit_flip,26,0.1,1000,1,1,0.215,0.215
3,2,bit_flip,26,0.1,1000,2,2,0.245,0.24500000000000002
3,2,bit_flip,26,0.1,1000,3,3,0.226,0.22599999999999998
3,2,bit_flip,26,0.1,1000,4,4,0.226,0.22599999999999998
3,4,bit_flip,46,0.0,1000,0,0,1.0,1.0
3,4,bit_flip,46,0.0,1000,1,1,1.0,1.0
3,4,bit_flip,46,0.0,1000,2,2,1.0,1.0
3,4,bit_flip,46,0.0,1000,3,3,1.0,1.0
3,4,bit_flip,46,0.0,1000,4,4,1.0,1.0
3,4,bit_flip,46,0.001,1000,0,0,0.961,0.9609999999999999
3,4,bit_flip,46,0.001,1000,1,1,0.966,0.966
3,4,bit_flip,46,0.001,1000,2,2,0.964,0.964
3,4,bit_flip,46,0.001,1000,3,3,0.966,0.966
3,4,bit_flip,46,0.001,1000,4,4,0.965,0.965
3,4,bit_flip,46,0.002,1000,0,0,0.939,0.939
3,4,bit_flip,46,0.002,1000,1,1,0.931,0.9309999999999999
3,4,bit_flip,46,0.002,1000,2,2,0.935,0.9349999999999999
3,4,bit_flip,46,0.002,1000,3,3,0.939,0.939
3,4,bit_flip,46,0.002,1000,4,4,0.946,0.946
3,4,bit_flip,46,0.005,1000,0,0,0.876,0.8759999999999999
3,4,bit_flip,46,0.005,1000,1,1,0.861,0.861
3,4,bit_flip,46,0.005,1000,2,2,0.857,0.8570000000000001
3,4,bit_flip,46,0.005,1000,3,3,0.855,0.855
3,4,bit_flip,46,0.005,1000,4,4,0.853,0.8529999999999999
3,4,bit_flip,46,0.01,1000,0,0,0.737,0.737
3,4,bit_flip,46,0.01,1000,1,1,0.755,0.755
3,4,bit_flip,46,0.01,1000,2,2,0.734,0.7339999999999999
3,4,bit_flip,46,0.01,1000,3,3,0.755,0.755
3,4,bit_flip,46,0.01,1000,4,4,0.715,0.7150000000000001
3,4,bit_flip,46,0.02,1000,0,0,0.544,0.544
3,4,bit_flip,46,0.02,1000,1,1,0.549,0.5490000000000002
3,4,bit_flip,46,0.02,1000,2,2,0.564,0.564
3,4,bit_flip,46,0.02,1000,3,3,0.555,0.555
3,4,bit_flip,46,0.02,1000,4,4,0.53,0.53
3,4,bit_flip,46,0.05,1000,0,0,0.248,0.248
3,4,bit_flip,46,0.05,1000,1,1,0.244,0.24400000000000002
3,4,bit_flip,46,0.05,1000,2,2,0.264,0.26400000000000007
3,4,bit_flip,46,0.05,1000,3,3,0.255,0.255
3,4,bit_flip,46,0.05,1000,4,4,0.26,0.26
3,4,bit_flip,46,0.1,1000,0,0,0.135,0.135
3,4,bit_flip,46,0.1,1000,1,1,0.128,0.128
3,4,bit_flip,46,0.1,1000,2,2,0.142,0.14200000000000002
3,4,bit_flip,46,0.1,1000,3,3,0.135,0.135
3,4,bit_flip,46,0.1,1000,4,4,0.141,0.141
3,8,bit_flip,86,0.0,1000,0,0,1.0,1.0
3,8,bit_flip,86,0.0,1000,1,1,1.0,1.0
3,8,bit_flip,86,0.0,1000,2,2,1.0,1.0
3,8,bit_flip,86,0.0,1000,3,3,1.0,1.0
3,8,bit_flip,86,0.0,1000,4,4,1.0,1.0
3,8,bit_flip,86,0.001,1000,0,0,0.939,0.939
3,8,bit_flip,86,0.001,1000,1,1,0.936,0.9359999999999999
3,8,bit_flip,86,0.001,1000,2,2,0.939,0.939
3,8,bit_flip,86,0.001,1000,3,3,0.944,0.944
3,8,bit_flip,86,0.001,1000,4,4,0.947,0.9469999999999998
3,8,bit_flip,86,0.002,1000,0,0,0.895,0.895
3,8,bit_flip,86,0.002,1000,1,1,0.889,0.8889999999999999
3,8,bit_flip,86,0.002,1000,2,2,0.886,0.886
3,8,bit_flip,86,0.002,1000,3,3,0.895,0.895
3,8,bit_flip,86,0.002,1000,4,4,0.879,0.8790000000000001
3,8,bit_flip,86,0.005,1000,0,0,0.751,0.751
3,8,bit_flip,86,0.005,1000,1,1,0.768,0.768
3,8,bit_flip,86,0.005,1000,2,2,0.749,0.749
3,8,bit_flip,86,0.005,1000,3,3,0.764,0.764
3,8,bit_flip,86,0.005,1000,4,4,0.723,0.723
3,8,bit_flip,86,0.01,1000,0,0,0.565,0.5649999999999998
3,8,bit_flip,86,0.01,1000,1,1,0.568,0.5680000000000001
3,8,bit_flip,86,0.01,1000,2,2,0.581,0.581
3,8,bit_flip,86,0.01,1000,3,3,0.571,0.571
3,8,bit_flip,86,0.01,1000,4,4,0.544,0.544
3,8,bit_flip,86,0.02,1000,0,0,0.321,0.321
3,8,bit_flip,86,0.02,1000,1,1,0.316,0.31599999999999995
3,8,bit_flip,86,0.02,1000,2,2,0.345,0.34500000000000003
3,8,bit_flip,86,0.02,1000,3,3,0.343,0.343
3,8,bit_flip,86,0.02,1000,4,4,0.343,0.343
3,8,bit_flip,86,0.05,1000,0,0,0.146,0.146
3,8,bit_flip,86,0.05,1000,1,1,0.135,0.135
3,8,bit_flip,86,0.05,1000,2,2,0.15,0.15000000000000002
3,8,bit_flip,86,0.05,1000,3,3,0.14,0.14
3,8,bit_flip,86,0.05,1000,4,4,0.149,0.149
3,8,bit_flip,86,0.1,1000,0,0,0.118,0.11799999999999998
3,8,bit_flip,86,0.1,1000,1,1,0.102,0.10200000000000001
3,8,bit_flip,86,0.1,1000,2,2,0.123,0.12299999999999998
3,8,bit_flip,86,0.1,1000,3,3,0.119,0.119
3,8,bit_flip,86,0.1,1000,4,4,0.13,0.13000000000000003
3,16,bit_flip,166,0.0,1000,0,0,1.0,1.0
3,16,bit_flip,166,0.0,1000,1,1,1.0,1.0
3,16,bit_flip,166,0.0,1000,2,2,1.0,1.0
3,16,bit_flip,166,0.0,1000,3,3,1.0,1.0
3,16,bit_flip,166,0.0,1000,4,4,1.0,1.0
3,16,bit_flip,166,0.001,1000,0,0,0.896,0.896
3,16,bit_flip,166,0.001,1000,1,1,0.892,0.8919999999999999
3,16,bit_flip,166,0.001,1000,2,2,0.889,0.8889999999999999
3,16,bit_flip,166,0.001,1000,3,3,0.896,0.896
3,16,bit_flip,166,0.001,1000,4,4,0.882,0.8819999999999999
3,16,bit_flip,166,0.002,1000,0,0,0.811,0.8109999999999999
3,16,bit_flip,166,0.002,1000,1,1,0.816,0.8159999999999998
3,16,bit_flip,166,0.002,1000,2,2,0.794,0.794
3,16,bit_flip,166,0.002,1000,3,3,0.803,0.8029999999999999
3,16,bit_flip,166,0.002,1000,4,4,0.79,0.79
3,16,bit_flip,166,0.005,1000,0,0,0.572,0.572
3,16,bit_flip,166,0.005,1000,1,1,0.577,0.5770000000000001
3,16,bit_flip,166,0.005,1000,2,2,0.588,0.588
3,16,bit_flip,166,0.005,1000,3,3,0.583,0.583
3,16,bit_flip,166,0.005,1000,4,4,0.555,0.555
3,16,bit_flip,166,0.01,1000,0,0,0.33,0.32999999999999996
3,16,bit_flip,166,0.01,1000,1,1,0.324,0.32400000000000007
3,16,bit_flip,166,0.01,1000,2,2,0.354,0.3539999999999999
3,16,bit_flip,166,0.01,1000,3,3,0.352,0.352
3,16,bit_flip,166,0.01,1000,4,4,0.352,0.352
3,16,bit_flip,166,0.02,1000,0,0,0.178,0.178
3,16,bit_flip,166,0.02,1000,1,1,0.156,0.15599999999999997
3,16,bit_flip,166,0.02,1000,2,2,0.189,0.189
3,16,bit_flip,166,0.02,1000,3,3,0.171,0.171
3,16,bit_flip,166,0.02,1000,4,4,0.173,0.173
3,16,bit_flip,166,0.05,1000,0,0,0.12,0.12
3,16,bit_flip,166,0.05,1000,1,1,0.102,0.10200000000000001
3,16,bit_flip,166,0.05,1000,2,2,0.123,0.12299999999999998
3,16,bit_flip,166,0.05,1000,3,3,0.12,0.12
3,16,bit_flip,166,0.05,1000,4,4,0.131,0.13100000000000003
3,16,bit_flip,166,0.1,1000,0,0,0.117,0.11700000000000002
3,16,bit_flip,166,0.1,1000,1,1,0.101,0.101
3,16,bit_flip,166,0.1,1000,2,2,0.122,0.12200000000000001
3,16,bit_flip,166,0.1,1000,3,3,0.117,0.11700000000000002
3,16,bit_flip,166,0.1,1000,4,4,0.13,0.13000000000000003
3,32,bit_flip,326,0.0,1000,0,0,1.0,1.0
3,32,bit_flip,326,0.0,1000,1,1,1.0,1.0
3,32,bit_flip,326,0.0,1000,2,2,1.0,1.0
3,32,bit_flip,326,0.0,1000,3,3,1.0,1.0
3,32,bit_flip,326,0.0,1000,4,4,1.0,1.0
3,32,bit_flip,326,0.001,1000,0,0,0.813,0.813
3,32,bit_flip,326,0.001,1000,1,1,0.816,0.8159999999999998
3,32,bit_flip,326,0.001,1000,2,2,0.795,0.7950000000000002
3,32,bit_flip,326,0.001,1000,3,3,0.804,0.8040000000000002
3,32,bit_flip,326,0.001,1000,4,4,0.79,0.79
3,32,bit_flip,326,0.002,1000,0,0,0.646,0.646
3,32,bit_flip,326,0.002,1000,1,1,0.654,0.6540000000000001
3,32,bit_flip,326,0.002,1000,2,2,0.646,0.646
3,32,bit_flip,326,0.002,1000,3,3,0.653,0.653
3,32,bit_flip,326,0.002,1000,4,4,0.619,0.619
3,32,bit_flip,326,0.005,1000,0,0,0.333,0.333
3,32,bit_flip,326,0.005,1000,1,1,0.328,0.328
3,32,bit_flip,326,0.005,1000,2,2,0.358,0.358
3,32,bit_flip,326,0.005,1000,3,3,0.36,0.36
3,32,bit_flip,326,0.005,1000,4,4,0.356,0.356
3,32,bit_flip,326,0.01,1000,0,0,0.182,0.18199999999999997
3,32,bit_flip,326,0.01,1000,1,1,0.162,0.162
3,32,bit_flip,326,0.01,1000,2,2,0.197,0.19699999999999998
3,32,bit_flip,326,0.01,1000,3,3,0.178,0.178
3,32,bit_flip,326,0.01,1000,4,4,0.175,0.17500000000000002
3,32,bit_flip,326,0.02,1000,0,0,0.123,0.12299999999999998
3,32,bit_flip,326,0.02,1000,1,1,0.107,0.10700000000000001
3,32,bit_flip,326,0.02,1000,2,2,0.127,0.127
3,32,bit_flip,326,0.02,1000,3,3,0.122,0.12200000000000001
3,32,bit_flip,326,0.02,1000,4,4,0.135,0.135
3,32,bit_flip,326,0.05,1000,0,0,0.117,0.11700000000000002
3,32,bit_flip,326,0.05,1000,1,1,0.101,0.101
3,32,bit_flip,326,0.05,1000,2,2,0.122,0.12200000000000001
3,32,bit_flip,326,0.05,1000,3,3,0.117,0.11700000000000002
3,32,bit_flip,326,0.05,1000,4,4,0.13,0.13000000000000003
3,32,bit_flip,326,0.1,1000,0,0,0.117,0.11700000000000002
3,32,bit_flip,326,0.1,1000,1,1,0.101,0.101
3,32,bit_flip,326,0.1,1000,2,2,0.122,0.12200000000000001
3,32,bit_flip,326,0.1,1000,3,3,0.117,0.11700000000000002
3,32,bit_flip,326,0.1,1000,4,4,0.13,0.13000000000000003
4,1,bit_flip,22,0.0,1000,0,0,1.0,1.0
4,1,bit_flip,22,0.0,1000,1,1,1.0,1.0
4,1,bit_flip,22,0.0,1000,2,2,1.0,1.0
4,1,bit_flip,22,0.0,1000,3,3,1.0,1.0
4,1,bit_flip,22,0.0,1000,4,4,1.0,1.0
4,1,bit_flip,22,0.001,1000,0,0,0.988,0.988
4,1,bit_flip,22,0.001,1000,1,1,0.989,0.989
4,1,bit_flip,22,0.001,1000,2,2,0.99,0.99
4,1,bit_flip,22,0.001,1000,3,3,0.994,0.9939999999999999
4,1,bit_flip,22,0.001,1000,4,4,0.994,0.9939999999999999
4,1,bit_flip,22,0.002,1000,0,0,0.983,0.983
4,1,bit_flip,22,0.002,1000,1,1,0.975,0.975
4,1,bit_flip,22,0.002,1000,2,2,0.984,0.984
4,1,bit_flip,22,0.002,1000,3,3,0.979,0.9789999999999999
4,1,bit_flip,22,0.002,1000,4,4,0.984,0.984
4,1,bit_flip,22,0.005,1000,0,0,0.956,0.9559999999999998
4,1,bit_flip,22,0.005,1000,1,1,0.955,0.9550000000000001
4,1,bit_flip,22,0.005,1000,2,2,0.956,0.9559999999999998
4,1,bit_flip,22,0.005,1000,3,3,0.96,0.96
4,1,bit_flip,22,0.005,1000,4,4,0.961,0.9609999999999999
4,1,bit_flip,22,0.01,1000,0,0,0.922,0.922
4,1,bit_flip,22,0.01,1000,1,1,0.923,0.9229999999999999
4,1,bit_flip,22,0.01,1000,2,2,0.917,0.917
4,1,bit_flip,22,0.01,1000,3,3,0.923,0.9229999999999999
4,1,bit_flip,22,0.01,1000,4,4,0.922,0.922
4,1,bit_flip,22,0.02,1000,0,0,0.865,0.865
4,1,bit_flip,22,0.02,1000,1,1,0.855,0.855
4,1,bit_flip,22,0.02,1000,2,2,0.849,0.849
4,1,bit_flip,22,0.02,1000,3,3,0.852,0.8520000000000001
4,1,bit_flip,22,0.02,1000,4,4,0.841,0.841
4,1,bit_flip,22,0.05,1000,0,0,0.666,0.666
4,1,bit_flip,22,0.05,1000,1,1,0.682,0.682
4,1,bit_flip,22,0.05,1000,2,2,0.663,0.663
4,1,bit_flip,22,0.05,1000,3,3,0.672,0.672
4,1,bit_flip,22,0.05,1000,4,4,0.642,0.642
4,1,bit_flip,22,0.1,1000,0,0,0.412,0.4119999999999999
4,1,bit_flip,22,0.1,1000,1,1,0.401,0.401
4,1,bit_flip,22,0.1,1000,2,2,0.45,0.45
4,1,bit_flip,22,0.1,1000,3,3,0.426,0.426
4,1,bit_flip,22,0.1,1000,4,4,0.427,0.42699999999999994
4,2,bit_flip,36,0.0,1000,0,0,1.0,1.0
4,2,bit_flip,36,0.0,1000,1,1,1.0,1.0
4,2,bit_flip,36,0.0,1000,2,2,1.0,1.0
4,2,bit_flip,36,0.0,1000,3,3,1.0,1.0
4,2,bit_flip,36,0.0,1000,4,4,1.0,1.0
4,2,bit_flip,36,0.001,1000,0,0,0.969,0.9689999999999999
4,2,bit_flip,36,0.001,1000,1,1,0.968,0.968
4,2,bit_flip,36,0.001,1000,2,2,0.973,0.9729999999999999
4,2,bit_flip,36,0.001,1000,3,3,0.972,0.972
4,2,bit_flip,36,0.001,1000,4,4,0.972,0.972
4,2,bit_flip,36,0.002,1000,0,0,0.951,0.951
4,2,bit_flip,36,0.002,1000,1,1,0.946,0.946
4,2,bit_flip,36,0.002,1000,2,2,0.946,0.946
4,2,bit_flip,36,0.002,1000,3,3,0.953,0.953
4,2,bit_flip,36,0.002,1000,4,4,0.956,0.9559999999999998
4,2,bit_flip,36,0.005,1000,0,0,0.894,0.894
4,2,bit_flip,36,0.005,1000,1,1,0.885,0.8849999999999999
4,2,bit_flip,36,0.005,1000,2,2,0.885,0.8849999999999999
4,2,bit_flip,36,0.005,1000,3,3,0.89,0.89
4,2,bit_flip,36,0.005,1000,4,4,0.873,0.873
4,2,bit_flip,36,0.01,1000,0,0,0.795,0.7950000000000002
4,2,bit_flip,36,0.01,1000,1,1,0.809,0.809
4,2,bit_flip,36,0.01,1000,2,2,0.787,0.7869999999999999
4,2,bit_flip,36,0.01,1000,3,3,0.791,0.7909999999999999
4,2,bit_flip,36,0.01,1000,4,4,0.777,0.7770000000000001
4,2,bit_flip,36,0.02,1000,0,0,0.625,0.6250000000000001
4,2,bit_flip,36,0.02,1000,1,1,0.629,0.6290000000000001
4,2,bit_flip,36,0.02,1000,2,2,0.635,0.635
4,2,bit_flip,36,0.02,1000,3,3,0.631,0.631
4,2,bit_flip,36,0.02,1000,4,4,0.6,0.6000000000000001
4,2,bit_flip,36,0.05,1000,0,0,0.298,0.29799999999999993
4,2,bit_flip,36,0.05,1000,1,1,0.294,0.29399999999999993
4,2,bit_flip,36,0.05,1000,2,2,0.313,0.31299999999999994
4,2,bit_flip,36,0.05,1000,3,3,0.316,0.31599999999999995
4,2,bit_flip,36,0.05,1000,4,4,0.316,0.31599999999999995
4,2,bit_flip,36,0.1,1000,0,0,0.126,0.12599999999999997
4,2,bit_flip,36,0.1,1000,1,1,0.118,0.11799999999999998
4,2,bit_flip,36,0.1,1000,2,2,0.134,0.13400000000000004
4,2,bit_flip,36,0.1,1000,3,3,0.128,0.128
4,2,bit_flip,36,0.1,1000,4,4,0.135,0.135
4,4,bit_flip,64,0.0,1000,0,0,1.0,1.0
4,4,bit_flip,64,0.0,1000,1,1,1.0,1.0
4,4,bit_flip,64,0.0,1000,2,2,1.0,1.0
4,4,bit_flip,64,0.0,1000,3,3,1.0,1.0
4,4,bit_flip,64,0.0,1000,4,4,1.0,1.0
4,4,bit_flip,64,0.001,1000,0,0,0.954,0.954
4,4,bit_flip,64,0.001,1000,1,1,0.953,0.953
4,4,bit_flip,64,0.001,1000,2,2,0.953,0.953
4,4,bit_flip,64,0.001,1000,3,3,0.959,0.9590000000000001
4,4,bit_flip,64,0.001,1000,4,4,0.958,0.9580000000000001
4,4,bit_flip,64,0.002,1000,0,0,0.919,0.9189999999999999
4,4,bit_flip,64,0.002,1000,1,1,0.917,0.917
4,4,bit_flip,64,0.002,1000,2,2,0.913,0.9129999999999999
4,4,bit_flip,64,0.002,1000,3,3,0.917,0.917
4,4,bit_flip,64,0.002,1000,4,4,0.916,0.916
4,4,bit_flip,64,0.005,1000,0,0,0.816,0.8159999999999998
4,4,bit_flip,64,0.005,1000,1,1,0.821,0.821
4,4,bit_flip,64,0.005,1000,2,2,0.797,0.797
4,4,bit_flip,64,0.005,1000,3,3,0.808,0.808
4,4,bit_flip,64,0.005,1000,4,4,0.791,0.7909999999999999
4,4,bit_flip,64,0.01,1000,0,0,0.65,0.6500000000000001
4,4,bit_flip,64,0.01,1000,1,1,0.657,0.6570000000000001
4,4,bit_flip,64,0.01,1000,2,2,0.651,0.651
4,4,bit_flip,64,0.01,1000,3,3,0.654,0.6540000000000001
4,4,bit_flip,64,0.01,1000,4,4,0.622,0.6219999999999999
4,4,bit_flip,64,0.02,1000,0,0,0.404,0.404
4,4,bit_flip,64,0.02,1000,1,1,0.392,0.392
4,4,bit_flip,64,0.02,1000,2,2,0.439,0.43899999999999995
4,4,bit_flip,64,0.02,1000,3,3,0.412,0.4119999999999999
4,4,bit_flip,64,0.02,1000,4,4,0.422,0.42200000000000004
4,4,bit_flip,64,0.05,1000,0,0,0.149,0.149
4,4,bit_flip,64,0.05,1000,1,1,0.136,0.136
4,4,bit_flip,64,0.05,1000,2,2,0.15,0.15000000000000002
4,4,bit_flip,64,0.05,1000,3,3,0.141,0.141
4,4,bit_flip,64,0.05,1000,4,4,0.149,0.149
4,4,bit_flip,64,0.1,1000,0,0,0.065,0.065
4,4,bit_flip,64,0.1,1000,1,1,0.054,0.05399999999999999
4,4,bit_flip,64,0.1,1000,2,2,0.071,0.07099999999999998
4,4,bit_flip,64,0.1,1000,3,3,0.065,0.065
4,4,bit_flip,64,0.1,1000,4,4,0.088,0.088
4,8,bit_flip,120,0.0,1000,0,0,1.0,1.0
4,8,bit_flip,120,0.0,1000,1,1,1.0,1.0
4,8,bit_flip,120,0.0,1000,2,2,1.0,1.0
4,8,bit_flip,120,0.0,1000,3,3,1.0,1.0
4,8,bit_flip,120,0.0,1000,4,4,1.0,1.0
4,8,bit_flip,120,0.001,1000,0,0,0.921,0.9210000000000002
4,8,bit_flip,120,0.001,1000,1,1,0.922,0.922
4,8,bit_flip,120,0.001,1000,2,2,0.915,0.9150000000000001
4,8,bit_flip,120,0.001,1000,3,3,0.922,0.922
4,8,bit_flip,120,0.001,1000,4,4,0.919,0.9189999999999999
4,8,bit_flip,120,0.002,1000,0,0,0.862,0.8619999999999999
4,8,bit_flip,120,0.002,1000,1,1,0.852,0.8520000000000001
4,8,bit_flip,120,0.002,1000,2,2,0.84,0.84
4,8,bit_flip,120,0.002,1000,3,3,0.848,0.848
4,8,bit_flip,120,0.002,1000,4,4,0.837,0.837
4,8,bit_flip,120,0.005,1000,0,0,0.66,0.66
4,8,bit_flip,120,0.005,1000,1,1,0.676,0.676
4,8,bit_flip,120,0.005,1000,2,2,0.659,0.659
4,8,bit_flip,120,0.005,1000,3,3,0.67,0.6700000000000002
4,8,bit_flip,120,0.005,1000,4,4,0.639,0.6390000000000001
4,8,bit_flip,120,0.01,1000,0,0,0.424,0.42399999999999993
4,8,bit_flip,120,0.01,1000,1,1,0.405,0.40499999999999997
4,8,bit_flip,120,0.01,1000,2,2,0.455,0.45500000000000007
4,8,bit_flip,120,0.01,1000,3,3,0.436,0.43600000000000005
4,8,bit_flip,120,0.01,1000,4,4,0.438,0.43800000000000006
4,8,bit_flip,120,0.02,1000,0,0,0.207,0.207
4,8,bit_flip,120,0.02,1000,1,1,0.199,0.19900000000000004
4,8,bit_flip,120,0.02,1000,2,2,0.231,0.231
4,8,bit_flip,120,0.02,1000,3,3,0.214,0.214
4,8,bit_flip,120,0.02,1000,4,4,0.205,0.205
4,8,bit_flip,120,0.05,1000,0,0,0.071,0.07099999999999998
4,8,bit_flip,120,0.05,1000,1,1,0.055,0.05500000000000001
4,8,bit_flip,120,0.05,1000,2,2,0.075,0.07499999999999998
4,8,bit_flip,120,0.05,1000,3,3,0.066,0.06600000000000002
4,8,bit_flip,120,0.05,1000,4,4,0.089,0.089
4,8,bit_flip,120,0.1,1000,0,0,0.056,0.056
4,8,bit_flip,120,0.1,1000,1,1,0.049,0.049
4,8,bit_flip,120,0.1,1000,2,2,0.062,0.062
4,8,bit_flip,120,0.1,1000,3,3,0.059,0.059
4,8,bit_flip,120,0.1,1000,4,4,0.077,0.077
4,16,bit_flip,232,0.0,1000,0,0,1.0,1.0
4,16,bit_flip,232,0.0,1000,1,1,1.0,1.0
4,16,bit_flip,232,0.0,1000,2,2,1.0,1.0
4,16,bit_flip,232,0.0,1000,3,3,1.0,1.0
4,16,bit_flip,232,0.0,1000,4,4,1.0,1.0
4,16,bit_flip,232,0.001,1000,0,0,0.864,0.8639999999999999
4,16,bit_flip,232,0.001,1000,1,1,0.855,0.855
4,16,bit_flip,232,0.001,1000,2,2,0.848,0.848
4,16,bit_flip,232,0.001,1000,3,3,0.851,0.851
4,16,bit_flip,232,0.001,1000,4,4,0.839,0.839
4,16,bit_flip,232,0.002,1000,0,0,0.725,0.7249999999999999
4,16,bit_flip,232,0.002,1000,1,1,0.741,0.7410000000000001
4,16,bit_flip,232,0.002,1000,2,2,0.726,0.726
4,16,bit_flip,232,0.002,1000,3,3,0.73,0.73
4,16,bit_flip,232,0.002,1000,4,4,0.707,0.707
4,16,bit_flip,232,0.005,1000,0,0,0.44,0.43999999999999995
4,16,bit_flip,232,0.005,1000,1,1,0.416,0.41600000000000004
4,16,bit_flip,232,0.005,1000,2,2,0.466,0.4660000000000001
4,16,bit_flip,232,0.005,1000,3,3,0.443,0.443
4,16,bit_flip,232,0.005,1000,4,4,0.448,0.448
4,16,bit_flip,232,0.01,1000,0,0,0.216,0.21599999999999997
4,16,bit_flip,232,0.01,1000,1,1,0.21,0.21
4,16,bit_flip,232,0.01,1000,2,2,0.24,0.24
4,16,bit_flip,232,0.01,1000,3,3,0.221,0.22100000000000003
4,16,bit_flip,232,0.01,1000,4,4,0.219,0.21899999999999997
4,16,bit_flip,232,0.02,1000,0,0,0.093,0.09300000000000001
4,16,bit_flip,232,0.02,1000,1,1,0.081,0.08100000000000002
4,16,bit_flip,232,0.02,1000,2,2,0.093,0.09300000000000001
4,16,bit_flip,232,0.02,1000,3,3,0.089,0.089
4,16,bit_flip,232,0.02,1000,4,4,0.106,0.10599999999999998
4,16,bit_flip,232,0.05,1000,0,0,0.056,0.056
4,16,bit_flip,232,0.05,1000,1,1,0.049,0.049
4,16,bit_flip,232,0.05,1000,2,2,0.062,0.062
4,16,bit_flip,232,0.05,1000,3,3,0.059,0.059
4,16,bit_flip,232,0.05,1000,4,4,0.077,0.077
4,16,bit_flip,232,0.1,1000,0,0,0.055,0.05500000000000001
4,16,bit_flip,232,0.1,1000,1,1,0.049,0.049
4,16,bit_flip,232,0.1,1000,2,2,0.062,0.062
4,16,bit_flip,232,0.1,1000,3,3,0.059,0.059
4,16,bit_flip,232,0.1,1000,4,4,0.077,0.077
4,32,bit_flip,456,0.0,1000,0,0,1.0,1.0
4,32,bit_flip,456,0.0,1000,1,1,1.0,1.0
4,32,bit_flip,456,0.0,1000,2,2,1.0,1.0
4,32,bit_flip,456,0.0,1000,3,3,1.0,1.0
4,32,bit_flip,456,0.0,1000,4,4,1.0,1.0
4,32,bit_flip,456,0.001,1000,0,0,0.728,0.7279999999999999
4,32,bit_flip,456,0.001,1000,1,1,0.744,0.7440000000000001
4,32,bit_flip,456,0.001,1000,2,2,0.728,0.7279999999999999
4,32,bit_flip,456,0.001,1000,3,3,0.734,0.7339999999999999
4,32,bit_flip,456,0.001,1000,4,4,0.708,0.708
4,32,bit_flip,456,0.002,1000,0,0,0.528,0.528
4,32,bit_flip,456,0.002,1000,1,1,0.535,0.5350000000000001
4,32,bit_flip,456,0.002,1000,2,2,0.546,0.546
4,32,bit_flip,456,0.002,1000,3,3,0.536,0.5360000000000001
4,32,bit_flip,456,0.002,1000,4,4,0.512,0.512
4,32,bit_flip,456,0.005,1000,0,0,0.221,0.22100000000000003
4,32,bit_flip,456,0.005,1000,1,1,0.213,0.21300000000000002
4,32,bit_flip,456,0.005,1000,2,2,0.242,0.242
4,32,bit_flip,456,0.005,1000,3,3,0.222,0.22199999999999998
4,32,bit_flip,456,0.005,1000,4,4,0.225,0.22499999999999998
4,32,bit_flip,456,0.01,1000,0,0,0.094,0.09399999999999999
4,32,bit_flip,456,0.01,1000,1,1,0.082,0.082
4,32,bit_flip,456,0.01,1000,2,2,0.094,0.09399999999999999
4,32,bit_flip,456,0.01,1000,3,3,0.092,0.09200000000000001
4,32,bit_flip,456,0.01,1000,4,4,0.109,0.10900000000000001
4,32,bit_flip,456,0.02,1000,0,0,0.057,0.05700000000000001
4,32,bit_flip,456,0.02,1000,1,1,0.05,0.049999999999999996
4,32,bit_flip,456,0.02,1000,2,2,0.062,0.062
4,32,bit_flip,456,0.02,1000,3,3,0.063,0.06299999999999999
4,32,bit_flip,456,0.02,1000,4,4,0.078,0.078
4,32,bit_flip,456,0.05,1000,0,0,0.055,0.05500000000000001
4,32,bit_flip,456,0.05,1000,1,1,0.049,0.049
4,32,bit_flip,456,0.05,1000,2,2,0.062,0.062
4,32,bit_flip,456,0.05,1000,3,3,0.059,0.059
4,32,bit_flip,456,0.05,1000,4,4,0.077,0.077
4,32,bit_flip,456,0.1,1000,0,0,0.055,0.05500000000000001
4,32,bit_flip,456,0.1,1000,1,1,0.049,0.049
4,32,bit_flip,456,0.1,1000,2,2,0.062,0.062
4,32,bit_flip,456,0.1,1000,3,3,0.059,0.059
4,32,bit_flip,456,0.1,1000,4,4,0.077,0.077
5,1,bit_flip,28,0.0,1000,0,0,1.0,1.0
5,1,bit_flip,28,0.0,1000,1,1,1.0,1.0
5,1,bit_flip,28,0.0,1000,2,2,1.0,1.0
5,1,bit_flip,28,0.0,1000,3,3,1.0,1.0
5,1,bit_flip,28,0.0,1000,4,4,1.0,1.0
5,1,bit_flip,28,0.001,1000,0,0,0.988,0.988
5,1,bit_flip,28,0.001,1000,1,1,0.986,0.986
5,1,bit_flip,28,0.001,1000,2,2,0.988,0.988
5,1,bit_flip,28,0.001,1000,3,3,0.991,0.9909999999999999
5,1,bit_flip,28,0.001,1000,4,4,0.992,0.992
5,1,bit_flip,28,0.002,1000,0,0,0.977,0.9770000000000001
5,1,bit_flip,28,0.002,1000,1,1,0.972,0.972
5,1,bit_flip,28,0.002,1000,2,2,0.98,0.9800000000000001
5,1,bit_flip,28,0.002,1000,3,3,0.977,0.9770000000000001
5,1,bit_flip,28,0.002,1000,4,4,0.98,0.9800000000000001
5,1,bit_flip,28,0.005,1000,0,0,0.949,0.949
5,1,bit_flip,28,0.005,1000,1,1,0.943,0.943
5,1,bit_flip,28,0.005,1000,2,2,0.946,0.946
5,1,bit_flip,28,0.005,1000,3,3,0.952,0.9519999999999998
5,1,bit_flip,28,0.005,1000,4,4,0.955,0.9550000000000001
5,1,bit_flip,28,0.01,1000,0,0,0.908,0.9080000000000001
5,1,bit_flip,28,0.01,1000,1,1,0.902,0.902
5,1,bit_flip,28,0.01,1000,2,2,0.906,0.9059999999999999
5,1,bit_flip,28,0.01,1000,3,3,0.906,0.9059999999999999
5,1,bit_flip,28,0.01,1000,4,4,0.896,0.896
5,1,bit_flip,28,0.02,1000,0,0,0.825,0.825
5,1,bit_flip,28,0.02,1000,1,1,0.832,0.8319999999999999
5,1,bit_flip,28,0.02,1000,2,2,0.811,0.8109999999999999
5,1,bit_flip,28,0.02,1000,3,3,0.819,0.819
5,1,bit_flip,28,0.02,1000,4,4,0.809,0.809
5,1,bit_flip,28,0.05,1000,0,0,0.598,0.598
5,1,bit_flip,28,0.05,1000,1,1,0.6,0.6000000000000001
5,1,bit_flip,28,0.05,1000,2,2,0.61,0.61
5,1,bit_flip,28,0.05,1000,3,3,0.608,0.608
5,1,bit_flip,28,0.05,1000,4,4,0.576,0.576
5,1,bit_flip,28,0.1,1000,0,0,0.323,0.323
5,1,bit_flip,28,0.1,1000,1,1,0.321,0.321
5,1,bit_flip,28,0.1,1000,2,2,0.35,0.35
5,1,bit_flip,28,0.1,1000,3,3,0.349,0.3489999999999999
5,1,bit_flip,28,0.1,1000,4,4,0.346,0.346
5,2,bit_flip,46,0.0,1000,0,0,1.0,1.0
5,2,bit_flip,46,0.0,1000,1,1,1.0,1.0
5,2,bit_flip,46,0.0,1000,2,2,1.0,1.0
5,2,bit_flip,46,0.0,1000,3,3,1.0,1.0
5,2,bit_flip,46,0.0,1000,4,4,1.0,1.0
5,2,bit_flip,46,0.001,1000,0,0,0.961,0.9609999999999999
5,2,bit_flip,46,0.001,1000,1,1,0.966,0.966
5,2,bit_flip,46,0.001,1000,2,2,0.964,0.964
5,2,bit_flip,46,0.001,1000,3,3,0.966,0.966
5,2,bit_flip,46,0.001,1000,4,4,0.965,0.965
5,2,bit_flip,46,0.002,1000,0,0,0.939,0.939
5,2,bit_flip,46,0.002,1000,1,1,0.931,0.9309999999999999
5,2,bit_flip,46,0.002,1000,2,2,0.935,0.9349999999999999
5,2,bit_flip,46,0.002,1000,3,3,0.939,0.939
5,2,bit_flip,46,0.002,1000,4,4,0.946,0.946
5,2,bit_flip,46,0.005,1000,0,0,0.872,0.8720000000000001
5,2,bit_flip,46,0.005,1000,1,1,0.859,0.859
5,2,bit_flip,46,0.005,1000,2,2,0.855,0.855
5,2,bit_flip,46,0.005,1000,3,3,0.855,0.855
5,2,bit_flip,46,0.005,1000,4,4,0.852,0.8520000000000001
5,2,bit_flip,46,0.01,1000,0,0,0.733,0.733
5,2,bit_flip,46,0.01,1000,1,1,0.752,0.752
5,2,bit_flip,46,0.01,1000,2,2,0.73,0.73
5,2,bit_flip,46,0.01,1000,3,3,0.751,0.751
5,2,bit_flip,46,0.01,1000,4,4,0.713,0.713
5,2,bit_flip,46,0.02,1000,0,0,0.535,0.5350000000000001
5,2,bit_flip,46,0.02,1000,1,1,0.542,0.542
5,2,bit_flip,46,0.02,1000,2,2,0.555,0.555
5,2,bit_flip,46,0.02,1000,3,3,0.547,0.5470000000000002
5,2,bit_flip,46,0.02,1000,4,4,0.521,0.521
5,2,bit_flip,46,0.05,1000,0,0,0.218,0.21800000000000003
5,2,bit_flip,46,0.05,1000,1,1,0.211,0.21100000000000002
5,2,bit_flip,46,0.05,1000,2,2,0.241,0.241
5,2,bit_flip,46,0.05,1000,3,3,0.221,0.22100000000000003
5,2,bit_flip,46,0.05,1000,4,4,0.22,0.22000000000000003
5,2,bit_flip,46,0.1,1000,0,0,0.076,0.076
5,2,bit_flip,46,0.1,1000,1,1,0.06,0.06
5,2,bit_flip,46,0.1,1000,2,2,0.076,0.076
5,2,bit_flip,46,0.1,1000,3,3,0.07,0.07
5,2,bit_flip,46,0.1,1000,4,4,0.091,0.09100000000000001
5,4,bit_flip,82,0.0,1000,0,0,1.0,1.0
5,4,bit_flip,82,0.0,1000,1,1,1.0,1.0
5,4,bit_flip,82,0.0,1000,2,2,1.0,1.0
5,4,bit_flip,82,0.0,1000,3,3,1.0,1.0
5,4,bit_flip,82,0.0,1000,4,4,1.0,1.0
5,4,bit_flip,82,0.001,1000,0,0,0.942,0.942
5,4,bit_flip,82,0.001,1000,1,1,0.937,0.937
5,4,bit_flip,82,0.001,1000,2,2,0.941,0.9410000000000001
5,4,bit_flip,82,0.001,1000,3,3,0.946,0.946
5,4,bit_flip,82,0.001,1000,4,4,0.951,0.951
5,4,bit_flip,82,0.002,1000,0,0,0.897,0.8969999999999999
5,4,bit_flip,82,0.002,1000,1,1,0.892,0.8919999999999999
5,4,bit_flip,82,0.002,1000,2,2,0.891,0.8910000000000001
5,4,bit_flip,82,0.002,1000,3,3,0.896,0.896
5,4,bit_flip,82,0.002,1000,4,4,0.882,0.8819999999999999
5,4,bit_flip,82,0.005,1000,0,0,0.759,0.759
5,4,bit_flip,82,0.005,1000,1,1,0.77,0.77
5,4,bit_flip,82,0.005,1000,2,2,0.754,0.7540000000000001
5,4,bit_flip,82,0.005,1000,3,3,0.767,0.7670000000000001
5,4,bit_flip,82,0.005,1000,4,4,0.73,0.73
5,4,bit_flip,82,0.01,1000,0,0,0.565,0.5649999999999998
5,4,bit_flip,82,0.01,1000,1,1,0.568,0.5680000000000001
5,4,bit_flip,82,0.01,1000,2,2,0.581,0.581
5,4,bit_flip,82,0.01,1000,3,3,0.572,0.572
5,4,bit_flip,82,0.01,1000,4,4,0.545,0.545
5,4,bit_flip,82,0.02,1000,0,0,0.306,0.30599999999999994
5,4,bit_flip,82,0.02,1000,1,1,0.304,0.304
5,4,bit_flip,82,0.02,1000,2,2,0.328,0.328
5,4,bit_flip,82,0.02,1000,3,3,0.33,0.32999999999999996
5,4,bit_flip,82,0.02,1000,4,4,0.33,0.32999999999999996
5,4,bit_flip,82,0.05,1000,0,0,0.081,0.08100000000000002
5,4,bit_flip,82,0.05,1000,1,1,0.067,0.067
5,4,bit_flip,82,0.05,1000,2,2,0.086,0.08599999999999998
5,4,bit_flip,82,0.05,1000,3,3,0.084,0.08399999999999999
5,4,bit_flip,82,0.05,1000,4,4,0.101,0.101
5,4,bit_flip,82,0.1,1000,0,0,0.028,0.028
5,4,bit_flip,82,0.1,1000,1,1,0.027,0.027000000000000003
5,4,bit_flip,82,0.1,1000,2,2,0.037,0.037000000000000005
5,4,bit_flip,82,0.1,1000,3,3,0.043,0.043
5,4,bit_flip,82,0.1,1000,4,4,0.043,0.043
5,8,bit_flip,154,0.0,1000,0,0,1.0,1.0
5,8,bit_flip,154,0.0,1000,1,1,1.0,1.0
5,8,bit_flip,154,0.0,1000,2,2,1.0,1.0
5,8,bit_flip,154,0.0,1000,3,3,1.0,1.0
5,8,bit_flip,154,0.0,1000,4,4,1.0,1.0
5,8,bit_flip,154,0.001,1000,0,0,0.898,0.8979999999999999
5,8,bit_flip,154,0.001,1000,1,1,0.899,0.899
5,8,bit_flip,154,0.001,1000,2,2,0.897,0.8969999999999999
5,8,bit_flip,154,0.001,1000,3,3,0.901,0.901
5,8,bit_flip,154,0.001,1000,4,4,0.887,0.887
5,8,bit_flip,154,0.002,1000,0,0,0.817,0.8170000000000001
5,8,bit_flip,154,0.002,1000,1,1,0.824,0.8240000000000001
5,8,bit_flip,154,0.002,1000,2,2,0.798,0.798
5,8,bit_flip,154,0.002,1000,3,3,0.809,0.809
5,8,bit_flip,154,0.002,1000,4,4,0.794,0.794
5,8,bit_flip,154,0.005,1000,0,0,0.579,0.579
5,8,bit_flip,154,0.005,1000,1,1,0.586,0.586
5,8,bit_flip,154,0.005,1000,2,2,0.593,0.593
5,8,bit_flip,154,0.005,1000,3,3,0.589,0.589
5,8,bit_flip,154,0.005,1000,4,4,0.562,0.562
5,8,bit_flip,154,0.01,1000,0,0,0.322,0.322
5,8,bit_flip,154,0.01,1000,1,1,0.317,0.317
5,8,bit_flip,154,0.01,1000,2,2,0.346,0.346
5,8,bit_flip,154,0.01,1000,3,3,0.344,0.3439999999999999
5,8,bit_flip,154,0.01,1000,4,4,0.344,0.3439999999999999
5,8,bit_flip,154,0.02,1000,0,0,0.129,0.129
5,8,bit_flip,154,0.02,1000,1,1,0.122,0.12200000000000001
5,8,bit_flip,154,0.02,1000,2,2,0.141,0.141
5,8,bit_flip,154,0.02,1000,3,3,0.135,0.135
5,8,bit_flip,154,0.02,1000,4,4,0.139,0.139
5,8,bit_flip,154,0.05,1000,0,0,0.029,0.029000000000000005
5,8,bit_flip,154,0.05,1000,1,1,0.027,0.027000000000000003
5,8,bit_flip,154,0.05,1000,2,2,0.039,0.03899999999999999
5,8,bit_flip,154,0.05,1000,3,3,0.043,0.043
5,8,bit_flip,154,0.05,1000,4,4,0.045,0.045
5,8,bit_flip,154,0.1,1000,0,0,0.025,0.025
5,8,bit_flip,154,0.1,1000,1,1,0.024,0.024
5,8,bit_flip,154,0.1,1000,2,2,0.033,0.033
5,8,bit_flip,154,0.1,1000,3,3,0.037,0.037000000000000005
5,8,bit_flip,154,0.1,1000,4,4,0.037,0.037000000000000005
5,16,bit_flip,298,0.0,1000,0,0,1.0,1.0
5,16,bit_flip,298,0.0,1000,1,1,1.0,1.0
5,16,bit_flip,298,0.0,1000,2,2,1.0,1.0
5,16,bit_flip,298,0.0,1000,3,3,1.0,1.0
5,16,bit_flip,298,0.0,1000,4,4,1.0,1.0
5,16,bit_flip,298,0.001,1000,0,0,0.819,0.819
5,16,bit_flip,298,0.001,1000,1,1,0.826,0.826
5,16,bit_flip,298,0.001,1000,2,2,0.8,0.7999999999999999
5,16,bit_flip,298,0.001,1000,3,3,0.813,0.813
5,16,bit_flip,298,0.001,1000,4,4,0.797,0.797
5,16,bit_flip,298,0.002,1000,0,0,0.656,0.6560000000000001
5,16,bit_flip,298,0.002,1000,1,1,0.667,0.6670000000000001
5,16,bit_flip,298,0.002,1000,2,2,0.657,0.6570000000000001
5,16,bit_flip,298,0.002,1000,3,3,0.664,0.6640000000000001
5,16,bit_flip,298,0.002,1000,4,4,0.628,0.628
5,16,bit_flip,298,0.005,1000,0,0,0.33,0.32999999999999996
5,16,bit_flip,298,0.005,1000,1,1,0.323,0.323
5,16,bit_flip,298,0.005,1000,2,2,0.353,0.353
5,16,bit_flip,298,0.005,1000,3,3,0.351,0.3509999999999999
5,16,bit_flip,298,0.005,1000,4,4,0.352,0.352
5,16,bit_flip,298,0.01,1000,0,0,0.14,0.14
5,16,bit_flip,298,0.01,1000,1,1,0.131,0.13100000000000003
5,16,bit_flip,298,0.01,1000,2,2,0.146,0.146
5,16,bit_flip,298,0.01,1000,3,3,0.137,0.13699999999999998
5,16,bit_flip,298,0.01,1000,4,4,0.143,0.143
5,16,bit_flip,298,0.02,1000,0,0,0.041,0.04100000000000001
5,16,bit_flip,298,0.02,1000,1,1,0.035,0.035
5,16,bit_flip,298,0.02,1000,2,2,0.05,0.049999999999999996
5,16,bit_flip,298,0.02,1000,3,3,0.051,0.05099999999999999
5,16,bit_flip,298,0.02,1000,4,4,0.057,0.05700000000000001
5,16,bit_flip,298,0.05,1000,0,0,0.025,0.025
5,16,bit_flip,298,0.05,1000,1,1,0.024,0.024
5,16,bit_flip,298,0.05,1000,2,2,0.033,0.033
5,16,bit_flip,298,0.05,1000,3,3,0.037,0.037000000000000005
5,16,bit_flip,298,0.05,1000,4,4,0.037,0.037000000000000005
5,16,bit_flip,298,0.1,1000,0,0,0.025,0.025
5,16,bit_flip,298,0.1,1000,1,1,0.024,0.024
5,16,bit_flip,298,0.1,1000,2,2,0.033,0.033
5,16,bit_flip,298,0.1,1000,3,3,0.037,0.037000000000000005
5,16,bit_flip,298,0.1,1000,4,4,0.037,0.037000000000000005
5,32,bit_flip,586,0.0,1000,0,0,1.0,1.0
5,32,bit_flip,586,0.0,1000,1,1,1.0,1.0
5,32,bit_flip,586,0.0,1000,2,2,1.0,1.0
5,32,bit_flip,586,0.0,1000,3,3,1.0,1.0
5,32,bit_flip,586,0.0,1000,4,4,1.0,1.0
5,32,bit_flip,586,0.001,1000,0,0,0.657,0.6570000000000001
5,32,bit_flip,586,0.001,1000,1,1,0.671,0.671
5,32,bit_flip,586,0.001,1000,2,2,0.658,0.658
5,32,bit_flip,586,0.001,1000,3,3,0.669,0.6689999999999999
5,32,bit_flip,586,0.001,1000,4,4,0.633,0.633
5,32,bit_flip,586,0.002,1000,0,0,0.414,0.4139999999999999
5,32,bit_flip,586,0.002,1000,1,1,0.401,0.401
5,32,bit_flip,586,0.002,1000,2,2,0.453,0.45300000000000007
5,32,bit_flip,586,0.002,1000,3,3,0.432,0.43200000000000005
5,32,bit_flip,586,0.002,1000,4,4,0.432,0.43200000000000005
5,32,bit_flip,586,0.005,1000,0,0,0.143,0.143
5,32,bit_flip,586,0.005,1000,1,1,0.134,0.13400000000000004
5,32,bit_flip,586,0.005,1000,2,2,0.149,0.149
5,32,bit_flip,586,0.005,1000,3,3,0.139,0.139
5,32,bit_flip,586,0.005,1000,4,4,0.148,0.14800000000000002
5,32,bit_flip,586,0.01,1000,0,0,0.042,0.042
5,32,bit_flip,586,0.01,1000,1,1,0.035,0.035
5,32,bit_flip,586,0.01,1000,2,2,0.051,0.05099999999999999
5,32,bit_flip,586,0.01,1000,3,3,0.051,0.05099999999999999
5,32,bit_flip,586,0.01,1000,4,4,0.061,0.061000000000000006
5,32,bit_flip,586,0.02,1000,0,0,0.025,0.025
5,32,bit_flip,586,0.02,1000,1,1,0.024,0.024
5,32,bit_flip,586,0.02,1000,2,2,0.035,0.035
5,32,bit_flip,586,0.02,1000,3,3,0.039,0.03899999999999999
5,32,bit_flip,586,0.02,1000,4,4,0.037,0.037000000000000005
5,32,bit_flip,586,0.05,1000,0,0,0.025,0.025
5,32,bit_flip,586,0.05,1000,1,1,0.024,0.024
5,32,bit_flip,586,0.05,1000,2,2,0.033,0.033
5,32,bit_flip,586,0.05,1000,3,3,0.037,0.037000000000000005
5,32,bit_flip,586,0.05,1000,4,4,0.037,0.037000000000000005
5,32,bit_flip,586,0.1,1000,0,0,0.025,0.025
5,32,bit_flip,586,0.1,1000,1,1,0.024,0.024
5,32,bit_flip,586,0.1,1000,2,2,0.033,0.033
5,32,bit_flip,586,0.1,1000,3,3,0.037,0.037000000000000005
5,32,bit_flip,586,0.1,1000,4,4,0.037,0.037000000000000005
6,1,bit_flip,34,0.0,1000,0,0,1.0,1.0
6,1,bit_flip,34,0.0,1000,1,1,1.0,1.0
6,1,bit_flip,34,0.0,1000,2,2,1.0,1.0
6,1,bit_flip,34,0.0,1000,3,3,1.0,1.0
6,1,bit_flip,34,0.0,1000,4,4,1.0,1.0
6,1,bit_flip,34,0.001,1000,0,0,0.988,0.988
6,1,bit_flip,34,0.001,1000,1,1,0.981,0.9809999999999999
6,1,bit_flip,34,0.001,1000,2,2,0.986,0.986
6,1,bit_flip,34,0.001,1000,3,3,0.982,0.9820000000000001
6,1,bit_flip,34,0.001,1000,4,4,0.99,0.99
6,1,bit_flip,34,0.002,1000,0,0,0.969,0.9689999999999999
6,1,bit_flip,34,0.002,1000,1,1,0.968,0.968
6,1,bit_flip,34,0.002,1000,2,2,0.973,0.9729999999999999
6,1,bit_flip,34,0.002,1000,3,3,0.972,0.972
6,1,bit_flip,34,0.002,1000,4,4,0.972,0.972
6,1,bit_flip,34,0.005,1000,0,0,0.939,0.939
6,1,bit_flip,34,0.005,1000,1,1,0.934,0.9340000000000002
6,1,bit_flip,34,0.005,1000,2,2,0.937,0.937
6,1,bit_flip,34,0.005,1000,3,3,0.942,0.942
6,1,bit_flip,34,0.005,1000,4,4,0.947,0.9469999999999998
6,1,bit_flip,34,0.01,1000,0,0,0.894,0.894
6,1,bit_flip,34,0.01,1000,1,1,0.885,0.8849999999999999
6,1,bit_flip,34,0.01,1000,2,2,0.885,0.8849999999999999
6,1,bit_flip,34,0.01,1000,3,3,0.89,0.89
6,1,bit_flip,34,0.01,1000,4,4,0.872,0.8720000000000001
6,1,bit_flip,34,0.02,1000,0,0,0.786,0.786
6,1,bit_flip,34,0.02,1000,1,1,0.806,0.806
6,1,bit_flip,34,0.02,1000,2,2,0.782,0.7819999999999999
6,1,bit_flip,34,0.02,1000,3,3,0.787,0.7869999999999999
6,1,bit_flip,34,0.02,1000,4,4,0.772,0.7719999999999999
6,1,bit_flip,34,0.05,1000,0,0,0.533,0.533
6,1,bit_flip,34,0.05,1000,1,1,0.541,0.5409999999999999
6,1,bit_flip,34,0.05,1000,2,2,0.552,0.552
6,1,bit_flip,34,0.05,1000,3,3,0.545,0.545
6,1,bit_flip,34,0.05,1000,4,4,0.52,0.5200000000000001
6,1,bit_flip,34,0.1,1000,0,0,0.265,0.26499999999999996
6,1,bit_flip,34,0.1,1000,1,1,0.267,0.267
6,1,bit_flip,34,0.1,1000,2,2,0.28,0.28
6,1,bit_flip,34,0.1,1000,3,3,0.275,0.275
6,1,bit_flip,34,0.1,1000,4,4,0.283,0.2829999999999999
6,2,bit_flip,56,0.0,1000,0,0,1.0,1.0
6,2,bit_flip,56,0.0,1000,1,1,1.0,1.0
6,2,bit_flip,56,0.0,1000,2,2,1.0,1.0
6,2,bit_flip,56,0.0,1000,3,3,1.0,1.0
6,2,bit_flip,56,0.0,1000,4,4,1.0,1.0
6,2,bit_flip,56,0.001,1000,0,0,0.957,0.9569999999999999
6,2,bit_flip,56,0.001,1000,1,1,0.957,0.9569999999999999
6,2,bit_flip,56,0.001,1000,2,2,0.959,0.9590000000000001
6,2,bit_flip,56,0.001,1000,3,3,0.96,0.96
6,2,bit_flip,56,0.001,1000,4,4,0.961,0.9609999999999999
6,2,bit_flip,56,0.002,1000,0,0,0.929,0.929
6,2,bit_flip,56,0.002,1000,1,1,0.926,0.9259999999999999
6,2,bit_flip,56,0.002,1000,2,2,0.923,0.9229999999999999
6,2,bit_flip,56,0.002,1000,3,3,0.926,0.9259999999999999
6,2,bit_flip,56,0.002,1000,4,4,0.927,0.9269999999999999
6,2,bit_flip,56,0.005,1000,0,0,0.836,0.836
6,2,bit_flip,56,0.005,1000,1,1,0.839,0.839
6,2,bit_flip,56,0.005,1000,2,2,0.824,0.8240000000000001
6,2,bit_flip,56,0.005,1000,3,3,0.832,0.8319999999999999
6,2,bit_flip,56,0.005,1000,4,4,0.819,0.819
6,2,bit_flip,56,0.01,1000,0,0,0.69,0.69
6,2,bit_flip,56,0.01,1000,1,1,0.7,0.7000000000000001
6,2,bit_flip,56,0.01,1000,2,2,0.685,0.685
6,2,bit_flip,56,0.01,1000,3,3,0.691,0.6910000000000001
6,2,bit_flip,56,0.01,1000,4,4,0.668,0.668
6,2,bit_flip,56,0.02,1000,0,0,0.458,0.45799999999999996
6,2,bit_flip,56,0.02,1000,1,1,0.442,0.44200000000000006
6,2,bit_flip,56,0.02,1000,2,2,0.479,0.4789999999999999
6,2,bit_flip,56,0.02,1000,3,3,0.466,0.4660000000000001
6,2,bit_flip,56,0.02,1000,4,4,0.464,0.4640000000000001
6,2,bit_flip,56,0.05,1000,0,0,0.158,0.15800000000000003
6,2,bit_flip,56,0.05,1000,1,1,0.145,0.145
6,2,bit_flip,56,0.05,1000,2,2,0.168,0.168
6,2,bit_flip,56,0.05,1000,3,3,0.158,0.15800000000000003
6,2,bit_flip,56,0.05,1000,4,4,0.16,0.16000000000000003
6,2,bit_flip,56,0.1,1000,0,0,0.038,0.038
6,2,bit_flip,56,0.1,1000,1,1,0.031,0.030999999999999996
6,2,bit_flip,56,0.1,1000,2,2,0.047,0.047
6,2,bit_flip,56,0.1,1000,3,3,0.05,0.049999999999999996
6,2,bit_flip,56,0.1,1000,4,4,0.051,0.05099999999999999
6,4,bit_flip,100,0.0,1000,0,0,1.0,1.0
6,4,bit_flip,100,0.0,1000,1,1,1.0,1.0
6,4,bit_flip,100,0.0,1000,2,2,1.0,1.0
6,4,bit_flip,100,0.0,1000,3,3,1.0,1.0
6,4,bit_flip,100,0.0,1000,4,4,1.0,1.0
6,4,bit_flip,100,0.001,1000,0,0,0.934,0.9340000000000002
6,4,bit_flip,100,0.001,1000,1,1,0.928,0.928
6,4,bit_flip,100,0.001,1000,2,2,0.929,0.929
6,4,bit_flip,100,0.001,1000,3,3,0.93,0.9300000000000002
6,4,bit_flip,100,0.001,1000,4,4,0.938,0.938
6,4,bit_flip,100,0.002,1000,0,0,0.884,0.8840000000000001
6,4,bit_flip,100,0.002,1000,1,1,0.87,0.8699999999999999
6,4,bit_flip,100,0.002,1000,2,2,0.869,0.869
6,4,bit_flip,100,0.002,1000,3,3,0.869,0.869
6,4,bit_flip,100,0.002,1000,4,4,0.86,0.86
6,4,bit_flip,100,0.005,1000,0,0,0.712,0.712
6,4,bit_flip,100,0.005,1000,1,1,0.725,0.7249999999999999
6,4,bit_flip,100,0.005,1000,2,2,0.703,0.703
6,4,bit_flip,100,0.005,1000,3,3,0.71,0.7099999999999999
6,4,bit_flip,100,0.005,1000,4,4,0.686,0.686
6,4,bit_flip,100,0.01,1000,0,0,0.498,0.498
6,4,bit_flip,100,0.01,1000,1,1,0.487,0.48699999999999993
6,4,bit_flip,100,0.01,1000,2,2,0.518,0.518
6,4,bit_flip,100,0.01,1000,3,3,0.5,0.5000000000000001
6,4,bit_flip,100,0.01,1000,4,4,0.493,0.49300000000000005
6,4,bit_flip,100,0.02,1000,0,0,0.245,0.24500000000000002
6,4,bit_flip,100,0.02,1000,1,1,0.236,0.236
6,4,bit_flip,100,0.02,1000,2,2,0.261,0.261
6,4,bit_flip,100,0.02,1000,3,3,0.247,0.247
6,4,bit_flip,100,0.02,1000,4,4,0.252,0.25199999999999995
6,4,bit_flip,100,0.05,1000,0,0,0.044,0.044000000000000004
6,4,bit_flip,100,0.05,1000,1,1,0.035,0.035
6,4,bit_flip,100,0.05,1000,2,2,0.052,0.05199999999999999
6,4,bit_flip,100,0.05,1000,3,3,0.053,0.053
6,4,bit_flip,100,0.05,1000,4,4,0.063,0.06299999999999999
6,4,bit_flip,100,0.1,1000,0,0,0.016,0.015999999999999997
6,4,bit_flip,100,0.1,1000,1,1,0.016,0.015999999999999997
6,4,bit_flip,100,0.1,1000,2,2,0.019,0.019
6,4,bit_flip,100,0.1,1000,3,3,0.022,0.022
6,4,bit_flip,100,0.1,1000,4,4,0.022,0.022
6,8,bit_flip,188,0.0,1000,0,0,1.0,1.0
6,8,bit_flip,188,0.0,1000,1,1,1.0,1.0
6,8,bit_flip,188,0.0,1000,2,2,1.0,1.0
6,8,bit_flip,188,0.0,1000,3,3,1.0,1.0
6,8,bit_flip,188,0.0,1000,4,4,1.0,1.0
6,8,bit_flip,188,0.001,1000,0,0,0.887,0.887
6,8,bit_flip,188,0.001,1000,1,1,0.876,0.8759999999999999
6,8,bit_flip,188,0.001,1000,2,2,0.875,0.875
6,8,bit_flip,188,0.001,1000,3,3,0.876,0.8759999999999999
6,8,bit_flip,188,0.001,1000,4,4,0.865,0.865
6,8,bit_flip,188,0.002,1000,0,0,0.766,0.7659999999999999
6,8,bit_flip,188,0.002,1000,1,1,0.785,0.7849999999999999
6,8,bit_flip,188,0.002,1000,2,2,0.766,0.7659999999999999
6,8,bit_flip,188,0.002,1000,3,3,0.773,0.773
6,8,bit_flip,188,0.002,1000,4,4,0.745,0.745
6,8,bit_flip,188,0.005,1000,0,0,0.516,0.516
6,8,bit_flip,188,0.005,1000,1,1,0.506,0.506
6,8,bit_flip,188,0.005,1000,2,2,0.527,0.5270000000000001
6,8,bit_flip,188,0.005,1000,3,3,0.515,0.515
6,8,bit_flip,188,0.005,1000,4,4,0.501,0.501
6,8,bit_flip,188,0.01,1000,0,0,0.255,0.255
6,8,bit_flip,188,0.01,1000,1,1,0.256,0.25599999999999995
6,8,bit_flip,188,0.01,1000,2,2,0.27,0.2700000000000001
6,8,bit_flip,188,0.01,1000,3,3,0.264,0.26400000000000007
6,8,bit_flip,188,0.01,1000,4,4,0.269,0.269
6,8,bit_flip,188,0.02,1000,0,0,0.081,0.08100000000000002
6,8,bit_flip,188,0.02,1000,1,1,0.068,0.06800000000000002
6,8,bit_flip,188,0.02,1000,2,2,0.086,0.08599999999999998
6,8,bit_flip,188,0.02,1000,3,3,0.084,0.08399999999999999
6,8,bit_flip,188,0.02,1000,4,4,0.101,0.101
6,8,bit_flip,188,0.05,1000,0,0,0.016,0.015999999999999997
6,8,bit_flip,188,0.05,1000,1,1,0.016,0.015999999999999997
6,8,bit_flip,188,0.05,1000,2,2,0.02,0.02
6,8,bit_flip,188,0.05,1000,3,3,0.023,0.023000000000000003
6,8,bit_flip,188,0.05,1000,4,4,0.022,0.022
6,8,bit_flip,188,0.1,1000,0,0,0.015,0.015
6,8,bit_flip,188,0.1,1000,1,1,0.013,0.012999999999999998
6,8,bit_flip,188,0.1,1000,2,2,0.014,0.014
6,8,bit_flip,188,0.1,1000,3,3,0.017,0.017000000000000005
6,8,bit_flip,188,0.1,1000,4,4,0.018,0.018000000000000002
6,16,bit_flip,364,0.0,1000,0,0,1.0,1.0
6,16,bit_flip,364,0.0,1000,1,1,1.0,1.0
6,16,bit_flip,364,0.0,1000,2,2,1.0,1.0
6,16,bit_flip,364,0.0,1000,3,3,1.0,1.0
6,16,bit_flip,364,0.0,1000,4,4,1.0,1.0
6,16,bit_flip,364,0.001,1000,0,0,0.769,0.769
6,16,bit_flip,364,0.001,1000,1,1,0.791,0.7909999999999999
6,16,bit_flip,364,0.001,1000,2,2,0.77,0.77
6,16,bit_flip,364,0.001,1000,3,3,0.777,0.7770000000000001
6,16,bit_flip,364,0.001,1000,4,4,0.753,0.753
6,16,bit_flip,364,0.002,1000,0,0,0.591,0.5909999999999999
6,16,bit_flip,364,0.002,1000,1,1,0.596,0.596
6,16,bit_flip,364,0.002,1000,2,2,0.609,0.6089999999999999
6,16,bit_flip,364,0.002,1000,3,3,0.603,0.603
6,16,bit_flip,364,0.002,1000,4,4,0.571,0.571
6,16,bit_flip,364,0.005,1000,0,0,0.262,0.26199999999999996
6,16,bit_flip,364,0.005,1000,1,1,0.262,0.26199999999999996
6,16,bit_flip,364,0.005,1000,2,2,0.276,0.276
6,16,bit_flip,364,0.005,1000,3,3,0.271,0.2710000000000001
6,16,bit_flip,364,0.005,1000,4,4,0.279,0.279
6,16,bit_flip,364,0.01,1000,0,0,0.091,0.09100000000000001
6,16,bit_flip,364,0.01,1000,1,1,0.078,0.078
6,16,bit_flip,364,0.01,1000,2,2,0.093,0.09300000000000001
6,16,bit_flip,364,0.01,1000,3,3,0.088,0.088
6,16,bit_flip,364,0.01,1000,4,4,0.105,0.10499999999999998
6,16,bit_flip,364,0.02,1000,0,0,0.018,0.018000000000000002
6,16,bit_flip,364,0.02,1000,1,1,0.024,0.024
6,16,bit_flip,364,0.02,1000,2,2,0.027,0.027000000000000003
6,16,bit_flip,364,0.02,1000,3,3,0.03,0.03
6,16,bit_flip,364,0.02,1000,4,4,0.032,0.032
6,16,bit_flip,364,0.05,1000,0,0,0.015,0.015
6,16,bit_flip,364,0.05,1000,1,1,0.013,0.012999999999999998
6,16,bit_flip,364,0.05,1000,2,2,0.014,0.014
6,16,bit_flip,364,0.05,1000,3,3,0.017,0.017000000000000005
6,16,bit_flip,364,0.05,1000,4,4,0.018,0.018000000000000002
6,16,bit_flip,364,0.1,1000,0,0,0.015,0.015
6,16,bit_flip,364,0.1,1000,1,1,0.013,0.012999999999999998
6,16,bit_flip,364,0.1,1000,2,2,0.014,0.014
6,16,bit_flip,364,0.1,1000,3,3,0.017,0.017000000000000005
6,16,bit_flip,364,0.1,1000,4,4,0.018,0.018000000000000002
6,32,bit_flip,716,0.0,1000,0,0,1.0,1.0
6,32,bit_flip,716,0.0,1000,1,1,1.0,1.0
6,32,bit_flip,716,0.0,1000,2,2,1.0,1.0
6,32,bit_flip,716,0.0,1000,3,3,1.0,1.0
6,32,bit_flip,716,0.0,1000,4,4,1.0,1.0
6,32,bit_flip,716,0.001,1000,0,0,0.598,0.598
6,32,bit_flip,716,0.001,1000,1,1,0.6,0.6000000000000001
6,32,bit_flip,716,0.001,1000,2,2,0.61,0.61
6,32,bit_flip,716,0.001,1000,3,3,0.608,0.608
6,32,bit_flip,716,0.001,1000,4,4,0.575,0.575
6,32,bit_flip,716,0.002,1000,0,0,0.333,0.333
6,32,bit_flip,716,0.002,1000,1,1,0.328,0.328
6,32,bit_flip,716,0.002,1000,2,2,0.357,0.357
6,32,bit_flip,716,0.002,1000,3,3,0.359,0.35900000000000004
6,32,bit_flip,716,0.002,1000,4,4,0.356,0.356
6,32,bit_flip,716,0.005,1000,0,0,0.094,0.09399999999999999
6,32,bit_flip,716,0.005,1000,1,1,0.081,0.08100000000000002
6,32,bit_flip,716,0.005,1000,2,2,0.094,0.09399999999999999
6,32,bit_flip,716,0.005,1000,3,3,0.09,0.09
6,32,bit_flip,716,0.005,1000,4,4,0.109,0.10900000000000001
6,32,bit_flip,716,0.01,1000,0,0,0.019,0.019
6,32,bit_flip,716,0.01,1000,1,1,0.024,0.024
6,32,bit_flip,716,0.01,1000,2,2,0.028,0.028
6,32,bit_flip,716,0.01,1000,3,3,0.03,0.03
6,32,bit_flip,716,0.01,1000,4,4,0.032,0.032
6,32,bit_flip,716,0.02,1000,0,0,0.015,0.015
6,32,bit_flip,716,0.02,1000,1,1,0.013,0.012999999999999998
6,32,bit_flip,716,0.02,1000,2,2,0.015,0.015
6,32,bit_flip,716,0.02,1000,3,3,0.018,0.018000000000000002
6,32,bit_flip,716,0.02,1000,4,4,0.019,0.019
6,32,bit_flip,716,0.05,1000,0,0,0.015,0.015
6,32,bit_flip,716,0.05,1000,1,1,0.013,0.012999999999999998
6,32,bit_flip,716,0.05,1000,2,2,0.014,0.014
6,32,bit_flip,716,0.05,1000,3,3,0.017,0.017000000000000005
6,32,bit_flip,716,0.05,1000,4,4,0.018,0.018000000000000002
6,32,bit_flip,716,0.1,1000,0,0,0.015,0.015
6,32,bit_flip,716,0.1,1000,1,1,0.013,0.012999999999999998
6,32,bit_flip,716,0.1,1000,2,2,0.014,0.014
6,32,bit_flip,716,0.1,1000,3,3,0.017,0.017000000000000005
6,32,bit_flip,716,0.1,1000,4,4,0.018,0.018000000000000002
2,1,phase_flip,10,0.0,1000,0,0,1.0,1.0
2,1,phase_flip,10,0.0,1000,1,1,1.0,1.0
2,1,phase_flip,10,0.0,1000,2,2,1.0,1.0
2,1,phase_flip,10,0.0,1000,3,3,1.0,1.0
2,1,phase_flip,10,0.0,1000,4,4,1.0,1.0
2,1,phase_flip,10,0.001,1000,0,0,0.988,0.988
2,1,phase_flip,10,0.001,1000,1,1,0.989,0.989
2,1,phase_flip,10,0.001,1000,2,2,0.99,0.99
2,1,phase_flip,10,0.001,1000,3,3,0.994,0.9939999999999999
2,1,phase_flip,10,0.001,1000,4,4,0.994,0.9939999999999999
2,1,phase_flip,10,0.002,1000,0,0,0.983,0.983
2,1,phase_flip,10,0.002,1000,1,1,0.975,0.975
2,1,phase_flip,10,0.002,1000,2,2,0.984,0.984
2,1,phase_flip,10,0.002,1000,3,3,0.979,0.9789999999999999
2,1,phase_flip,10,0.002,1000,4,4,0.984,0.984
2,1,phase_flip,10,0.005,1000,0,0,0.956,0.9559999999999998
2,1,phase_flip,10,0.005,1000,1,1,0.955,0.9550000000000001
2,1,phase_flip,10,0.005,1000,2,2,0.956,0.9559999999999998
2,1,phase_flip,10,0.005,1000,3,3,0.96,0.96
2,1,phase_flip,10,0.005,1000,4,4,0.961,0.9609999999999999
2,1,phase_flip,10,0.01,1000,0,0,0.923,0.9229999999999999
2,1,phase_flip,10,0.01,1000,1,1,0.923,0.9229999999999999
2,1,phase_flip,10,0.01,1000,2,2,0.919,0.9189999999999999
2,1,phase_flip,10,0.01,1000,3,3,0.924,0.924
2,1,phase_flip,10,0.01,1000,4,4,0.922,0.922
2,1,phase_flip,10,0.02,1000,0,0,0.868,0.8679999999999999
2,1,phase_flip,10,0.02,1000,1,1,0.855,0.855
2,1,phase_flip,10,0.02,1000,2,2,0.851,0.851
2,1,phase_flip,10,0.02,1000,3,3,0.854,0.854
2,1,phase_flip,10,0.02,1000,4,4,0.847,0.847
2,1,phase_flip,10,0.05,1000,0,0,0.678,0.678
2,1,phase_flip,10,0.05,1000,1,1,0.693,0.693
2,1,phase_flip,10,0.05,1000,2,2,0.677,0.677
2,1,phase_flip,10,0.05,1000,3,3,0.684,0.684
2,1,phase_flip,10,0.05,1000,4,4,0.656,0.6560000000000001
2,1,phase_flip,10,0.1,1000,0,0,0.472,0.4719999999999999
2,1,phase_flip,10,0.1,1000,1,1,0.458,0.45799999999999996
2,1,phase_flip,10,0.1,1000,2,2,0.487,0.48699999999999993
2,1,phase_flip,10,0.1,1000,3,3,0.477,0.47700000000000004
2,1,phase_flip,10,0.1,1000,4,4,0.472,0.4719999999999999
2,2,phase_flip,16,0.0,1000,0,0,1.0,1.0
2,2,phase_flip,16,0.0,1000,1,1,1.0,1.0
2,2,phase_flip,16,0.0,1000,2,2,1.0,1.0
2,2,phase_flip,16,0.0,1000,3,3,1.0,1.0
2,2,phase_flip,16,0.0,1000,4,4,1.0,1.0
2,2,phase_flip,16,0.001,1000,0,0,0.988,0.988
2,2,phase_flip,16,0.001,1000,1,1,0.986,0.986
2,2,phase_flip,16,0.001,1000,2,2,0.988,0.988
2,2,phase_flip,16,0.001,1000,3,3,0.991,0.9909999999999999
2,2,phase_flip,16,0.001,1000,4,4,0.992,0.992
2,2,phase_flip,16,0.002,1000,0,0,0.978,0.9779999999999999
2,2,phase_flip,16,0.002,1000,1,1,0.972,0.972
2,2,phase_flip,16,0.002,1000,2,2,0.98,0.9800000000000001
2,2,phase_flip,16,0.002,1000,3,3,0.977,0.9770000000000001
2,2,phase_flip,16,0.002,1000,4,4,0.981,0.9809999999999999
2,2,phase_flip,16,0.005,1000,0,0,0.949,0.949
2,2,phase_flip,16,0.005,1000,1,1,0.945,0.945
2,2,phase_flip,16,0.005,1000,2,2,0.946,0.946
2,2,phase_flip,16,0.005,1000,3,3,0.952,0.9519999999999998
2,2,phase_flip,16,0.005,1000,4,4,0.956,0.9559999999999998
2,2,phase_flip,16,0.01,1000,0,0,0.909,0.909
2,2,phase_flip,16,0.01,1000,1,1,0.905,0.905
2,2,phase_flip,16,0.01,1000,2,2,0.906,0.9059999999999999
2,2,phase_flip,16,0.01,1000,3,3,0.907,0.907
2,2,phase_flip,16,0.01,1000,4,4,0.899,0.899
2,2,phase_flip,16,0.02,1000,0,0,0.83,0.8300000000000001
2,2,phase_flip,16,0.02,1000,1,1,0.836,0.836
2,2,phase_flip,16,0.02,1000,2,2,0.814,0.8139999999999998
2,2,phase_flip,16,0.02,1000,3,3,0.825,0.825
2,2,phase_flip,16,0.02,1000,4,4,0.814,0.8139999999999998
2,2,phase_flip,16,0.05,1000,0,0,0.621,0.621
2,2,phase_flip,16,0.05,1000,1,1,0.629,0.6290000000000001
2,2,phase_flip,16,0.05,1000,2,2,0.632,0.6320000000000001
2,2,phase_flip,16,0.05,1000,3,3,0.629,0.6290000000000001
2,2,phase_flip,16,0.05,1000,4,4,0.598,0.598
2,2,phase_flip,16,0.1,1000,0,0,0.392,0.392
2,2,phase_flip,16,0.1,1000,1,1,0.38,0.38
2,2,phase_flip,16,0.1,1000,2,2,0.422,0.42200000000000004
2,2,phase_flip,16,0.1,1000,3,3,0.406,0.406
2,2,phase_flip,16,0.1,1000,4,4,0.413,0.413
2,4,phase_flip,28,0.0,1000,0,0,1.0,1.0
2,4,phase_flip,28,0.0,1000,1,1,1.0,1.0
2,4,phase_flip,28,0.0,1000,2,2,1.0,1.0
2,4,phase_flip,28,0.0,1000,3,3,1.0,1.0
2,4,phase_flip,28,0.0,1000,4,4,1.0,1.0
2,4,phase_flip,28,0.001,1000,0,0,0.981,0.9809999999999999
2,4,phase_flip,28,0.001,1000,1,1,0.975,0.975
2,4,phase_flip,28,0.001,1000,2,2,0.983,0.983
2,4,phase_flip,28,0.001,1000,3,3,0.977,0.9770000000000001
2,4,phase_flip,28,0.001,1000,4,4,0.982,0.9820000000000001
2,4,phase_flip,28,0.002,1000,0,0,0.958,0.9580000000000001
2,4,phase_flip,28,0.002,1000,1,1,0.959,0.9590000000000001
2,4,phase_flip,28,0.002,1000,2,2,0.959,0.9590000000000001
2,4,phase_flip,28,0.002,1000,3,3,0.962,0.9620000000000001
2,4,phase_flip,28,0.002,1000,4,4,0.963,0.9629999999999999
2,4,phase_flip,28,0.005,1000,0,0,0.918,0.918
2,4,phase_flip,28,0.005,1000,1,1,0.914,0.9139999999999999
2,4,phase_flip,28,0.005,1000,2,2,0.913,0.9129999999999999
2,4,phase_flip,28,0.005,1000,3,3,0.915,0.9150000000000001
2,4,phase_flip,28,0.005,1000,4,4,0.913,0.9129999999999999
2,4,phase_flip,28,0.01,1000,0,0,0.85,0.8500000000000001
2,4,phase_flip,28,0.01,1000,1,1,0.85,0.8500000000000001
2,4,phase_flip,28,0.01,1000,2,2,0.833,0.833
2,4,phase_flip,28,0.01,1000,3,3,0.845,0.845
2,4,phase_flip,28,0.01,1000,4,4,0.83,0.8300000000000001
2,4,phase_flip,28,0.02,1000,0,0,0.713,0.713
2,4,phase_flip,28,0.02,1000,1,1,0.726,0.726
2,4,phase_flip,28,0.02,1000,2,2,0.703,0.703
2,4,phase_flip,28,0.02,1000,3,3,0.712,0.712
2,4,phase_flip,28,0.02,1000,4,4,0.692,0.692
2,4,phase_flip,28,0.05,1000,0,0,0.449,0.44899999999999995
2,4,phase_flip,28,0.05,1000,1,1,0.424,0.42399999999999993
2,4,phase_flip,28,0.05,1000,2,2,0.47,0.47000000000000003
2,4,phase_flip,28,0.05,1000,3,3,0.454,0.45400000000000007
2,4,phase_flip,28,0.05,1000,4,4,0.452,0.45199999999999996
2,4,phase_flip,28,0.1,1000,0,0,0.277,0.277
2,4,phase_flip,28,0.1,1000,1,1,0.277,0.277
2,4,phase_flip,28,0.1,1000,2,2,0.291,0.29100000000000004
2,4,phase_flip,28,0.1,1000,3,3,0.289,0.2889999999999999
2,4,phase_flip,28,0.1,1000,4,4,0.3,0.29999999999999993
2,8,phase_flip,52,0.0,1000,0,0,1.0,1.0
2,8,phase_flip,52,0.0,1000,1,1,1.0,1.0
2,8,phase_flip,52,0.0,1000,2,2,1.0,1.0
2,8,phase_flip,52,0.0,1000,3,3,1.0,1.0
2,8,phase_flip,52,0.0,1000,4,4,1.0,1.0
2,8,phase_flip,52,0.001,1000,0,0,0.961,0.9609999999999999
2,8,phase_flip,52,0.001,1000,1,1,0.963,0.9629999999999999
2,8,phase_flip,52,0.001,1000,2,2,0.96,0.96
2,8,phase_flip,52,0.001,1000,3,3,0.963,0.9629999999999999
2,8,phase_flip,52,0.001,1000,4,4,0.964,0.964
2,8,phase_flip,52,0.002,1000,0,0,0.936,0.9359999999999999
2,8,phase_flip,52,0.002,1000,1,1,0.93,0.9300000000000002
2,8,phase_flip,52,0.002,1000,2,2,0.93,0.9300000000000002
2,8,phase_flip,52,0.002,1000,3,3,0.932,0.932
2,8,phase_flip,52,0.002,1000,4,4,0.939,0.939
2,8,phase_flip,52,0.005,1000,0,0,0.862,0.8619999999999999
2,8,phase_flip,52,0.005,1000,1,1,0.853,0.8529999999999999
2,8,phase_flip,52,0.005,1000,2,2,0.842,0.8419999999999999
2,8,phase_flip,52,0.005,1000,3,3,0.85,0.8500000000000001
2,8,phase_flip,52,0.005,1000,4,4,0.837,0.837
2,8,phase_flip,52,0.01,1000,0,0,0.725,0.7249999999999999
2,8,phase_flip,52,0.01,1000,1,1,0.741,0.7410000000000001
2,8,phase_flip,52,0.01,1000,2,2,0.726,0.726
2,8,phase_flip,52,0.01,1000,3,3,0.73,0.73
2,8,phase_flip,52,0.01,1000,4,4,0.707,0.707
2,8,phase_flip,52,0.02,1000,0,0,0.539,0.539
2,8,phase_flip,52,0.02,1000,1,1,0.545,0.545
2,8,phase_flip,52,0.02,1000,2,2,0.559,0.559
2,8,phase_flip,52,0.02,1000,3,3,0.552,0.552
2,8,phase_flip,52,0.02,1000,4,4,0.524,0.5240000000000001
2,8,phase_flip,52,0.05,1000,0,0,0.289,0.2889999999999999
2,8,phase_flip,52,0.05,1000,1,1,0.287,0.2869999999999999
2,8,phase_flip,52,0.05,1000,2,2,0.308,0.308
2,8,phase_flip,52,0.05,1000,3,3,0.304,0.304
2,8,phase_flip,52,0.05,1000,4,4,0.313,0.31299999999999994
2,8,phase_flip,52,0.1,1000,0,0,0.236,0.236
2,8,phase_flip,52,0.1,1000,1,1,0.234,0.23399999999999999
2,8,phase_flip,52,0.1,1000,2,2,0.256,0.25599999999999995
2,8,phase_flip,52,0.1,1000,3,3,0.239,0.23899999999999996
2,8,phase_flip,52,0.1,1000,4,4,0.245,0.24500000000000002
2,16,phase_flip,100,0.0,1000,0,0,1.0,1.0
2,16,phase_flip,100,0.0,1000,1,1,1.0,1.0
2,16,phase_flip,100,0.0,1000,2,2,1.0,1.0
2,16,phase_flip,100,0.0,1000,3,3,1.0,1.0
2,16,phase_flip,100,0.0,1000,4,4,1.0,1.0
2,16,phase_flip,100,0.001,1000,0,0,0.937,0.937
2,16,phase_flip,100,0.001,1000,1,1,0.931,0.9309999999999999
2,16,phase_flip,100,0.001,1000,2,2,0.931,0.9309999999999999
2,16,phase_flip,100,0.001,1000,3,3,0.936,0.9359999999999999
2,16,phase_flip,100,0.001,1000,4,4,0.942,0.942
2,16,phase_flip,100,0.002,1000,0,0,0.887,0.887
2,16,phase_flip,100,0.002,1000,1,1,0.878,0.878
2,16,phase_flip,100,0.002,1000,2,2,0.881,0.881
2,16,phase_flip,100,0.002,1000,3,3,0.88,0.8800000000000001
2,16,phase_flip,100,0.002,1000,4,4,0.865,0.865
2,16,phase_flip,100,0.005,1000,0,0,0.731,0.7310000000000001
2,16,phase_flip,100,0.005,1000,1,1,0.749,0.749
2,16,phase_flip,100,0.005,1000,2,2,0.728,0.7279999999999999
2,16,phase_flip,100,0.005,1000,3,3,0.747,0.747
2,16,phase_flip,100,0.005,1000,4,4,0.712,0.712
2,16,phase_flip,100,0.01,1000,0,0,0.554,0.554
2,16,phase_flip,100,0.01,1000,1,1,0.554,0.554
2,16,phase_flip,100,0.01,1000,2,2,0.569,0.569
2,16,phase_flip,100,0.01,1000,3,3,0.561,0.561
2,16,phase_flip,100,0.01,1000,4,4,0.533,0.533
2,16,phase_flip,100,0.02,1000,0,0,0.34,0.3400000000000001
2,16,phase_flip,100,0.02,1000,1,1,0.339,0.3390000000000001
2,16,phase_flip,100,0.02,1000,2,2,0.366,0.366
2,16,phase_flip,100,0.02,1000,3,3,0.364,0.36400000000000005
2,16,phase_flip,100,0.02,1000,4,4,0.364,0.36400000000000005
2,16,phase_flip,100,0.05,1000,0,0,0.24,0.24
2,16,phase_flip,100,0.05,1000,1,1,0.235,0.235
2,16,phase_flip,100,0.05,1000,2,2,0.258,0.258
2,16,phase_flip,100,0.05,1000,3,3,0.244,0.24400000000000002
2,16,phase_flip,100,0.05,1000,4,4,0.248,0.248
2,16,phase_flip,100,0.1,1000,0,0,0.232,0.232
2,16,phase_flip,100,0.1,1000,1,1,0.23,0.23
2,16,phase_flip,100,0.1,1000,2,2,0.252,0.25199999999999995
2,16,phase_flip,100,0.1,1000,3,3,0.236,0.236
2,16,phase_flip,100,0.1,1000,4,4,0.242,0.242
2,32,phase_flip,196,0.0,1000,0,0,1.0,1.0
2,32,phase_flip,196,0.0,1000,1,1,1.0,1.0
2,32,phase_flip,196,0.0,1000,2,2,1.0,1.0
2,32,phase_flip,196,0.0,1000,3,3,1.0,1.0
2,32,phase_flip,196,0.0,1000,4,4,1.0,1.0
2,32,phase_flip,196,0.001,1000,0,0,0.887,0.887
2,32,phase_flip,196,0.001,1000,1,1,0.88,0.8800000000000001
2,32,phase_flip,196,0.001,1000,2,2,0.883,0.883
2,32,phase_flip,196,0.001,1000,3,3,0.885,0.8849999999999999
2,32,phase_flip,196,0.001,1000,4,4,0.867,0.867
2,32,phase_flip,196,0.002,1000,0,0,0.78,0.78
2,32,phase_flip,196,0.002,1000,1,1,0.798,0.798
2,32,phase_flip,196,0.002,1000,2,2,0.776,0.776
2,32,phase_flip,196,0.002,1000,3,3,0.782,0.7819999999999999
2,32,phase_flip,196,0.002,1000,4,4,0.762,0.7620000000000001
2,32,phase_flip,196,0.005,1000,0,0,0.559,0.559
2,32,phase_flip,196,0.005,1000,1,1,0.562,0.562
2,32,phase_flip,196,0.005,1000,2,2,0.571,0.571
2,32,phase_flip,196,0.005,1000,3,3,0.565,0.5649999999999998
2,32,phase_flip,196,0.005,1000,4,4,0.54,0.54
2,32,phase_flip,196,0.01,1000,0,0,0.347,0.347
2,32,phase_flip,196,0.01,1000,1,1,0.345,0.34500000000000003
2,32,phase_flip,196,0.01,1000,2,2,0.377,0.37700000000000006
2,32,phase_flip,196,0.01,1000,3,3,0.371,0.37099999999999994
2,32,phase_flip,196,0.01,1000,4,4,0.373,0.37300000000000005
2,32,phase_flip,196,0.02,1000,0,0,0.251,0.25099999999999995
2,32,phase_flip,196,0.02,1000,1,1,0.252,0.25199999999999995
2,32,phase_flip,196,0.02,1000,2,2,0.268,0.268
2,32,phase_flip,196,0.02,1000,3,3,0.26,0.26
2,32,phase_flip,196,0.02,1000,4,4,0.264,0.26400000000000007
2,32,phase_flip,196,0.05,1000,0,0,0.232,0.232
2,32,phase_flip,196,0.05,1000,1,1,0.23,0.23
2,32,phase_flip,196,0.05,1000,2,2,0.252,0.25199999999999995
2,32,phase_flip,196,0.05,1000,3,3,0.236,0.236
2,32,phase_flip,196,0.05,1000,4,4,0.242,0.242
2,32,phase_flip,196,0.1,1000,0,0,0.232,0.232
2,32,phase_flip,196,0.1,1000,1,1,0.229,0.229
2,32,phase_flip,196,0.1,1000,2,2,0.252,0.25199999999999995
2,32,phase_flip,196,0.1,1000,3,3,0.236,0.236
2,32,phase_flip,196,0.1,1000,4,4,0.242,0.242
3,1,phase_flip,16,0.0,1000,0,0,1.0,1.0
3,1,phase_flip,16,0.0,1000,1,1,1.0,1.0
3,1,phase_flip,16,0.0,1000,2,2,1.0,1.0
3,1,phase_flip,16,0.0,1000,3,3,1.0,1.0
3,1,phase_flip,16,0.0,1000,4,4,1.0,1.0
3,1,phase_flip,16,0.001,1000,0,0,0.988,0.988
3,1,phase_flip,16,0.001,1000,1,1,0.98,0.9800000000000001
3,1,phase_flip,16,0.001,1000,2,2,0.985,0.9850000000000001
3,1,phase_flip,16,0.001,1000,3,3,0.98,0.9800000000000001
3,1,phase_flip,16,0.001,1000,4,4,0.988,0.988
3,1,phase_flip,16,0.002,1000,0,0,0.966,0.966
3,1,phase_flip,16,0.002,1000,1,1,0.967,0.9670000000000001
3,1,phase_flip,16,0.002,1000,2,2,0.97,0.97
3,1,phase_flip,16,0.002,1000,3,3,0.969,0.9689999999999999
3,1,phase_flip,16,0.002,1000,4,4,0.968,0.968
3,1,phase_flip,16,0.005,1000,0,0,0.934,0.9340000000000002
3,1,phase_flip,16,0.005,1000,1,1,0.928,0.928
3,1,phase_flip,16,0.005,1000,2,2,0.929,0.929
3,1,phase_flip,16,0.005,1000,3,3,0.93,0.9300000000000002
3,1,phase_flip,16,0.005,1000,4,4,0.938,0.938
3,1,phase_flip,16,0.01,1000,0,0,0.885,0.8849999999999999
3,1,phase_flip,16,0.01,1000,1,1,0.87,0.8699999999999999
3,1,phase_flip,16,0.01,1000,2,2,0.871,0.8710000000000001
3,1,phase_flip,16,0.01,1000,3,3,0.869,0.869
3,1,phase_flip,16,0.01,1000,4,4,0.86,0.86
3,1,phase_flip,16,0.02,1000,0,0,0.763,0.7629999999999999
3,1,phase_flip,16,0.02,1000,1,1,0.776,0.776
3,1,phase_flip,16,0.02,1000,2,2,0.758,0.7580000000000001
3,1,phase_flip,16,0.02,1000,3,3,0.77,0.77
3,1,phase_flip,16,0.02,1000,4,4,0.735,0.735
3,1,phase_flip,16,0.05,1000,0,0,0.51,0.51
3,1,phase_flip,16,0.05,1000,1,1,0.496,0.49599999999999994
3,1,phase_flip,16,0.05,1000,2,2,0.523,0.523
3,1,phase_flip,16,0.05,1000,3,3,0.508,0.508
3,1,phase_flip,16,0.05,1000,4,4,0.498,0.498
3,1,phase_flip,16,0.1,1000,0,0,0.27,0.2700000000000001
3,1,phase_flip,16,0.1,1000,1,1,0.269,0.269
3,1,phase_flip,16,0.1,1000,2,2,0.283,0.2829999999999999
3,1,phase_flip,16,0.1,1000,3,3,0.276,0.276
3,1,phase_flip,16,0.1,1000,4,4,0.288,0.28800000000000003
3,2,phase_flip,26,0.0,1000,0,0,1.0,1.0
3,2,phase_flip,26,0.0,1000,1,1,1.0,1.0
3,2,phase_flip,26,0.0,1000,2,2,1.0,1.0
3,2,phase_flip,26,0.0,1000,3,3,1.0,1.0
3,2,phase_flip,26,0.0,1000,4,4,1.0,1.0
3,2,phase_flip,26,0.001,1000,0,0,0.982,0.9820000000000001
3,2,phase_flip,26,0.001,1000,1,1,0.975,0.975
3,2,phase_flip,26,0.001,1000,2,2,0.984,0.984
3,2,phase_flip,26,0.001,1000,3,3,0.977,0.9770000000000001
3,2,phase_flip,26,0.001,1000,4,4,0.984,0.984
3,2,phase_flip,26,0.002,1000,0,0,0.959,0.9590000000000001
3,2,phase_flip,26,0.002,1000,1,1,0.963,0.9629999999999999
3,2,phase_flip,26,0.002,1000,2,2,0.96,0.96
3,2,phase_flip,26,0.002,1000,3,3,0.963,0.9629999999999999
3,2,phase_flip,26,0.002,1000,4,4,0.964,0.964
3,2,phase_flip,26,0.005,1000,0,0,0.921,0.9210000000000002
3,2,phase_flip,26,0.005,1000,1,1,0.92,0.92
3,2,phase_flip,26,0.005,1000,2,2,0.915,0.9150000000000001
3,2,phase_flip,26,0.005,1000,3,3,0.92,0.92
3,2,phase_flip,26,0.005,1000,4,4,0.919,0.9189999999999999
3,2,phase_flip,26,0.01,1000,0,0,0.859,0.859
3,2,phase_flip,26,0.01,1000,1,1,0.852,0.8520000000000001
3,2,phase_flip,26,0.01,1000,2,2,0.839,0.839
3,2,phase_flip,26,0.01,1000,3,3,0.848,0.848
3,2,phase_flip,26,0.01,1000,4,4,0.837,0.837
3,2,phase_flip,26,0.02,1000,0,0,0.718,0.718
3,2,phase_flip,26,0.02,1000,1,1,0.736,0.736
3,2,phase_flip,26,0.02,1000,2,2,0.714,0.7140000000000001
3,2,phase_flip,26,0.02,1000,3,3,0.716,0.7160000000000001
3,2,phase_flip,26,0.02,1000,4,4,0.7,0.7000000000000001
3,2,phase_flip,26,0.05,1000,0,0,0.426,0.426
3,2,phase_flip,26,0.05,1000,1,1,0.405,0.40499999999999997
3,2,phase_flip,26,0.05,1000,2,2,0.455,0.45500000000000007
3,2,phase_flip,26,0.05,1000,3,3,0.436,0.43600000000000005
3,2,phase_flip,26,0.05,1000,4,4,0.439,0.43899999999999995
3,2,phase_flip,26,0.1,1000,0,0,0.222,0.22199999999999998
3,2,phase_flip,26,0.1,1000,1,1,0.215,0.215
3,2,phase_flip,26,0.1,1000,2,2,0.245,0.24500000000000002
3,2,phase_flip,26,0.1,1000,3,3,0.226,0.22599999999999998
3,2,phase_flip,26,0.1,1000,4,4,0.226,0.22599999999999998
3,4,phase_flip,46,0.0,1000,0,0,1.0,1.0
3,4,phase_flip,46,0.0,1000,1,1,1.0,1.0
3,4,phase_flip,46,0.0,1000,2,2,1.0,1.0
3,4,phase_flip,46,0.0,1000,3,3,1.0,1.0
3,4,phase_flip,46,0.0,1000,4,4,1.0,1.0
3,4,phase_flip,46,0.001,1000,0,0,0.961,0.9609999999999999
3,4,phase_flip,46,0.001,1000,1,1,0.966,0.966
3,4,phase_flip,46,0.001,1000,2,2,0.964,0.964
3,4,phase_flip,46,0.001,1000,3,3,0.966,0.966
3,4,phase_flip,46,0.001,1000,4,4,0.965,0.965
3,4,phase_flip,46,0.002,1000,0,0,0.939,0.939
3,4,phase_flip,46,0.002,1000,1,1,0.931,0.9309999999999999
3,4,phase_flip,46,0.002,1000,2,2,0.935,0.9349999999999999
3,4,phase_flip,46,0.002,1000,3,3,0.939,0.939
3,4,phase_flip,46,0.002,1000,4,4,0.946,0.946
3,4,phase_flip,46,0.005,1000,0,0,0.876,0.8759999999999999
3,4,phase_flip,46,0.005,1000,1,1,0.861,0.861
3,4,phase_flip,46,0.005,1000,2,2,0.857,0.8570000000000001
3,4,phase_flip,46,0.005,1000,3,3,0.855,0.855
3,4,phase_flip,46,0.005,1000,4,4,0.853,0.8529999999999999
3,4,phase_flip,46,0.01,1000,0,0,0.737,0.737
3,4,phase_flip,46,0.01,1000,1,1,0.755,0.755
3,4,phase_flip,46,0.01,1000,2,2,0.734,0.7339999999999999
3,4,phase_flip,46,0.01,1000,3,3,0.755,0.755
3,4,phase_flip,46,0.01,1000,4,4,0.715,0.7150000000000001
3,4,phase_flip,46,0.02,1000,0,0,0.544,0.544
3,4,phase_flip,46,0.02,1000,1,1,0.549,0.5490000000000002
3,4,phase_flip,46,0.02,1000,2,2,0.564,0.564
3,4,phase_flip,46,0.02,1000,3,3,0.555,0.555
3,4,phase_flip,46,0.02,1000,4,4,0.53,0.53
3,4,phase_flip,46,0.05,1000,0,0,0.248,0.248
3,4,phase_flip,46,0.05,1000,1,1,0.244,0.24400000000000002
3,4,phase_flip,46,0.05,1000,2,2,0.264,0.26400000000000007
3,4,phase_flip,46,0.05,1000,3,3,0.255,0.255
3,4,phase_flip,46,0.05,1000,4,4,0.26,0.26
3,4,phase_flip,46,0.1,1000,0,0,0.135,0.135
3,4,phase_flip,46,0.1,1000,1,1,0.128,0.128
3,4,phase_flip,46,0.1,1000,2,2,0.142,0.14200000000000002
3,4,phase_flip,46,0.1,1000,3,3,0.135,0.135
3,4,phase_flip,46,0.1,1000,4,4,0.141,0.141
3,8,phase_flip,86,0.0,1000,0,0,1.0,1.0
3,8,phase_flip,86,0.0,1000,1,1,1.0,1.0
3,8,phase_flip,86,0.0,1000,2,2,1.0,1.0
3,8,phase_flip,86,0.0,1000,3,3,1.0,1.0
3,8,phase_flip,86,0.0,1000,4,4,1.0,1.0
3,8,phase_flip,86,0.001,1000,0,0,0.939,0.939
3,8,phase_flip,86,0.001,1000,1,1,0.936,0.9359999999999999
3,8,phase_flip,86,0.001,1000,2,2,0.939,0.939
3,8,phase_flip,86,0.001,1000,3,3,0.944,0.944
3,8,phase_flip,86,0.001,1000,4,4,0.947,0.9469999999999998
3,8,phase_flip,86,0.002,1000,0,0,0.895,0.895
3,8,phase_flip,86,0.002,1000,1,1,0.889,0.8889999999999999
3,8,phase_flip,86,0.002,1000,2,2,0.886,0.886
3,8,phase_flip,86,0.002,1000,3,3,0.895,0.895
3,8,phase_flip,86,0.002,1000,4,4,0.879,0.8790000000000001
3,8,phase_flip,86,0.005,1000,0,0,0.751,0.751
3,8,phase_flip,86,0.005,1000,1,1,0.768,0.768
3,8,phase_flip,86,0.005,1000,2,2,0.749,0.749
3,8,phase_flip,86,0.005,1000,3,3,0.764,0.764
3,8,phase_flip,86,0.005,1000,4,4,0.723,0.723
3,8,phase_flip,86,0.01,1000,0,0,0.565,0.5649999999999998
3,8,phase_flip,86,0.01,1000,1,1,0.568,0.5680000000000001
3,8,phase_flip,86,0.01,1000,2,2,0.581,0.581
3,8,phase_flip,86,0.01,1000,3,3,0.571,0.571
3,8,phase_flip,86,0.01,1000,4,4,0.544,0.544
3,8,phase_flip,86,0.02,1000,0,0,0.321,0.321
3,8,phase_flip,86,0.02,1000,1,1,0.316,0.31599999999999995
3,8,phase_flip,86,0.02,1000,2,2,0.345,0.34500000000000003
3,8,phase_flip,86,0.02,1000,3,3,0.343,0.343
3,8,phase_flip,86,0.02,1000,4,4,0.343,0.343
3,8,phase_flip,86,0.05,1000,0,0,0.146,0.146
3,8,phase_flip,86,0.05,1000,1,1,0.135,0.135
3,8,phase_flip,86,0.05,1000,2,2,0.15,0.15000000000000002
3,8,phase_flip,86,0.05,1000,3,3,0.14,0.14
3,8,phase_flip,86,0.05,1000,4,4,0.149,0.149
3,8,phase_flip,86,0.1,1000,0,0,0.118,0.11799999999999998
3,8,phase_flip,86,0.1,1000,1,1,0.102,0.10200000000000001
3,8,phase_flip,86,0.1,1000,2,2,0.123,0.12299999999999998
3,8,phase_flip,86,0.1,1000,3,3,0.119,0.119
3,8,phase_flip,86,0.1,1000,4,4,0.13,0.13000000000000003
3,16,phase_flip,166,0.0,1000,0,0,1.0,1.0
3,16,phase_flip,166,0.0,1000,1,1,1.0,1.0
3,16,phase_flip,166,0.0,1000,2,2,1.0,1.0
3,16,phase_flip,166,0.0,1000,3,3,1.0,1.0
3,16,phase_flip,166,0.0,1000,4,4,1.0,1.0
3,16,phase_flip,166,0.001,1000,0,0,0.896,0.896
3,16,phase_flip,166,0.001,1000,1,1,0.892,0.8919999999999999
3,16,phase_flip,166,0.001,1000,2,2,0.889,0.8889999999999999
3,16,phase_flip,166,0.001,1000,3,3,0.896,0.896
3,16,phase_flip,166,0.001,1000,4,4,0.882,0.8819999999999999
3,16,phase_flip,166,0.002,1000,0,0,0.811,0.8109999999999999
3,16,phase_flip,166,0.002,1000,1,1,0.816,0.8159999999999998
3,16,phase_flip,166,0.002,1000,2,2,0.794,0.794
3,16,phase_flip,166,0.002,1000,3,3,0.803,0.8029999999999999
3,16,phase_flip,166,0.002,1000,4,4,0.79,0.79
3,16,phase_flip,166,0.005,1000,0,0,0.572,0.572
3,16,phase_flip,166,0.005,1000,1,1,0.577,0.5770000000000001
3,16,phase_flip,166,0.005,1000,2,2,0.588,0.588
3,16,phase_flip,166,0.005,1000,3,3,0.583,0.583
3,16,phase_flip,166,0.005,1000,4,4,0.555,0.555
3,16,phase_flip,166,0.01,1000,0,0,0.33,0.32999999999999996
3,16,phase_flip,166,0.01,1000,1,1,0.324,0.32400000000000007
3,16,phase_flip,166,0.01,1000,2,2,0.354,0.3539999999999999
3,16,phase_flip,166,0.01,1000,3,3,0.352,0.352
3,16,phase_flip,166,0.01,1000,4,4,0.352,0.352
3,16,phase_flip,166,0.02,1000,0,0,0.178,0.178
3,16,phase_flip,166,0.02,1000,1,1,0.156,0.15599999999999997
3,16,phase_flip,166,0.02,1000,2,2,0.189,0.189
3,16,phase_flip,166,0.02,1000,3,3,0.171,0.171
3,16,phase_flip,166,0.02,1000,4,4,0.173,0.173
3,16,phase_flip,166,0.05,1000,0,0,0.12,0.12
3,16,phase_flip,166,0.05,1000,1,1,0.102,0.10200000000000001
3,16,phase_flip,166,0.05,1000,2,2,0.123,0.12299999999999998
3,16,phase_flip,166,0.05,1000,3,3,0.12,0.12
3,16,phase_flip,166,0.05,1000,4,4,0.131,0.13100000000000003
3,16,phase_flip,166,0.1,1000,0,0,0.117,0.11700000000000002
3,16,phase_flip,166,0.1,1000,1,1,0.101,0.101
3,16,phase_flip,166,0.1,1000,2,2,0.122,0.12200000000000001
3,16,phase_flip,166,0.1,1000,3,3,0.117,0.11700000000000002
3,16,phase_flip,166,0.1,1000,4,4,0.13,0.13000000000000003
3,32,phase_flip,326,0.0,1000,0,0,1.0,1.0
3,32,phase_flip,326,0.0,1000,1,1,1.0,1.0
3,32,phase_flip,326,0.0,1000,2,2,1.0,1.0
3,32,phase_flip,326,0.0,1000,3,3,1.0,1.0
3,32,phase_flip,326,0.0,1000,4,4,1.0,1.0
3,32,phase_flip,326,0.001,1000,0,0,0.813,0.813
3,32,phase_flip,326,0.001,1000,1,1,0.816,0.8159999999999998
3,32,phase_flip,326,0.001,1000,2,2,0.795,0.7950000000000002
3,32,phase_flip,326,0.001,1000,3,3,0.804,0.8040000000000002
3,32,phase_flip,326,0.001,1000,4,4,0.79,0.79
3,32,phase_flip,326,0.002,1000,0,0,0.646,0.646
3,32,phase_flip,326,0.002,1000,1,1,0.654,0.6540000000000001
3,32,phase_flip,326,0.002,1000,2,2,0.646,0.646
3,32,phase_flip,326,0.002,1000,3,3,0.653,0.653
3,32,phase_flip,326,0.002,1000,4,4,0.619,0.619
3,32,phase_flip,326,0.005,1000,0,0,0.333,0.333
3,32,phase_flip,326,0.005,1000,1,1,0.328,0.328
3,32,phase_flip,326,0.005,1000,2,2,0.358,0.358
3,32,phase_flip,326,0.005,1000,3,3,0.36,0.36
3,32,phase_flip,326,0.005,1000,4,4,0.356,0.356
3,32,phase_flip,326,0.01,1000,0,0,0.182,0.18199999999999997
3,32,phase_flip,326,0.01,1000,1,1,0.162,0.162
3,32,phase_flip,326,0.01,1000,2,2,0.197,0.19699999999999998
3,32,phase_flip,326,0.01,1000,3,3,0.178,0.178
3,32,phase_flip,326,0.01,1000,4,4,0.175,0.17500000000000002
3,32,phase_flip,326,0.02,1000,0,0,0.123,0.12299999999999998
3,32,phase_flip,326,0.02,1000,1,1,0.107,0.10700000000000001
3,32,phase_flip,326,0.02,1000,2,2,0.127,0.127
3,32,phase_flip,326,0.02,1000,3,3,0.122,0.12200000000000001
3,32,phase_flip,326,0.02,1000,4,4,0.135,0.135
3,32,phase_flip,326,0.05,1000,0,0,0.117,0.11700000000000002
3,32,phase_flip,326,0.05,1000,1,1,0.101,0.101
3,32,phase_flip,326,0.05,1000,2,2,0.122,0.12200000000000001
3,32,phase_flip,326,0.05,1000,3,3,0.117,0.11700000000000002
3,32,phase_flip,326,0.05,1000,4,4,0.13,0.13000000000000003
3,32,phase_flip,326,0.1,1000,0,0,0.117,0.11700000000000002
3,32,phase_flip,326,0.1,1000,1,1,0.101,0.101
3,32,phase_flip,326,0.1,1000,2,2,0.122,0.12200000000000001
3,32,phase_flip,326,0.1,1000,3,3,0.117,0.11700000000000002
3,32,phase_flip,326,0.1,1000,4,4,0.13,0.13000000000000003
4,1,phase_flip,22,0.0,1000,0,0,1.0,1.0
4,1,phase_flip,22,0.0,1000,1,1,1.0,1.0
4,1,phase_flip,22,0.0,1000,2,2,1.0,1.0
4,1,phase_flip,22,0.0,1000,3,3,1.0,1.0
4,1,phase_flip,22,0.0,1000,4,4,1.0,1.0
4,1,phase_flip,22,0.001,1000,0,0,0.977,0.9770000000000001
4,1,phase_flip,22,0.001,1000,1,1,0.972,0.972
4,1,phase_flip,22,0.001,1000,2,2,0.98,0.9800000000000001
4,1,phase_flip,22,0.001,1000,3,3,0.977,0.9770000000000001
4,1,phase_flip,22,0.001,1000,4,4,0.98,0.9800000000000001
4,1,phase_flip,22,0.002,1000,0,0,0.956,0.9559999999999998
4,1,phase_flip,22,0.002,1000,1,1,0.955,0.9550000000000001
4,1,phase_flip,22,0.002,1000,2,2,0.956,0.9559999999999998
4,1,phase_flip,22,0.002,1000,3,3,0.96,0.96
4,1,phase_flip,22,0.002,1000,4,4,0.961,0.9609999999999999
4,1,phase_flip,22,0.005,1000,0,0,0.909,0.909
4,1,phase_flip,22,0.005,1000,1,1,0.902,0.902
4,1,phase_flip,22,0.005,1000,2,2,0.906,0.9059999999999999
4,1,phase_flip,22,0.005,1000,3,3,0.907,0.907
4,1,phase_flip,22,0.005,1000,4,4,0.899,0.899
4,1,phase_flip,22,0.01,1000,0,0,0.826,0.826
4,1,phase_flip,22,0.01,1000,1,1,0.835,0.8350000000000001
4,1,phase_flip,22,0.01,1000,2,2,0.813,0.813
4,1,phase_flip,22,0.01,1000,3,3,0.821,0.821
4,1,phase_flip,22,0.01,1000,4,4,0.814,0.8139999999999998
4,1,phase_flip,22,0.02,1000,0,0,0.676,0.676
4,1,phase_flip,22,0.02,1000,1,1,0.69,0.69
4,1,phase_flip,22,0.02,1000,2,2,0.673,0.673
4,1,phase_flip,22,0.02,1000,3,3,0.679,0.679
4,1,phase_flip,22,0.02,1000,4,4,0.649,0.649
4,1,phase_flip,22,0.05,1000,0,0,0.352,0.352
4,1,phase_flip,22,0.05,1000,1,1,0.349,0.3489999999999999
4,1,phase_flip,22,0.05,1000,2,2,0.383,0.38299999999999995
4,1,phase_flip,22,0.05,1000,3,3,0.385,0.38500000000000006
4,1,phase_flip,22,0.05,1000,4,4,0.38,0.38
4,1,phase_flip,22,0.1,1000,0,0,0.163,0.16299999999999998
4,1,phase_flip,22,0.1,1000,1,1,0.148,0.14800000000000002
4,1,phase_flip,22,0.1,1000,2,2,0.176,0.17600000000000002
4,1,phase_flip,22,0.1,1000,3,3,0.163,0.16299999999999998
4,1,phase_flip,22,0.1,1000,4,4,0.167,0.167
4,2,phase_flip,36,0.0,1000,0,0,1.0,1.0
4,2,phase_flip,36,0.0,1000,1,1,1.0,1.0
4,2,phase_flip,36,0.0,1000,2,2,1.0,1.0
4,2,phase_flip,36,0.0,1000,3,3,1.0,1.0
4,2,phase_flip,36,0.0,1000,4,4,1.0,1.0
4,2,phase_flip,36,0.001,1000,0,0,0.969,0.9689999999999999
4,2,phase_flip,36,0.001,1000,1,1,0.968,0.968
4,2,phase_flip,36,0.001,1000,2,2,0.973,0.9729999999999999
4,2,phase_flip,36,0.001,1000,3,3,0.972,0.972
4,2,phase_flip,36,0.001,1000,4,4,0.972,0.972
4,2,phase_flip,36,0.002,1000,0,0,0.951,0.951
4,2,phase_flip,36,0.002,1000,1,1,0.946,0.946
4,2,phase_flip,36,0.002,1000,2,2,0.946,0.946
4,2,phase_flip,36,0.002,1000,3,3,0.953,0.953
4,2,phase_flip,36,0.002,1000,4,4,0.956,0.9559999999999998
4,2,phase_flip,36,0.005,1000,0,0,0.894,0.894
4,2,phase_flip,36,0.005,1000,1,1,0.885,0.8849999999999999
4,2,phase_flip,36,0.005,1000,2,2,0.885,0.8849999999999999
4,2,phase_flip,36,0.005,1000,3,3,0.89,0.89
4,2,phase_flip,36,0.005,1000,4,4,0.873,0.873
4,2,phase_flip,36,0.01,1000,0,0,0.795,0.7950000000000002
4,2,phase_flip,36,0.01,1000,1,1,0.809,0.809
4,2,phase_flip,36,0.01,1000,2,2,0.787,0.7869999999999999
4,2,phase_flip,36,0.01,1000,3,3,0.791,0.7909999999999999
4,2,phase_flip,36,0.01,1000,4,4,0.777,0.7770000000000001
4,2,phase_flip,36,0.02,1000,0,0,0.625,0.6250000000000001
4,2,phase_flip,36,0.02,1000,1,1,0.629,0.6290000000000001
4,2,phase_flip,36,0.02,1000,2,2,0.635,0.635
4,2,phase_flip,36,0.02,1000,3,3,0.631,0.631
4,2,phase_flip,36,0.02,1000,4,4,0.6,0.6000000000000001
4,2,phase_flip,36,0.05,1000,0,0,0.298,0.29799999999999993
4,2,phase_flip,36,0.05,1000,1,1,0.294,0.29399999999999993
4,2,phase_flip,36,0.05,1000,2,2,0.313,0.31299999999999994
4,2,phase_flip,36,0.05,1000,3,3,0.316,0.31599999999999995
4,2,phase_flip,36,0.05,1000,4,4,0.316,0.31599999999999995
4,2,phase_flip,36,0.1,1000,0,0,0.126,0.12599999999999997
4,2,phase_flip,36,0.1,1000,1,1,0.118,0.11799999999999998
4,2,phase_flip,36,0.1,1000,2,2,0.134,0.13400000000000004
4,2,phase_flip,36,0.1,1000,3,3,0.128,0.128
4,2,phase_flip,36,0.1,1000,4,4,0.135,0.135
4,4,phase_flip,64,0.0,1000,0,0,1.0,1.0
4,4,phase_flip,64,0.0,1000,1,1,1.0,1.0
4,4,phase_flip,64,0.0,1000,2,2,1.0,1.0
4,4,phase_flip,64,0.0,1000,3,3,1.0,1.0
4,4,phase_flip,64,0.0,1000,4,4,1.0,1.0
4,4,phase_flip,64,0.001,1000,0,0,0.954,0.954
4,4,phase_flip,64,0.001,1000,1,1,0.953,0.953
4,4,phase_flip,64,0.001,1000,2,2,0.953,0.953
4,4,phase_flip,64,0.001,1000,3,3,0.959,0.9590000000000001
4,4,phase_flip,64,0.001,1000,4,4,0.958,0.9580000000000001
4,4,phase_flip,64,0.002,1000,0,0,0.919,0.9189999999999999
4,4,phase_flip,64,0.002,1000,1,1,0.917,0.917
4,4,phase_flip,64,0.002,1000,2,2,0.913,0.9129999999999999
4,4,phase_flip,64,0.002,1000,3,3,0.917,0.917
4,4,phase_flip,64,0.002,1000,4,4,0.916,0.916
4,4,phase_flip,64,0.005,1000,0,0,0.816,0.8159999999999998
4,4,phase_flip,64,0.005,1000,1,1,0.821,0.821
4,4,phase_flip,64,0.005,1000,2,2,0.797,0.797
4,4,phase_flip,64,0.005,1000,3,3,0.808,0.808
4,4,phase_flip,64,0.005,1000,4,4,0.791,0.7909999999999999
4,4,phase_flip,64,0.01,1000,0,0,0.65,0.6500000000000001
4,4,phase_flip,64,0.01,1000,1,1,0.657,0.6570000000000001
4,4,phase_flip,64,0.01,1000,2,2,0.651,0.651
4,4,phase_flip,64,0.01,1000,3,3,0.654,0.6540000000000001
4,4,phase_flip,64,0.01,1000,4,4,0.622,0.6219999999999999
4,4,phase_flip,64,0.02,1000,0,0,0.404,0.404
4,4,phase_flip,64,0.02,1000,1,1,0.392,0.392
4,4,phase_flip,64,0.02,1000,2,2,0.439,0.43899999999999995
4,4,phase_flip,64,0.02,1000,3,3,0.412,0.4119999999999999
4,4,phase_flip,64,0.02,1000,4,4,0.422,0.42200000000000004
4,4,phase_flip,64,0.05,1000,0,0,0.149,0.149
4,4,phase_flip,64,0.05,1000,1,1,0.136,0.136
4,4,phase_flip,64,0.05,1000,2,2,0.15,0.15000000000000002
4,4,phase_flip,64,0.05,1000,3,3,0.141,0.141
4,4,phase_flip,64,0.05,1000,4,4,0.149,0.149
4,4,phase_flip,64,0.1,1000,0,0,0.065,0.065
4,4,phase_flip,64,0.1,1000,1,1,0.054,0.05399999999999999
4,4,phase_flip,64,0.1,1000,2,2,0.071,0.07099999999999998
4,4,phase_flip,64,0.1,1000,3,3,0.065,0.065
4,4,phase_flip,64,0.1,1000,4,4,0.088,0.088
4,8,phase_flip,120,0.0,1000,0,0,1.0,1.0
4,8,phase_flip,120,0.0,1000,1,1,1.0,1.0
4,8,phase_flip,120,0.0,1000,2,2,1.0,1.0
4,8,phase_flip,120,0.0,1000,3,3,1.0,1.0
4,8,phase_flip,120,0.0,1000,4,4,1.0,1.0
4,8,phase_flip,120,0.001,1000,0,0,0.921,0.9210000000000002
4,8,phase_flip,120,0.001,1000,1,1,0.922,0.922
4,8,phase_flip,120,0.001,1000,2,2,0.915,0.9150000000000001
4,8,phase_flip,120,0.001,1000,3,3,0.922,0.922
4,8,phase_flip,120,0.001,1000,4,4,0.919,0.9189999999999999
4,8,phase_flip,120,0.002,1000,0,0,0.862,0.8619999999999999
4,8,phase_flip,120,0.002,1000,1,1,0.852,0.8520000000000001
4,8,phase_flip,120,0.002,1000,2,2,0.84,0.84
4,8,phase_flip,120,0.002,1000,3,3,0.848,0.848
4,8,phase_flip,120,0.002,1000,4,4,0.837,0.837
4,8,phase_flip,120,0.005,1000,0,0,0.66,0.66
4,8,phase_flip,120,0.005,1000,1,1,0.676,0.676
4,8,phase_flip,120,0.005,1000,2,2,0.659,0.659
4,8,phase_flip,120,0.005,1000,3,3,0.67,0.6700000000000002
4,8,phase_flip,120,0.005,1000,4,4,0.639,0.6390000000000001
4,8,phase_flip,120,0.01,1000,0,0,0.424,0.42399999999999993
4,8,phase_flip,120,0.01,1000,1,1,0.405,0.40499999999999997
4,8,phase_flip,120,0.01,1000,2,2,0.455,0.45500000000000007
4,8,phase_flip,120,0.01,1000,3,3,0.436,0.43600000000000005
4,8,phase_flip,120,0.01,1000,4,4,0.438,0.43800000000000006
4,8,phase_flip,120,0.02,1000,0,0,0.207,0.207
4,8,phase_flip,120,0.02,1000,1,1,0.199,0.19900000000000004
4,8,phase_flip,120,0.02,1000,2,2,0.231,0.231
4,8,phase_flip,120,0.02,1000,3,3,0.214,0.214
4,8,phase_flip,120,0.02,1000,4,4,0.205,0.205
4,8,phase_flip,120,0.05,1000,0,0,0.071,0.07099999999999998
4,8,phase_flip,120,0.05,1000,1,1,0.055,0.05500000000000001
4,8,phase_flip,120,0.05,1000,2,2,0.075,0.07499999999999998
4,8,phase_flip,120,0.05,1000,3,3,0.066,0.06600000000000002
4,8,phase_flip,120,0.05,1000,4,4,0.089,0.089
4,8,phase_flip,120,0.1,1000,0,0,0.056,0.056
4,8,phase_flip,120,0.1,1000,1,1,0.049,0.049
4,8,phase_flip,120,0.1,1000,2,2,0.062,0.062
4,8,phase_flip,120,0.1,1000,3,3,0.059,0.059
4,8,phase_flip,120,0.1,1000,4,4,0.077,0.077
4,16,phase_flip,232,0.0,1000,0,0,1.0,1.0
4,16,phase_flip,232,0.0,1000,1,1,1.0,1.0
4,16,phase_flip,232,0.0,1000,2,2,1.0,1.0
4,16,phase_flip,232,0.0,1000,3,3,1.0,1.0
4,16,phase_flip,232,0.0,1000,4,4,1.0,1.0
4,16,phase_flip,232,0.001,1000,0,0,0.864,0.8639999999999999
4,16,phase_flip,232,0.001,1000,1,1,0.855,0.855
4,16,phase_flip,232,0.001,1000,2,2,0.848,0.848
4,16,phase_flip,232,0.001,1000,3,3,0.851,0.851
4,16,phase_flip,232,0.001,1000,4,4,0.839,0.839
4,16,phase_flip,232,0.002,1000,0,0,0.725,0.7249999999999999
4,16,phase_flip,232,0.002,1000,1,1,0.741,0.7410000000000001
4,16,phase_flip,232,0.002,1000,2,2,0.726,0.726
4,16,phase_flip,232,0.002,1000,3,3,0.73,0.73
4,16,phase_flip,232,0.002,1000,4,4,0.707,0.707
4,16,phase_flip,232,0.005,1000,0,0,0.44,0.43999999999999995
4,16,phase_flip,232,0.005,1000,1,1,0.416,0.41600000000000004
4,16,phase_flip,232,0.005,1000,2,2,0.466,0.4660000000000001
4,16,phase_flip,232,0.005,1000,3,3,0.443,0.443
4,16,phase_flip,232,0.005,1000,4,4,0.448,0.448
4,16,phase_flip,232,0.01,1000,0,0,0.216,0.21599999999999997
4,16,phase_flip,232,0.01,1000,1,1,0.21,0.21
4,16,phase_flip,232,0.01,1000,2,2,0.24,0.24
4,16,phase_flip,232,0.01,1000,3,3,0.221,0.22100000000000003
4,16,phase_flip,232,0.01,1000,4,4,0.219,0.21899999999999997
4,16,phase_flip,232,0.02,1000,0,0,0.093,0.09300000000000001
4,16,phase_flip,232,0.02,1000,1,1,0.081,0.08100000000000002
4,16,phase_flip,232,0.02,1000,2,2,0.093,0.09300000000000001
4,16,phase_flip,232,0.02,1000,3,3,0.089,0.089
4,16,phase_flip,232,0.02,1000,4,4,0.106,0.10599999999999998
4,16,phase_flip,232,0.05,1000,0,0,0.056,0.056
4,16,phase_flip,232,0.05,1000,1,1,0.049,0.049
4,16,phase_flip,232,0.05,1000,2,2,0.062,0.062
4,16,phase_flip,232,0.05,1000,3,3,0.059,0.059
4,16,phase_flip,232,0.05,1000,4,4,0.077,0.077
4,16,phase_flip,232,0.1,1000,0,0,0.055,0.05500000000000001
4,16,phase_flip,232,0.1,1000,1,1,0.049,0.049
4,16,phase_flip,232,0.1,1000,2,2,0.062,0.062
4,16,phase_flip,232,0.1,1000,3,3,0.059,0.059
4,16,phase_flip,232,0.1,1000,4,4,0.077,0.077
4,32,phase_flip,456,0.0,1000,0,0,1.0,1.0
4,32,phase_flip,456,0.0,1000,1,1,1.0,1.0
4,32,phase_flip,456,0.0,1000,2,2,1.0,1.0
4,32,phase_flip,456,0.0,1000,3,3,1.0,1.0
4,32,phase_flip,456,0.0,1000,4,4,1.0,1.0
4,32,phase_flip,456,0.001,1000,0,0,0.728,0.7279999999999999
4,32,phase_flip,456,0.001,1000,1,1,0.744,0.7440000000000001
4,32,phase_flip,456,0.001,1000,2,2,0.728,0.7279999999999999
4,32,phase_flip,456,0.001,1000,3,3,0.734,0.7339999999999999
4,32,phase_flip,456,0.001,1000,4,4,0.708,0.708
4,32,phase_flip,456,0.002,1000,0,0,0.528,0.528
4,32,phase_flip,456,0.002,1000,1,1,0.535,0.5350000000000001
4,32,phase_flip,456,0.002,1000,2,2,0.546,0.546
4,32,phase_flip,456,0.002,1000,3,3,0.536,0.5360000000000001
4,32,phase_flip,456,0.002,1000,4,4,0.512,0.512
4,32,phase_flip,456,0.005,1000,0,0,0.221,0.22100000000000003
4,32,phase_flip,456,0.005,1000,1,1,0.213,0.21300000000000002
4,32,phase_flip,456,0.005,1000,2,2,0.242,0.242
4,32,phase_flip,456,0.005,1000,3,3,0.222,0.22199999999999998
4,32,phase_flip,456,0.005,1000,4,4,0.225,0.22499999999999998
4,32,phase_flip,456,0.01,1000,0,0,0.094,0.09399999999999999
4,32,phase_flip,456,0.01,1000,1,1,0.082,0.082
4,32,phase_flip,456,0.01,1000,2,2,0.094,0.09399999999999999
4,32,phase_flip,456,0.01,1000,3,3,0.092,0.09200000000000001
4,32,phase_flip,456,0.01,1000,4,4,0.109,0.10900000000000001
4,32,phase_flip,456,0.02,1000,0,0,0.057,0.05700000000000001
4,32,phase_flip,456,0.02,1000,1,1,0.05,0.049999999999999996
4,32,phase_flip,456,0.02,1000,2,2,0.062,0.062
4,32,phase_flip,456,0.02,1000,3,3,0.063,0.06299999999999999
4,32,phase_flip,456,0.02,1000,4,4,0.078,0.078
4,32,phase_flip,456,0.05,1000,0,0,0.055,0.05500000000000001
4,32,phase_flip,456,0.05,1000,1,1,0.049,0.049
4,32,phase_flip,456,0.05,1000,2,2,0.062,0.062
4,32,phase_flip,456,0.05,1000,3,3,0.059,0.059
4,32,phase_flip,456,0.05,1000,4,4,0.077,0.077
4,32,phase_flip,456,0.1,1000,0,0,0.055,0.05500000000000001
4,32,phase_flip,456,0.1,1000,1,1,0.049,0.049
4,32,phase_flip,456,0.1,1000,2,2,0.062,0.062
4,32,phase_flip,456,0.1,1000,3,3,0.059,0.059
4,32,phase_flip,456,0.1,1000,4,4,0.077,0.077
5,1,phase_flip,28,0.0,1000,0,0,1.0,1.0
5,1,phase_flip,28,0.0,1000,1,1,1.0,1.0
5,1,phase_flip,28,0.0,1000,2,2,1.0,1.0
5,1,phase_flip,28,0.0,1000,3,3,1.0,1.0
5,1,phase_flip,28,0.0,1000,4,4,1.0,1.0
5,1,phase_flip,28,0.001,1000,0,0,0.968,0.968
5,1,phase_flip,28,0.001,1000,1,1,0.967,0.9670000000000001
5,1,phase_flip,28,0.001,1000,2,2,0.971,0.971
5,1,phase_flip,28,0.001,1000,3,3,0.972,0.972
5,1,phase_flip,28,0.001,1000,4,4,0.97,0.97
5,1,phase_flip,28,0.002,1000,0,0,0.946,0.946
5,1,phase_flip,28,0.002,1000,1,1,0.943,0.943
5,1,phase_flip,28,0.002,1000,2,2,0.945,0.945
5,1,phase_flip,28,0.002,1000,3,3,0.95,0.9499999999999998
5,1,phase_flip,28,0.002,1000,4,4,0.953,0.953
5,1,phase_flip,28,0.005,1000,0,0,0.887,0.887
5,1,phase_flip,28,0.005,1000,1,1,0.878,0.878
5,1,phase_flip,28,0.005,1000,2,2,0.881,0.881
5,1,phase_flip,28,0.005,1000,3,3,0.88,0.8800000000000001
5,1,phase_flip,28,0.005,1000,4,4,0.865,0.865
5,1,phase_flip,28,0.01,1000,0,0,0.771,0.771
5,1,phase_flip,28,0.01,1000,1,1,0.793,0.793
5,1,phase_flip,28,0.01,1000,2,2,0.77,0.77
5,1,phase_flip,28,0.01,1000,3,3,0.778,0.7779999999999999
5,1,phase_flip,28,0.01,1000,4,4,0.753,0.753
5,1,phase_flip,28,0.02,1000,0,0,0.595,0.595
5,1,phase_flip,28,0.02,1000,1,1,0.6,0.6000000000000001
5,1,phase_flip,28,0.02,1000,2,2,0.61,0.61
5,1,phase_flip,28,0.02,1000,3,3,0.607,0.607
5,1,phase_flip,28,0.02,1000,4,4,0.575,0.575
5,1,phase_flip,28,0.05,1000,0,0,0.268,0.268
5,1,phase_flip,28,0.05,1000,1,1,0.269,0.269
5,1,phase_flip,28,0.05,1000,2,2,0.283,0.2829999999999999
5,1,phase_flip,28,0.05,1000,3,3,0.276,0.276
5,1,phase_flip,28,0.05,1000,4,4,0.286,0.286
5,1,phase_flip,28,0.1,1000,0,0,0.103,0.10299999999999998
5,1,phase_flip,28,0.1,1000,1,1,0.09,0.09
5,1,phase_flip,28,0.1,1000,2,2,0.102,0.10200000000000001
5,1,phase_flip,28,0.1,1000,3,3,0.097,0.097
5,1,phase_flip,28,0.1,1000,4,4,0.116,0.11600000000000002
5,2,phase_flip,46,0.0,1000,0,0,1.0,1.0
5,2,phase_flip,46,0.0,1000,1,1,1.0,1.0
5,2,phase_flip,46,0.0,1000,2,2,1.0,1.0
5,2,phase_flip,46,0.0,1000,3,3,1.0,1.0
5,2,phase_flip,46,0.0,1000,4,4,1.0,1.0
5,2,phase_flip,46,0.001,1000,0,0,0.961,0.9609999999999999
5,2,phase_flip,46,0.001,1000,1,1,0.966,0.966
5,2,phase_flip,46,0.001,1000,2,2,0.964,0.964
5,2,phase_flip,46,0.001,1000,3,3,0.966,0.966
5,2,phase_flip,46,0.001,1000,4,4,0.965,0.965
5,2,phase_flip,46,0.002,1000,0,0,0.939,0.939
5,2,phase_flip,46,0.002,1000,1,1,0.931,0.9309999999999999
5,2,phase_flip,46,0.002,1000,2,2,0.935,0.9349999999999999
5,2,phase_flip,46,0.002,1000,3,3,0.939,0.939
5,2,phase_flip,46,0.002,1000,4,4,0.946,0.946
5,2,phase_flip,46,0.005,1000,0,0,0.872,0.8720000000000001
5,2,phase_flip,46,0.005,1000,1,1,0.859,0.859
5,2,phase_flip,46,0.005,1000,2,2,0.855,0.855
5,2,phase_flip,46,0.005,1000,3,3,0.855,0.855
5,2,phase_flip,46,0.005,1000,4,4,0.852,0.8520000000000001
5,2,phase_flip,46,0.01,1000,0,0,0.733,0.733
5,2,phase_flip,46,0.01,1000,1,1,0.752,0.752
5,2,phase_flip,46,0.01,1000,2,2,0.73,0.73
5,2,phase_flip,46,0.01,1000,3,3,0.751,0.751
5,2,phase_flip,46,0.01,1000,4,4,0.713,0.713
5,2,phase_flip,46,0.02,1000,0,0,0.535,0.5350000000000001
5,2,phase_flip,46,0.02,1000,1,1,0.542,0.542
5,2,phase_flip,46,0.02,1000,2,2,0.555,0.555
5,2,phase_flip,46,0.02,1000,3,3,0.547,0.5470000000000002
5,2,phase_flip,46,0.02,1000,4,4,0.521,0.521
5,2,phase_flip,46,0.05,1000,0,0,0.218,0.21800000000000003
5,2,phase_flip,46,0.05,1000,1,1,0.211,0.21100000000000002
5,2,phase_flip,46,0.05,1000,2,2,0.241,0.241
5,2,phase_flip,46,0.05,1000,3,3,0.221,0.22100000000000003
5,2,phase_flip,46,0.05,1000,4,4,0.22,0.22000000000000003
5,2,phase_flip,46,0.1,1000,0,0,0.076,0.076
5,2,phase_flip,46,0.1,1000,1,1,0.06,0.06
5,2,phase_flip,46,0.1,1000,2,2,0.076,0.076
5,2,phase_flip,46,0.1,1000,3,3,0.07,0.07
5,2,phase_flip,46,0.1,1000,4,4,0.091,0.09100000000000001
5,4,phase_flip,82,0.0,1000,0,0,1.0,1.0
5,4,phase_flip,82,0.0,1000,1,1,1.0,1.0
5,4,phase_flip,82,0.0,1000,2,2,1.0,1.0
5,4,phase_flip,82,0.0,1000,3,3,1.0,1.0
5,4,phase_flip,82,0.0,1000,4,4,1.0,1.0
5,4,phase_flip,82,0.001,1000,0,0,0.942,0.942
5,4,phase_flip,82,0.001,1000,1,1,0.937,0.937
5,4,phase_flip,82,0.001,1000,2,2,0.941,0.9410000000000001
5,4,phase_flip,82,0.001,1000,3,3,0.946,0.946
5,4,phase_flip,82,0.001,1000,4,4,0.951,0.951
5,4,phase_flip,82,0.002,1000,0,0,0.897,0.8969999999999999
5,4,phase_flip,82,0.002,1000,1,1,0.892,0.8919999999999999
5,4,phase_flip,82,0.002,1000,2,2,0.891,0.8910000000000001
5,4,phase_flip,82,0.002,1000,3,3,0.896,0.896
5,4,phase_flip,82,0.002,1000,4,4,0.882,0.8819999999999999
5,4,phase_flip,82,0.005,1000,0,0,0.759,0.759
5,4,phase_flip,82,0.005,1000,1,1,0.77,0.77
5,4,phase_flip,82,0.005,1000,2,2,0.754,0.7540000000000001
5,4,phase_flip,82,0.005,1000,3,3,0.767,0.7670000000000001
5,4,phase_flip,82,0.005,1000,4,4,0.73,0.73
5,4,phase_flip,82,0.01,1000,0,0,0.565,0.5649999999999998
5,4,phase_flip,82,0.01,1000,1,1,0.568,0.5680000000000001
5,4,phase_flip,82,0.01,1000,2,2,0.581,0.581
5,4,phase_flip,82,0.01,1000,3,3,0.572,0.572
5,4,phase_flip,82,0.01,1000,4,4,0.545,0.545
5,4,phase_flip,82,0.02,1000,0,0,0.306,0.30599999999999994
5,4,phase_flip,82,0.02,1000,1,1,0.304,0.304
5,4,phase_flip,82,0.02,1000,2,2,0.328,0.328
5,4,phase_flip,82,0.02,1000,3,3,0.33,0.32999999999999996
5,4,phase_flip,82,0.02,1000,4,4,0.33,0.32999999999999996
5,4,phase_flip,82,0.05,1000,0,0,0.081,0.08100000000000002
5,4,phase_flip,82,0.05,1000,1,1,0.067,0.067
5,4,phase_flip,82,0.05,1000,2,2,0.086,0.08599999999999998
5,4,phase_flip,82,0.05,1000,3,3,0.084,0.08399999999999999
5,4,phase_flip,82,0.05,1000,4,4,0.101,0.101
5,4,phase_flip,82,0.1,1000,0,0,0.028,0.028
5,4,phase_flip,82,0.1,1000,1,1,0.027,0.027000000000000003
5,4,phase_flip,82,0.1,1000,2,2,0.037,0.037000000000000005
5,4,phase_flip,82,0.1,1000,3,3,0.043,0.043
5,4,phase_flip,82,0.1,1000,4,4,0.043,0.043
5,8,phase_flip,154,0.0,1000,0,0,1.0,1.0
5,8,phase_flip,154,0.0,1000,1,1,1.0,1.0
5,8,phase_flip,154,0.0,1000,2,2,1.0,1.0
5,8,phase_flip,154,0.0,1000,3,3,1.0,1.0
5,8,phase_flip,154,0.0,1000,4,4,1.0,1.0
5,8,phase_flip,154,0.001,1000,0,0,0.898,0.8979999999999999
5,8,phase_flip,154,0.001,1000,1,1,0.899,0.899
5,8,phase_flip,154,0.001,1000,2,2,0.897,0.8969999999999999
5,8,phase_flip,154,0.001,1000,3,3,0.901,0.901
5,8,phase_flip,154,0.001,1000,4,4,0.887,0.887
5,8,phase_flip,154,0.002,1000,0,0,0.817,0.8170000000000001
5,8,phase_flip,154,0.002,1000,1,1,0.824,0.8240000000000001
5,8,phase_flip,154,0.002,1000,2,2,0.798,0.798
5,8,phase_flip,154,0.002,1000,3,3,0.809,0.809
5,8,phase_flip,154,0.002,1000,4,4,0.794,0.794
5,8,phase_flip,154,0.005,1000,0,0,0.579,0.579
5,8,phase_flip,154,0.005,1000,1,1,0.586,0.586
5,8,phase_flip,154,0.005,1000,2,2,0.593,0.593
5,8,phase_flip,154,0.005,1000,3,3,0.589,0.589
5,8,phase_flip,154,0.005,1000,4,4,0.562,0.562
5,8,phase_flip,154,0.01,1000,0,0,0.322,0.322
5,8,phase_flip,154,0.01,1000,1,1,0.317,0.317
5,8,phase_flip,154,0.01,1000,2,2,0.346,0.346
5,8,phase_flip,154,0.01,1000,3,3,0.344,0.3439999999999999
5,8,phase_flip,154,0.01,1000,4,4,0.344,0.3439999999999999
5,8,phase_flip,154,0.02,1000,0,0,0.129,0.129
5,8,phase_flip,154,0.02,1000,1,1,0.122,0.12200000000000001
5,8,phase_flip,154,0.02,1000,2,2,0.141,0.141
5,8,phase_flip,154,0.02,1000,3,3,0.135,0.135
5,8,phase_flip,154,0.02,1000,4,4,0.139,0.139
5,8,phase_flip,154,0.05,1000,0,0,0.029,0.029000000000000005
5,8,phase_flip,154,0.05,1000,1,1,0.027,0.027000000000000003
5,8,phase_flip,154,0.05,1000,2,2,0.039,0.03899999999999999
5,8,phase_flip,154,0.05,1000,3,3,0.043,0.043
5,8,phase_flip,154,0.05,1000,4,4,0.045,0.045
5,8,phase_flip,154,0.1,1000,0,0,0.025,0.025
5,8,phase_flip,154,0.1,1000,1,1,0.024,0.024
5,8,phase_flip,154,0.1,1000,2,2,0.033,0.033
5,8,phase_flip,154,0.1,1000,3,3,0.037,0.037000000000000005
5,8,phase_flip,154,0.1,1000,4,4,0.037,0.037000000000000005
5,16,phase_flip,298,0.0,1000,0,0,1.0,1.0
5,16,phase_flip,298,0.0,1000,1,1,1.0,1.0
5,16,phase_flip,298,0.0,1000,2,2,1.0,1.0
5,16,phase_flip,298,0.0,1000,3,3,1.0,1.0
5,16,phase_flip,298,0.0,1000,4,4,1.0,1.0
5,16,phase_flip,298,0.001,1000,0,0,0.819,0.819
5,16,phase_flip,298,0.001,1000,1,1,0.826,0.826
5,16,phase_flip,298,0.001,1000,2,2,0.8,0.7999999999999999
5,16,phase_flip,298,0.001,1000,3,3,0.813,0.813
5,16,phase_flip,298,0.001,1000,4,4,0.797,0.797
5,16,phase_flip,298,0.002,1000,0,0,0.656,0.6560000000000001
5,16,phase_flip,298,0.002,1000,1,1,0.667,0.6670000000000001
5,16,phase_flip,298,0.002,1000,2,2,0.657,0.6570000000000001
5,16,phase_flip,298,0.002,1000,3,3,0.664,0.6640000000000001
5,16,phase_flip,298,0.002,1000,4,4,0.628,0.628
5,16,phase_flip,298,0.005,1000,0,0,0.33,0.32999999999999996
5,16,phase_flip,298,0.005,1000,1,1,0.323,0.323
5,16,phase_flip,298,0.005,1000,2,2,0.353,0.353
5,16,phase_flip,298,0.005,1000,3,3,0.351,0.3509999999999999
5,16,phase_flip,298,0.005,1000,4,4,0.352,0.352
5,16,phase_flip,298,0.01,1000,0,0,0.14,0.14
5,16,phase_flip,298,0.01,1000,1,1,0.131,0.13100000000000003
5,16,phase_flip,298,0.01,1000,2,2,0.146,0.146
5,16,phase_flip,298,0.01,1000,3,3,0.137,0.13699999999999998
5,16,phase_flip,298,0.01,1000,4,4,0.143,0.143
5,16,phase_flip,298,0.02,1000,0,0,0.041,0.04100000000000001
5,16,phase_flip,298,0.02,1000,1,1,0.035,0.035
5,16,phase_flip,298,0.02,1000,2,2,0.05,0.049999999999999996
5,16,phase_flip,298,0.02,1000,3,3,0.051,0.05099999999999999
5,16,phase_flip,298,0.02,1000,4,4,0.057,0.05700000000000001
5,16,phase_flip,298,0.05,1000,0,0,0.025,0.025
5,16,phase_flip,298,0.05,1000,1,1,0.024,0.024
5,16,phase_flip,298,0.05,1000,2,2,0.033,0.033
5,16,phase_flip,298,0.05,1000,3,3,0.037,0.037000000000000005
5,16,phase_flip,298,0.05,1000,4,4,0.037,0.037000000000000005
5,16,phase_flip,298,0.1,1000,0,0,0.025,0.025
5,16,phase_flip,298,0.1,1000,1,1,0.024,0.024
5,16,phase_flip,298,0.1,1000,2,2,0.033,0.033
5,16,phase_flip,298,0.1,1000,3,3,0.037,0.037000000000000005
5,16,phase_flip,298,0.1,1000,4,4,0.037,0.037000000000000005
5,32,phase_flip,586,0.0,1000,0,0,1.0,1.0
5,32,phase_flip,586,0.0,1000,1,1,1.0,1.0
5,32,phase_flip,586,0.0,1000,2,2,1.0,1.0
5,32,phase_flip,586,0.0,1000,3,3,1.0,1.0
5,32,phase_flip,586,0.0,1000,4,4,1.0,1.0
5,32,phase_flip,586,0.001,1000,0,0,0.657,0.6570000000000001
5,32,phase_flip,586,0.001,1000,1,1,0.671,0.671
5,32,phase_flip,586,0.001,1000,2,2,0.658,0.658
5,32,phase_flip,586,0.001,1000,3,3,0.669,0.6689999999999999
5,32,phase_flip,586,0.001,1000,4,4,0.633,0.633
5,32,phase_flip,586,0.002,1000,0,0,0.414,0.4139999999999999
5,32,phase_flip,586,0.002,1000,1,1,0.401,0.401
5,32,phase_flip,586,0.002,1000,2,2,0.453,0.45300000000000007
5,32,phase_flip,586,0.002,1000,3,3,0.432,0.43200000000000005
5,32,phase_flip,586,0.002,1000,4,4,0.432,0.43200000000000005
5,32,phase_flip,586,0.005,1000,0,0,0.143,0.143
5,32,phase_flip,586,0.005,1000,1,1,0.134,0.13400000000000004
5,32,phase_flip,586,0.005,1000,2,2,0.149,0.149
5,32,phase_flip,586,0.005,1000,3,3,0.139,0.139
5,32,phase_flip,586,0.005,1000,4,4,0.148,0.14800000000000002
5,32,phase_flip,586,0.01,1000,0,0,0.042,0.042
5,32,phase_flip,586,0.01,1000,1,1,0.035,0.035
5,32,phase_flip,586,0.01,1000,2,2,0.051,0.05099999999999999
5,32,phase_flip,586,0.01,1000,3,3,0.051,0.05099999999999999
5,32,phase_flip,586,0.01,1000,4,4,0.061,0.061000000000000006
5,32,phase_flip,586,0.02,1000,0,0,0.025,0.025
5,32,phase_flip,586,0.02,1000,1,1,0.024,0.024
5,32,phase_flip,586,0.02,1000,2,2,0.035,0.035
5,32,phase_flip,586,0.02,1000,3,3,0.039,0.03899999999999999
5,32,phase_flip,586,0.02,1000,4,4,0.037,0.037000000000000005
5,32,phase_flip,586,0.05,1000,0,0,0.025,0.025
5,32,phase_flip,586,0.05,1000,1,1,0.024,0.024
5,32,phase_flip,586,0.05,1000,2,2,0.033,0.033
5,32,phase_flip,586,0.05,1000,3,3,0.037,0.037000000000000005
5,32,phase_flip,586,0.05,1000,4,4,0.037,0.037000000000000005
5,32,phase_flip,586,0.1,1000,0,0,0.025,0.025
5,32,phase_flip,586,0.1,1000,1,1,0.024,0.024
5,32,phase_flip,586,0.1,1000,2,2,0.033,0.033
5,32,phase_flip,586,0.1,1000,3,3,0.037,0.037000000000000005
5,32,phase_flip,586,0.1,1000,4,4,0.037,0.037000000000000005
6,1,phase_flip,34,0.0,1000,0,0,1.0,1.0
6,1,phase_flip,34,0.0,1000,1,1,1.0,1.0
6,1,phase_flip,34,0.0,1000,2,2,1.0,1.0
6,1,phase_flip,34,0.0,1000,3,3,1.0,1.0
6,1,phase_flip,34,0.0,1000,4,4,1.0,1.0
6,1,phase_flip,34,0.001,1000,0,0,0.961,0.9609999999999999
6,1,phase_flip,34,0.001,1000,1,1,0.966,0.966
6,1,phase_flip,34,0.001,1000,2,2,0.964,0.964
6,1,phase_flip,34,0.001,1000,3,3,0.966,0.966
6,1,phase_flip,34,0.001,1000,4,4,0.965,0.965
6,1,phase_flip,34,0.002,1000,0,0,0.937,0.937
6,1,phase_flip,34,0.002,1000,1,1,0.931,0.9309999999999999
6,1,phase_flip,34,0.002,1000,2,2,0.931,0.9309999999999999
6,1,phase_flip,34,0.002,1000,3,3,0.937,0.937
6,1,phase_flip,34,0.002,1000,4,4,0.943,0.943
6,1,phase_flip,34,0.005,1000,0,0,0.867,0.867
6,1,phase_flip,34,0.005,1000,1,1,0.855,0.855
6,1,phase_flip,34,0.005,1000,2,2,0.849,0.849
6,1,phase_flip,34,0.005,1000,3,3,0.853,0.8529999999999999
6,1,phase_flip,34,0.005,1000,4,4,0.844,0.8440000000000001
6,1,phase_flip,34,0.01,1000,0,0,0.728,0.7279999999999999
6,1,phase_flip,34,0.01,1000,1,1,0.744,0.7440000000000001
6,1,phase_flip,34,0.01,1000,2,2,0.728,0.7279999999999999
6,1,phase_flip,34,0.01,1000,3,3,0.736,0.736
6,1,phase_flip,34,0.01,1000,4,4,0.709,0.7090000000000001
6,1,phase_flip,34,0.02,1000,0,0,0.526,0.5260000000000001
6,1,phase_flip,34,0.02,1000,1,1,0.531,0.5310000000000001
6,1,phase_flip,34,0.02,1000,2,2,0.544,0.544
6,1,phase_flip,34,0.02,1000,3,3,0.533,0.533
6,1,phase_flip,34,0.02,1000,4,4,0.509,0.509
6,1,phase_flip,34,0.05,1000,0,0,0.202,0.202
6,1,phase_flip,34,0.05,1000,1,1,0.191,0.191
6,1,phase_flip,34,0.05,1000,2,2,0.224,0.224
6,1,phase_flip,34,0.05,1000,3,3,0.211,0.21100000000000002
6,1,phase_flip,34,0.05,1000,4,4,0.198,0.19800000000000004
6,1,phase_flip,34,0.1,1000,0,0,0.057,0.05700000000000001
6,1,phase_flip,34,0.1,1000,1,1,0.05,0.049999999999999996
6,1,phase_flip,34,0.1,1000,2,2,0.063,0.06299999999999999
6,1,phase_flip,34,0.1,1000,3,3,0.063,0.06299999999999999
6,1,phase_flip,34,0.1,1000,4,4,0.078,0.078
6,2,phase_flip,56,0.0,1000,0,0,1.0,1.0
6,2,phase_flip,56,0.0,1000,1,1,1.0,1.0
6,2,phase_flip,56,0.0,1000,2,2,1.0,1.0
6,2,phase_flip,56,0.0,1000,3,3,1.0,1.0
6,2,phase_flip,56,0.0,1000,4,4,1.0,1.0
6,2,phase_flip,56,0.001,1000,0,0,0.957,0.9569999999999999
6,2,phase_flip,56,0.001,1000,1,1,0.957,0.9569999999999999
6,2,phase_flip,56,0.001,1000,2,2,0.959,0.9590000000000001
6,2,phase_flip,56,0.001,1000,3,3,0.96,0.96
6,2,phase_flip,56,0.001,1000,4,4,0.961,0.9609999999999999
6,2,phase_flip,56,0.002,1000,0,0,0.929,0.929
6,2,phase_flip,56,0.002,1000,1,1,0.926,0.9259999999999999
6,2,phase_flip,56,0.002,1000,2,2,0.923,0.9229999999999999
6,2,phase_flip,56,0.002,1000,3,3,0.926,0.9259999999999999
6,2,phase_flip,56,0.002,1000,4,4,0.927,0.9269999999999999
6,2,phase_flip,56,0.005,1000,0,0,0.836,0.836
6,2,phase_flip,56,0.005,1000,1,1,0.839,0.839
6,2,phase_flip,56,0.005,1000,2,2,0.824,0.8240000000000001
6,2,phase_flip,56,0.005,1000,3,3,0.832,0.8319999999999999
6,2,phase_flip,56,0.005,1000,4,4,0.819,0.819
6,2,phase_flip,56,0.01,1000,0,0,0.69,0.69
6,2,phase_flip,56,0.01,1000,1,1,0.7,0.7000000000000001
6,2,phase_flip,56,0.01,1000,2,2,0.685,0.685
6,2,phase_flip,56,0.01,1000,3,3,0.691,0.6910000000000001
6,2,phase_flip,56,0.01,1000,4,4,0.668,0.668
6,2,phase_flip,56,0.02,1000,0,0,0.458,0.45799999999999996
6,2,phase_flip,56,0.02,1000,1,1,0.442,0.44200000000000006
6,2,phase_flip,56,0.02,1000,2,2,0.479,0.4789999999999999
6,2,phase_flip,56,0.02,1000,3,3,0.466,0.4660000000000001
6,2,phase_flip,56,0.02,1000,4,4,0.464,0.4640000000000001
6,2,phase_flip,56,0.05,1000,0,0,0.158,0.15800000000000003
6,2,phase_flip,56,0.05,1000,1,1,0.145,0.145
6,2,phase_flip,56,0.05,1000,2,2,0.168,0.168
6,2,phase_flip,56,0.05,1000,3,3,0.158,0.15800000000000003
6,2,phase_flip,56,0.05,1000,4,4,0.16,0.16000000000000003
6,2,phase_flip,56,0.1,1000,0,0,0.038,0.038
6,2,phase_flip,56,0.1,1000,1,1,0.031,0.030999999999999996
6,2,phase_flip,56,0.1,1000,2,2,0.047,0.047
6,2,phase_flip,56,0.1,1000,3,3,0.05,0.049999999999999996
6,2,phase_flip,56,0.1,1000,4,4,0.051,0.05099999999999999
6,4,phase_flip,100,0.0,1000,0,0,1.0,1.0
6,4,phase_flip,100,0.0,1000,1,1,1.0,1.0
6,4,phase_flip,100,0.0,1000,2,2,1.0,1.0
6,4,phase_flip,100,0.0,1000,3,3,1.0,1.0
6,4,phase_flip,100,0.0,1000,4,4,1.0,1.0
6,4,phase_flip,100,0.001,1000,0,0,0.934,0.9340000000000002
6,4,phase_flip,100,0.001,1000,1,1,0.928,0.928
6,4,phase_flip,100,0.001,1000,2,2,0.929,0.929
6,4,phase_flip,100,0.001,1000,3,3,0.93,0.9300000000000002
6,4,phase_flip,100,0.001,1000,4,4,0.938,0.938
6,4,phase_flip,100,0.002,1000,0,0,0.884,0.8840000000000001
6,4,phase_flip,100,0.002,1000,1,1,0.87,0.8699999999999999
6,4,phase_flip,100,0.002,1000,2,2,0.869,0.869
6,4,phase_flip,100,0.002,1000,3,3,0.869,0.869
6,4,phase_flip,100,0.002,1000,4,4,0.86,0.86
6,4,phase_flip,100,0.005,1000,0,0,0.712,0.712
6,4,phase_flip,100,0.005,1000,1,1,0.725,0.7249999999999999
6,4,phase_flip,100,0.005,1000,2,2,0.703,0.703
6,4,phase_flip,100,0.005,1000,3,3,0.71,0.7099999999999999
6,4,phase_flip,100,0.005,1000,4,4,0.686,0.686
6,4,phase_flip,100,0.01,1000,0,0,0.498,0.498
6,4,phase_flip,100,0.01,1000,1,1,0.487,0.48699999999999993
6,4,phase_flip,100,0.01,1000,2,2,0.518,0.518
6,4,phase_flip,100,0.01,1000,3,3,0.5,0.5000000000000001
6,4,phase_flip,100,0.01,1000,4,4,0.493,0.49300000000000005
6,4,phase_flip,100,0.02,1000,0,0,0.245,0.24500000000000002
6,4,phase_flip,100,0.02,1000,1,1,0.236,0.236
6,4,phase_flip,100,0.02,1000,2,2,0.261,0.261
6,4,phase_flip,100,0.02,1000,3,3,0.247,0.247
6,4,phase_flip,100,0.02,1000,4,4,0.252,0.25199999999999995
6,4,phase_flip,100,0.05,1000,0,0,0.044,0.044000000000000004
6,4,phase_flip,100,0.05,1000,1,1,0.035,0.035
6,4,phase_flip,100,0.05,1000,2,2,0.052,0.05199999999999999
6,4,phase_flip,100,0.05,1000,3,3,0.053,0.053
6,4,phase_flip,100,0.05,1000,4,4,0.063,0.06299999999999999
6,4,phase_flip,100,0.1,1000,0,0,0.016,0.015999999999999997
6,4,phase_flip,100,0.1,1000,1,1,0.016,0.015999999999999997
6,4,phase_flip,100,0.1,1000,2,2,0.019,0.019
6,4,phase_flip,100,0.1,1000,3,3,0.022,0.022
6,4,phase_flip,100,0.1,1000,4,4,0.022,0.022
6,8,phase_flip,188,0.0,1000,0,0,1.0,1.0
6,8,phase_flip,188,0.0,1000,1,1,1.0,1.0
6,8,phase_flip,188,0.0,1000,2,2,1.0,1.0
6,8,phase_flip,188,0.0,1000,3,3,1.0,1.0
6,8,phase_flip,188,0.0,1000,4,4,1.0,1.0
6,8,phase_flip,188,0.001,1000,0,0,0.887,0.887
6,8,phase_flip,188,0.001,1000,1,1,0.876,0.8759999999999999
6,8,phase_flip,188,0.001,1000,2,2,0.875,0.875
6,8,phase_flip,188,0.001,1000,3,3,0.876,0.8759999999999999
6,8,phase_flip,188,0.001,1000,4,4,0.865,0.865
6,8,phase_flip,188,0.002,1000,0,0,0.766,0.7659999999999999
6,8,phase_flip,188,0.002,1000,1,1,0.785,0.7849999999999999
6,8,phase_flip,188,0.002,1000,2,2,0.766,0.7659999999999999
6,8,phase_flip,188,0.002,1000,3,3,0.773,0.773
6,8,phase_flip,188,0.002,1000,4,4,0.745,0.745
6,8,phase_flip,188,0.005,1000,0,0,0.516,0.516
6,8,phase_flip,188,0.005,1000,1,1,0.506,0.506
6,8,phase_flip,188,0.005,1000,2,2,0.527,0.5270000000000001
6,8,phase_flip,188,0.005,1000,3,3,0.515,0.515
6,8,phase_flip,188,0.005,1000,4,4,0.501,0.501
6,8,phase_flip,188,0.01,1000,0,0,0.255,0.255
6,8,phase_flip,188,0.01,1000,1,1,0.256,0.25599999999999995
6,8,phase_flip,188,0.01,1000,2,2,0.27,0.2700000000000001
6,8,phase_flip,188,0.01,1000,3,3,0.264,0.26400000000000007
6,8,phase_flip,188,0.01,1000,4,4,0.269,0.269
6,8,phase_flip,188,0.02,1000,0,0,0.081,0.08100000000000002
6,8,phase_flip,188,0.02,1000,1,1,0.068,0.06800000000000002
6,8,phase_flip,188,0.02,1000,2,2,0.086,0.08599999999999998
6,8,phase_flip,188,0.02,1000,3,3,0.084,0.08399999999999999
6,8,phase_flip,188,0.02,1000,4,4,0.101,0.101
6,8,phase_flip,188,0.05,1000,0,0,0.016,0.015999999999999997
6,8,phase_flip,188,0.05,1000,1,1,0.016,0.015999999999999997
6,8,phase_flip,188,0.05,1000,2,2,0.02,0.02
6,8,phase_flip,188,0.05,1000,3,3,0.023,0.023000000000000003
6,8,phase_flip,188,0.05,1000,4,4,0.022,0.022
6,8,phase_flip,188,0.1,1000,0,0,0.015,0.015
6,8,phase_flip,188,0.1,1000,1,1,0.013,0.012999999999999998
6,8,phase_flip,188,0.1,1000,2,2,0.014,0.014
6,8,phase_flip,188,0.1,1000,3,3,0.017,0.017000000000000005
6,8,phase_flip,188,0.1,1000,4,4,0.018,0.018000000000000002
6,16,phase_flip,364,0.0,1000,0,0,1.0,1.0
6,16,phase_flip,364,0.0,1000,1,1,1.0,1.0
6,16,phase_flip,364,0.0,1000,2,2,1.0,1.0
6,16,phase_flip,364,0.0,1000,3,3,1.0,1.0
6,16,phase_flip,364,0.0,1000,4,4,1.0,1.0
6,16,phase_flip,364,0.001,1000,0,0,0.769,0.769
6,16,phase_flip,364,0.001,1000,1,1,0.791,0.7909999999999999
6,16,phase_flip,364,0.001,1000,2,2,0.77,0.77
6,16,phase_flip,364,0.001,1000,3,3,0.777,0.7770000000000001
6,16,phase_flip,364,0.001,1000,4,4,0.753,0.753
6,16,phase_flip,364,0.002,1000,0,0,0.591,0.5909999999999999
6,16,phase_flip,364,0.002,1000,1,1,0.596,0.596
6,16,phase_flip,364,0.002,1000,2,2,0.609,0.6089999999999999
6,16,phase_flip,364,0.002,1000,3,3,0.603,0.603
6,16,phase_flip,364,0.002,1000,4,4,0.571,0.571
6,16,phase_flip,364,0.005,1000,0,0,0.262,0.26199999999999996
6,16,phase_flip,364,0.005,1000,1,1,0.262,0.26199999999999996
6,16,phase_flip,364,0.005,1000,2,2,0.276,0.276
6,16,phase_flip,364,0.005,1000,3,3,0.271,0.2710000000000001
6,16,phase_flip,364,0.005,1000,4,4,0.279,0.279
6,16,phase_flip,364,0.01,1000,0,0,0.091,0.09100000000000001
6,16,phase_flip,364,0.01,1000,1,1,0.078,0.078
6,16,phase_flip,364,0.01,1000,2,2,0.093,0.09300000000000001
6,16,phase_flip,364,0.01,1000,3,3,0.088,0.088
6,16,phase_flip,364,0.01,1000,4,4,0.105,0.10499999999999998
6,16,phase_flip,364,0.02,1000,0,0,0.018,0.018000000000000002
6,16,phase_flip,364,0.02,1000,1,1,0.024,0.024
6,16,phase_flip,364,0.02,1000,2,2,0.027,0.027000000000000003
6,16,phase_flip,364,0.02,1000,3,3,0.03,0.03
6,16,phase_flip,364,0.02,1000,4,4,0.032,0.032
6,16,phase_flip,364,0.05,1000,0,0,0.015,0.015
6,16,phase_flip,364,0.05,1000,1,1,0.013,0.012999999999999998
6,16,phase_flip,364,0.05,1000,2,2,0.014,0.014
6,16,phase_flip,364,0.05,1000,3,3,0.017,0.017000000000000005
6,16,phase_flip,364,0.05,1000,4,4,0.018,0.018000000000000002
6,16,phase_flip,364,0.1,1000,0,0,0.015,0.015
6,16,phase_flip,364,0.1,1000,1,1,0.013,0.012999999999999998
6,16,phase_flip,364,0.1,1000,2,2,0.014,0.014
6,16,phase_flip,364,0.1,1000,3,3,0.017,0.017000000000000005
6,16,phase_flip,364,0.1,1000,4,4,0.018,0.018000000000000002
6,32,phase_flip,716,0.0,1000,0,0,1.0,1.0
6,32,phase_flip,716,0.0,1000,1,1,1.0,1.0
6,32,phase_flip,716,0.0,1000,2,2,1.0,1.0
6,32,phase_flip,716,0.0,1000,3,3,1.0,1.0
6,32,phase_flip,716,0.0,1000,4,4,1.0,1.0
6,32,phase_flip,716,0.001,1000,0,0,0.598,0.598
6,32,phase_flip,716,0.001,1000,1,1,0.6,0.6000000000000001
6,32,phase_flip,716,0.001,1000,2,2,0.61,0.61
6,32,phase_flip,716,0.001,1000,3,3,0.608,0.608
6,32,phase_flip,716,0.001,1000,4,4,0.575,0.575
6,32,phase_flip,716,0.002,1000,0,0,0.333,0.333
6,32,phase_flip,716,0.002,1000,1,1,0.328,0.328
6,32,phase_flip,716,0.002,1000,2,2,0.357,0.357
6,32,phase_flip,716,0.002,1000,3,3,0.359,0.35900000000000004
6,32,phase_flip,716,0.002,1000,4,4,0.356,0.356
6,32,phase_flip,716,0.005,1000,0,0,0.094,0.09399999999999999
6,32,phase_flip,716,0.005,1000,1,1,0.081,0.08100000000000002
6,32,phase_flip,716,0.005,1000,2,2,0.094,0.09399999999999999
6,32,phase_flip,716,0.005,1000,3,3,0.09,0.09
6,32,phase_flip,716,0.005,1000,4,4,0.109,0.10900000000000001
6,32,phase_flip,716,0.01,1000,0,0,0.019,0.019
6,32,phase_flip,716,0.01,1000,1,1,0.024,0.024
6,32,phase_flip,716,0.01,1000,2,2,0.028,0.028
6,32,phase_flip,716,0.01,1000,3,3,0.03,0.03
6,32,phase_flip,716,0.01,1000,4,4,0.032,0.032
6,32,phase_flip,716,0.02,1000,0,0,0.015,0.015
6,32,phase_flip,716,0.02,1000,1,1,0.013,0.012999999999999998
6,32,phase_flip,716,0.02,1000,2,2,0.015,0.015
6,32,phase_flip,716,0.02,1000,3,3,0.018,0.018000000000000002
6,32,phase_flip,716,0.02,1000,4,4,0.019,0.019
6,32,phase_flip,716,0.05,1000,0,0,0.015,0.015
6,32,phase_flip,716,0.05,1000,1,1,0.013,0.012999999999999998
6,32,phase_flip,716,0.05,1000,2,2,0.014,0.014
6,32,phase_flip,716,0.05,1000,3,3,0.017,0.017000000000000005
6,32,phase_flip,716,0.05,1000,4,4,0.018,0.018000000000000002
6,32,phase_flip,716,0.1,1000,0,0,0.015,0.015
6,32,phase_flip,716,0.1,1000,1,1,0.013,0.012999999999999998
6,32,phase_flip,716,0.1,1000,2,2,0.014,0.014
6,32,phase_flip,716,0.1,1000,3,3,0.017,0.017000000000000005
6,32,phase_flip,716,0.1,1000,4,4,0.018,0.018000000000000002
2,1,depolarizing,10,0.0,1000,0,0,1.0,1.0
2,1,depolarizing,10,0.0,1000,1,1,1.0,1.0
2,1,depolarizing,10,0.0,1000,2,2,1.0,1.0
2,1,depolarizing,10,0.0,1000,3,3,1.0,1.0
2,1,depolarizing,10,0.0,1000,4,4,1.0,1.0
2,1,depolarizing,10,0.001,1000,0,0,0.994,0.9939999999999999
2,1,depolarizing,10,0.001,1000,1,1,0.995,0.9949999999999999
2,1,depolarizing,10,0.001,1000,2,2,0.994,0.9939999999999999
2,1,depolarizing,10,0.001,1000,3,3,0.996,0.9960000000000001
2,1,depolarizing,10,0.001,1000,4,4,0.997,0.997
2,1,depolarizing,10,0.002,1000,0,0,0.988,0.988
2,1,depolarizing,10,0.002,1000,1,1,0.981,0.9809999999999999
2,1,depolarizing,10,0.002,1000,2,2,0.988,0.988
2,1,depolarizing,10,0.002,1000,3,3,0.986,0.986
2,1,depolarizing,10,0.002,1000,4,4,0.991,0.9909999999999999
2,1,depolarizing,10,0.005,1000,0,0,0.967,0.9670000000000001
2,1,depolarizing,10,0.005,1000,1,1,0.967,0.9670000000000001
2,1,depolarizing,10,0.005,1000,2,2,0.97,0.97
2,1,depolarizing,10,0.005,1000,3,3,0.969,0.9689999999999999
2,1,depolarizing,10,0.005,1000,4,4,0.97,0.97
2,1,depolarizing,10,0.01,1000,0,0,0.943,0.943
2,1,depolarizing,10,0.01,1000,1,1,0.94,0.94
2,1,depolarizing,10,0.01,1000,2,2,0.943,0.943
2,1,depolarizing,10,0.01,1000,3,3,0.949,0.949
2,1,depolarizing,10,0.01,1000,4,4,0.952,0.9519999999999998
2,1,depolarizing,10,0.02,1000,0,0,0.898,0.8979999999999999
2,1,depolarizing,10,0.02,1000,1,1,0.898,0.8979999999999999
2,1,depolarizing,10,0.02,1000,2,2,0.896,0.896
2,1,depolarizing,10,0.02,1000,3,3,0.901,0.901
2,1,depolarizing,10,0.02,1000,4,4,0.887,0.887
2,1,depolarizing,10,0.05,1000,0,0,0.766,0.7659999999999999
2,1,depolarizing,10,0.05,1000,1,1,0.784,0.784
2,1,depolarizing,10,0.05,1000,2,2,0.765,0.765
2,1,depolarizing,10,0.05,1000,3,3,0.773,0.773
2,1,depolarizing,10,0.05,1000,4,4,0.744,0.7440000000000001
2,1,depolarizing,10,0.1,1000,0,0,0.593,0.593
2,1,depolarizing,10,0.1,1000,1,1,0.598,0.598
2,1,depolarizing,10,0.1,1000,2,2,0.61,0.61
2,1,depolarizing,10,0.1,1000,3,3,0.605,0.605
2,1,depolarizing,10,0.1,1000,4,4,0.573,0.573
2,2,depolarizing,16,0.0,1000,0,0,1.0,1.0
2,2,depolarizing,16,0.0,1000,1,1,1.0,1.0
2,2,depolarizing,16,0.0,1000,2,2,1.0,1.0
2,2,depolarizing,16,0.0,1000,3,3,1.0,1.0
2,2,depolarizing,16,0.0,1000,4,4,1.0,1.0
2,2,depolarizing,16,0.001,1000,0,0,0.988,0.988
2,2,depolarizing,16,0.001,1000,1,1,0.987,0.987
2,2,depolarizing,16,0.001,1000,2,2,0.989,0.989
2,2,depolarizing,16,0.001,1000,3,3,0.992,0.992
2,2,depolarizing,16,0.001,1000,4,4,0.994,0.9939999999999999
2,2,depolarizing,16,0.002,1000,0,0,0.981,0.9809999999999999
2,2,depolarizing,16,0.002,1000,1,1,0.975,0.975
2,2,depolarizing,16,0.002,1000,2,2,0.983,0.983
2,2,depolarizing,16,0.002,1000,3,3,0.977,0.9770000000000001
2,2,depolarizing,16,0.002,1000,4,4,0.982,0.9820000000000001
2,2,depolarizing,16,0.005,1000,0,0,0.953,0.953
2,2,depolarizing,16,0.005,1000,1,1,0.952,0.9519999999999998
2,2,depolarizing,16,0.005,1000,2,2,0.95,0.9499999999999998
2,2,depolarizing,16,0.005,1000,3,3,0.958,0.9580000000000001
2,2,depolarizing,16,0.005,1000,4,4,0.957,0.9569999999999999
2,2,depolarizing,16,0.01,1000,0,0,0.918,0.918
2,2,depolarizing,16,0.01,1000,1,1,0.914,0.9139999999999999
2,2,depolarizing,16,0.01,1000,2,2,0.913,0.9129999999999999
2,2,depolarizing,16,0.01,1000,3,3,0.915,0.9150000000000001
2,2,depolarizing,16,0.01,1000,4,4,0.913,0.9129999999999999
2,2,depolarizing,16,0.02,1000,0,0,0.85,0.8500000000000001
2,2,depolarizing,16,0.02,1000,1,1,0.85,0.8500000000000001
2,2,depolarizing,16,0.02,1000,2,2,0.833,0.833
2,2,depolarizing,16,0.02,1000,3,3,0.845,0.845
2,2,depolarizing,16,0.02,1000,4,4,0.83,0.8300000000000001
2,2,depolarizing,16,0.05,1000,0,0,0.655,0.6549999999999999
2,2,depolarizing,16,0.05,1000,1,1,0.662,0.6619999999999999
2,2,depolarizing,16,0.05,1000,2,2,0.655,0.6549999999999999
2,2,depolarizing,16,0.05,1000,3,3,0.663,0.663
2,2,depolarizing,16,0.05,1000,4,4,0.627,0.627
2,2,depolarizing,16,0.1,1000,0,0,0.447,0.44700000000000006
2,2,depolarizing,16,0.1,1000,1,1,0.424,0.42399999999999993
2,2,depolarizing,16,0.1,1000,2,2,0.47,0.47000000000000003
2,2,depolarizing,16,0.1,1000,3,3,0.454,0.45400000000000007
2,2,depolarizing,16,0.1,1000,4,4,0.451,0.45099999999999996
2,4,depolarizing,28,0.0,1000,0,0,1.0,1.0
2,4,depolarizing,28,0.0,1000,1,1,1.0,1.0
2,4,depolarizing,28,0.0,1000,2,2,1.0,1.0
2,4,depolarizing,28,0.0,1000,3,3,1.0,1.0
2,4,depolarizing,28,0.0,1000,4,4,1.0,1.0
2,4,depolarizing,28,0.001,1000,0,0,0.984,0.984
2,4,depolarizing,28,0.001,1000,1,1,0.975,0.975
2,4,depolarizing,28,0.001,1000,2,2,0.984,0.984
2,4,depolarizing,28,0.001,1000,3,3,0.979,0.9789999999999999
2,4,depolarizing,28,0.001,1000,4,4,0.984,0.984
2,4,depolarizing,28,0.002,1000,0,0,0.961,0.9609999999999999
2,4,depolarizing,28,0.002,1000,1,1,0.966,0.966
2,4,depolarizing,28,0.002,1000,2,2,0.964,0.964
2,4,depolarizing,28,0.002,1000,3,3,0.966,0.966
2,4,depolarizing,28,0.002,1000,4,4,0.965,0.965
2,4,depolarizing,28,0.005,1000,0,0,0.924,0.924
2,4,depolarizing,28,0.005,1000,1,1,0.924,0.924
2,4,depolarizing,28,0.005,1000,2,2,0.92,0.92
2,4,depolarizing,28,0.005,1000,3,3,0.924,0.924
2,4,depolarizing,28,0.005,1000,4,4,0.923,0.9229999999999999
2,4,depolarizing,28,0.01,1000,0,0,0.871,0.8710000000000001
2,4,depolarizing,28,0.01,1000,1,1,0.857,0.8570000000000001
2,4,depolarizing,28,0.01,1000,2,2,0.853,0.8529999999999999
2,4,depolarizing,28,0.01,1000,3,3,0.855,0.855
2,4,depolarizing,28,0.01,1000,4,4,0.849,0.849
2,4,depolarizing,28,0.02,1000,0,0,0.736,0.736
2,4,depolarizing,28,0.02,1000,1,1,0.753,0.753
2,4,depolarizing,28,0.02,1000,2,2,0.734,0.7339999999999999
2,4,depolarizing,28,0.02,1000,3,3,0.755,0.755
2,4,depolarizing,28,0.02,1000,4,4,0.715,0.7150000000000001
2,4,depolarizing,28,0.05,1000,0,0,0.497,0.49700000000000005
2,4,depolarizing,28,0.05,1000,1,1,0.486,0.48599999999999993
2,4,depolarizing,28,0.05,1000,2,2,0.516,0.516
2,4,depolarizing,28,0.05,1000,3,3,0.497,0.49700000000000005
2,4,depolarizing,28,0.05,1000,4,4,0.493,0.49300000000000005
2,4,depolarizing,28,0.1,1000,0,0,0.301,0.301
2,4,depolarizing,28,0.1,1000,1,1,0.3,0.29999999999999993
2,4,depolarizing,28,0.1,1000,2,2,0.32,0.32
2,4,depolarizing,28,0.1,1000,3,3,0.325,0.32500000000000007
2,4,depolarizing,28,0.1,1000,4,4,0.323,0.323
2,8,depolarizing,52,0.0,1000,0,0,1.0,1.0
2,8,depolarizing,52,0.0,1000,1,1,1.0,1.0
2,8,depolarizing,52,0.0,1000,2,2,1.0,1.0
2,8,depolarizing,52,0.0,1000,3,3,1.0,1.0
2,8,depolarizing,52,0.0,1000,4,4,1.0,1.0
2,8,depolarizing,52,0.001,1000,0,0,0.964,0.964
2,8,depolarizing,52,0.001,1000,1,1,0.967,0.9670000000000001
2,8,depolarizing,52,0.001,1000,2,2,0.966,0.966
2,8,depolarizing,52,0.001,1000,3,3,0.968,0.968
2,8,depolarizing,52,0.001,1000,4,4,0.966,0.966
2,8,depolarizing,52,0.002,1000,0,0,0.939,0.939
2,8,depolarizing,52,0.002,1000,1,1,0.936,0.9359999999999999
2,8,depolarizing,52,0.002,1000,2,2,0.939,0.939
2,8,depolarizing,52,0.002,1000,3,3,0.942,0.942
2,8,depolarizing,52,0.002,1000,4,4,0.947,0.9469999999999998
2,8,depolarizing,52,0.005,1000,0,0,0.88,0.8800000000000001
2,8,depolarizing,52,0.005,1000,1,1,0.865,0.865
2,8,depolarizing,52,0.005,1000,2,2,0.864,0.8639999999999999
2,8,depolarizing,52,0.005,1000,3,3,0.861,0.861
2,8,depolarizing,52,0.005,1000,4,4,0.857,0.8570000000000001
2,8,depolarizing,52,0.01,1000,0,0,0.756,0.756
2,8,depolarizing,52,0.01,1000,1,1,0.769,0.769
2,8,depolarizing,52,0.01,1000,2,2,0.751,0.751
2,8,depolarizing,52,0.01,1000,3,3,0.765,0.765
2,8,depolarizing,52,0.01,1000,4,4,0.728,0.7279999999999999
2,8,depolarizing,52,0.02,1000,0,0,0.578,0.578
2,8,depolarizing,52,0.02,1000,1,1,0.583,0.583
2,8,depolarizing,52,0.02,1000,2,2,0.592,0.5920000000000001
2,8,depolarizing,52,0.02,1000,3,3,0.588,0.588
2,8,depolarizing,52,0.02,1000,4,4,0.561,0.561
2,8,depolarizing,52,0.05,1000,0,0,0.318,0.318
2,8,depolarizing,52,0.05,1000,1,1,0.314,0.31399999999999995
2,8,depolarizing,52,0.05,1000,2,2,0.341,0.34099999999999997
2,8,depolarizing,52,0.05,1000,3,3,0.339,0.3390000000000001
2,8,depolarizing,52,0.05,1000,4,4,0.338,0.338
2,8,depolarizing,52,0.1,1000,0,0,0.245,0.24500000000000002
2,8,depolarizing,52,0.1,1000,1,1,0.237,0.23700000000000002
2,8,depolarizing,52,0.1,1000,2,2,0.261,0.261
2,8,depolarizing,52,0.1,1000,3,3,0.248,0.248
2,8,depolarizing,52,0.1,1000,4,4,0.252,0.25199999999999995
2,16,depolarizing,100,0.0,1000,0,0,1.0,1.0
2,16,depolarizing,100,0.0,1000,1,1,1.0,1.0
2,16,depolarizing,100,0.0,1000,2,2,1.0,1.0
2,16,depolarizing,100,0.0,1000,3,3,1.0,1.0
2,16,depolarizing,100,0.0,1000,4,4,1.0,1.0
2,16,depolarizing,100,0.001,1000,0,0,0.942,0.942
2,16,depolarizing,100,0.001,1000,1,1,0.937,0.937
2,16,depolarizing,100,0.001,1000,2,2,0.941,0.9410000000000001
2,16,depolarizing,100,0.001,1000,3,3,0.946,0.946
2,16,depolarizing,100,0.001,1000,4,4,0.949,0.949
2,16,depolarizing,100,0.002,1000,0,0,0.897,0.8969999999999999
2,16,depolarizing,100,0.002,1000,1,1,0.892,0.8919999999999999
2,16,depolarizing,100,0.002,1000,2,2,0.889,0.8889999999999999
2,16,depolarizing,100,0.002,1000,3,3,0.896,0.896
2,16,depolarizing,100,0.002,1000,4,4,0.882,0.8819999999999999
2,16,depolarizing,100,0.005,1000,0,0,0.764,0.764
2,16,depolarizing,100,0.005,1000,1,1,0.777,0.7770000000000001
2,16,depolarizing,100,0.005,1000,2,2,0.759,0.759
2,16,depolarizing,100,0.005,1000,3,3,0.77,0.77
2,16,depolarizing,100,0.005,1000,4,4,0.735,0.735
2,16,depolarizing,100,0.01,1000,0,0,0.587,0.587
2,16,depolarizing,100,0.01,1000,1,1,0.596,0.596
2,16,depolarizing,100,0.01,1000,2,2,0.604,0.6040000000000001
2,16,depolarizing,100,0.01,1000,3,3,0.6,0.6000000000000001
2,16,depolarizing,100,0.01,1000,4,4,0.569,0.569
2,16,depolarizing,100,0.02,1000,0,0,0.376,0.37599999999999995
2,16,depolarizing,100,0.02,1000,1,1,0.366,0.366
2,16,depolarizing,100,0.02,1000,2,2,0.406,0.406
2,16,depolarizing,100,0.02,1000,3,3,0.396,0.39599999999999996
2,16,depolarizing,100,0.02,1000,4,4,0.4,0.4
2,16,depolarizing,100,0.05,1000,0,0,0.245,0.24500000000000002
2,16,depolarizing,100,0.05,1000,1,1,0.239,0.23899999999999996
2,16,depolarizing,100,0.05,1000,2,2,0.264,0.26400000000000007
2,16,depolarizing,100,0.05,1000,3,3,0.253,0.25300000000000006
2,16,depolarizing,100,0.05,1000,4,4,0.259,0.259
2,16,depolarizing,100,0.1,1000,0,0,0.232,0.232
2,16,depolarizing,100,0.1,1000,1,1,0.23,0.23
2,16,depolarizing,100,0.1,1000,2,2,0.252,0.25199999999999995
2,16,depolarizing,100,0.1,1000,3,3,0.236,0.236
2,16,depolarizing,100,0.1,1000,4,4,0.242,0.242
2,32,depolarizing,196,0.0,1000,0,0,1.0,1.0
2,32,depolarizing,196,0.0,1000,1,1,1.0,1.0
2,32,depolarizing,196,0.0,1000,2,2,1.0,1.0
2,32,depolarizing,196,0.0,1000,3,3,1.0,1.0
2,32,depolarizing,196,0.0,1000,4,4,1.0,1.0
2,32,depolarizing,196,0.001,1000,0,0,0.898,0.8979999999999999
2,32,depolarizing,196,0.001,1000,1,1,0.894,0.894
2,32,depolarizing,196,0.001,1000,2,2,0.892,0.8919999999999999
2,32,depolarizing,196,0.001,1000,3,3,0.898,0.8979999999999999
2,32,depolarizing,196,0.001,1000,4,4,0.884,0.8840000000000001
2,32,depolarizing,196,0.002,1000,0,0,0.815,0.8150000000000001
2,32,depolarizing,196,0.002,1000,1,1,0.818,0.818
2,32,depolarizing,196,0.002,1000,2,2,0.796,0.7960000000000002
2,32,depolarizing,196,0.002,1000,3,3,0.808,0.808
2,32,depolarizing,196,0.002,1000,4,4,0.791,0.7909999999999999
2,32,depolarizing,196,0.005,1000,0,0,0.598,0.598
2,32,depolarizing,196,0.005,1000,1,1,0.6,0.6000000000000001
2,32,depolarizing,196,0.005,1000,2,2,0.61,0.61
2,32,depolarizing,196,0.005,1000,3,3,0.608,0.608
2,32,depolarizing,196,0.005,1000,4,4,0.575,0.575
2,32,depolarizing,196,0.01,1000,0,0,0.38,0.38
2,32,depolarizing,196,0.01,1000,1,1,0.374,0.374
2,32,depolarizing,196,0.01,1000,2,2,0.414,0.4139999999999999
2,32,depolarizing,196,0.01,1000,3,3,0.402,0.40199999999999997
2,32,depolarizing,196,0.01,1000,4,4,0.404,0.404
2,32,depolarizing,196,0.02,1000,0,0,0.263,0.26299999999999996
2,32,depolarizing,196,0.02,1000,1,1,0.263,0.26299999999999996
2,32,depolarizing,196,0.02,1000,2,2,0.276,0.276
2,32,depolarizing,196,0.02,1000,3,3,0.272,0.2720000000000001
2,32,depolarizing,196,0.02,1000,4,4,0.279,0.279
2,32,depolarizing,196,0.05,1000,0,0,0.232,0.232
2,32,depolarizing,196,0.05,1000,1,1,0.23,0.23
2,32,depolarizing,196,0.05,1000,2,2,0.252,0.25199999999999995
2,32,depolarizing,196,0.05,1000,3,3,0.236,0.236
2,32,depolarizing,196,0.05,1000,4,4,0.242,0.242
2,32,depolarizing,196,0.1,1000,0,0,0.232,0.232
2,32,depolarizing,196,0.1,1000,1,1,0.229,0.229
2,32,depolarizing,196,0.1,1000,2,2,0.252,0.25199999999999995
2,32,depolarizing,196,0.1,1000,3,3,0.236,0.236
2,32,depolarizing,196,0.1,1000,4,4,0.242,0.242
3,1,depolarizing,16,0.0,1000,0,0,1.0,1.0
3,1,depolarizing,16,0.0,1000,1,1,1.0,1.0
3,1,depolarizing,16,0.0,1000,2,2,1.0,1.0
3,1,depolarizing,16,0.0,1000,3,3,1.0,1.0
3,1,depolarizing,16,0.0,1000,4,4,1.0,1.0
3,1,depolarizing,16,0.001,1000,0,0,0.988,0.988
3,1,depolarizing,16,0.001,1000,1,1,0.987,0.987
3,1,depolarizing,16,0.001,1000,2,2,0.989,0.989
3,1,depolarizing,16,0.001,1000,3,3,0.992,0.992
3,1,depolarizing,16,0.001,1000,4,4,0.994,0.9939999999999999
3,1,depolarizing,16,0.002,1000,0,0,0.981,0.9809999999999999
3,1,depolarizing,16,0.002,1000,1,1,0.975,0.975
3,1,depolarizing,16,0.002,1000,2,2,0.983,0.983
3,1,depolarizing,16,0.002,1000,3,3,0.977,0.9770000000000001
3,1,depolarizing,16,0.002,1000,4,4,0.982,0.9820000000000001
3,1,depolarizing,16,0.005,1000,0,0,0.952,0.9519999999999998
3,1,depolarizing,16,0.005,1000,1,1,0.952,0.9519999999999998
3,1,depolarizing,16,0.005,1000,2,2,0.95,0.9499999999999998
3,1,depolarizing,16,0.005,1000,3,3,0.957,0.9569999999999999
3,1,depolarizing,16,0.005,1000,4,4,0.957,0.9569999999999999
3,1,depolarizing,16,0.01,1000,0,0,0.917,0.917
3,1,depolarizing,16,0.01,1000,1,1,0.914,0.9139999999999999
3,1,depolarizing,16,0.01,1000,2,2,0.912,0.9120000000000001
3,1,depolarizing,16,0.01,1000,3,3,0.914,0.9139999999999999
3,1,depolarizing,16,0.01,1000,4,4,0.913,0.9129999999999999
3,1,depolarizing,16,0.02,1000,0,0,0.848,0.848
3,1,depolarizing,16,0.02,1000,1,1,0.848,0.848
3,1,depolarizing,16,0.02,1000,2,2,0.832,0.8319999999999999
3,1,depolarizing,16,0.02,1000,3,3,0.843,0.843
3,1,depolarizing,16,0.02,1000,4,4,0.827,0.827
3,1,depolarizing,16,0.05,1000,0,0,0.644,0.6440000000000001
3,1,depolarizing,16,0.05,1000,1,1,0.654,0.6540000000000001
3,1,depolarizing,16,0.05,1000,2,2,0.646,0.646
3,1,depolarizing,16,0.05,1000,3,3,0.653,0.653
3,1,depolarizing,16,0.05,1000,4,4,0.618,0.618
3,1,depolarizing,16,0.1,1000,0,0,0.406,0.406
3,1,depolarizing,16,0.1,1000,1,1,0.393,0.39300000000000007
3,1,depolarizing,16,0.1,1000,2,2,0.441,0.441
3,1,depolarizing,16,0.1,1000,3,3,0.412,0.4119999999999999
3,1,depolarizing,16,0.1,1000,4,4,0.422,0.42200000000000004
3,2,depolarizing,26,0.0,1000,0,0,1.0,1.0
3,2,depolarizing,26,0.0,1000,1,1,1.0,1.0
3,2,depolarizing,26,0.0,1000,2,2,1.0,1.0
3,2,depolarizing,26,0.0,1000,3,3,1.0,1.0
3,2,depolarizing,26,0.0,1000,4,4,1.0,1.0
3,2,depolarizing,26,0.001,1000,0,0,0.985,0.9850000000000001
3,2,depolarizing,26,0.001,1000,1,1,0.979,0.9789999999999999
3,2,depolarizing,26,0.001,1000,2,2,0.985,0.9850000000000001
3,2,depolarizing,26,0.001,1000,3,3,0.98,0.9800000000000001
3,2,depolarizing,26,0.001,1000,4,4,0.984,0.984
3,2,depolarizing,26,0.002,1000,0,0,0.964,0.964
3,2,depolarizing,26,0.002,1000,1,1,0.967,0.9670000000000001
3,2,depolarizing,26,0.002,1000,2,2,0.966,0.966
3,2,depolarizing,26,0.002,1000,3,3,0.968,0.968
3,2,depolarizing,26,0.002,1000,4,4,0.966,0.966
3,2,depolarizing,26,0.005,1000,0,0,0.929,0.929
3,2,depolarizing,26,0.005,1000,1,1,0.926,0.9259999999999999
3,2,depolarizing,26,0.005,1000,2,2,0.924,0.924
3,2,depolarizing,26,0.005,1000,3,3,0.926,0.9259999999999999
3,2,depolarizing,26,0.005,1000,4,4,0.931,0.9309999999999999
3,2,depolarizing,26,0.01,1000,0,0,0.879,0.8790000000000001
3,2,depolarizing,26,0.01,1000,1,1,0.865,0.865
3,2,depolarizing,26,0.01,1000,2,2,0.861,0.861
3,2,depolarizing,26,0.01,1000,3,3,0.859,0.859
3,2,depolarizing,26,0.01,1000,4,4,0.856,0.856
3,2,depolarizing,26,0.02,1000,0,0,0.747,0.747
3,2,depolarizing,26,0.02,1000,1,1,0.762,0.7620000000000001
3,2,depolarizing,26,0.02,1000,2,2,0.742,0.7420000000000001
3,2,depolarizing,26,0.02,1000,3,3,0.762,0.7620000000000001
3,2,depolarizing,26,0.02,1000,4,4,0.72,0.72
3,2,depolarizing,26,0.05,1000,0,0,0.49,0.48999999999999994
3,2,depolarizing,26,0.05,1000,1,1,0.475,0.475
3,2,depolarizing,26,0.05,1000,2,2,0.511,0.5110000000000001
3,2,depolarizing,26,0.05,1000,3,3,0.49,0.48999999999999994
3,2,depolarizing,26,0.05,1000,4,4,0.483,0.48299999999999993
3,2,depolarizing,26,0.1,1000,0,0,0.26,0.26
3,2,depolarizing,26,0.1,1000,1,1,0.258,0.258
3,2,depolarizing,26,0.1,1000,2,2,0.276,0.276
3,2,depolarizing,26,0.1,1000,3,3,0.268,0.268
3,2,depolarizing,26,0.1,1000,4,4,0.277,0.277
3,4,depolarizing,46,0.0,1000,0,0,1.0,1.0
3,4,depolarizing,46,0.0,1000,1,1,1.0,1.0
3,4,depolarizing,46,0.0,1000,2,2,1.0,1.0
3,4,depolarizing,46,0.0,1000,3,3,1.0,1.0
3,4,depolarizing,46,0.0,1000,4,4,1.0,1.0
3,4,depolarizing,46,0.001,1000,0,0,0.967,0.9670000000000001
3,4,depolarizing,46,0.001,1000,1,1,0.967,0.9670000000000001
3,4,depolarizing,46,0.001,1000,2,2,0.97,0.97
3,4,depolarizing,46,0.001,1000,3,3,0.971,0.971
3,4,depolarizing,46,0.001,1000,4,4,0.97,0.97
3,4,depolarizing,46,0.002,1000,0,0,0.943,0.943
3,4,depolarizing,46,0.002,1000,1,1,0.94,0.94
3,4,depolarizing,46,0.002,1000,2,2,0.943,0.943
3,4,depolarizing,46,0.002,1000,3,3,0.949,0.949
3,4,depolarizing,46,0.002,1000,4,4,0.952,0.9519999999999998
3,4,depolarizing,46,0.005,1000,0,0,0.887,0.887
3,4,depolarizing,46,0.005,1000,1,1,0.876,0.8759999999999999
3,4,depolarizing,46,0.005,1000,2,2,0.875,0.875
3,4,depolarizing,46,0.005,1000,3,3,0.875,0.875
3,4,depolarizing,46,0.005,1000,4,4,0.865,0.865
3,4,depolarizing,46,0.01,1000,0,0,0.766,0.7659999999999999
3,4,depolarizing,46,0.01,1000,1,1,0.786,0.786
3,4,depolarizing,46,0.01,1000,2,2,0.767,0.7670000000000001
3,4,depolarizing,46,0.01,1000,3,3,0.774,0.774
3,4,depolarizing,46,0.01,1000,4,4,0.748,0.748
3,4,depolarizing,46,0.02,1000,0,0,0.591,0.5909999999999999
3,4,depolarizing,46,0.02,1000,1,1,0.596,0.596
3,4,depolarizing,46,0.02,1000,2,2,0.609,0.6089999999999999
3,4,depolarizing,46,0.02,1000,3,3,0.603,0.603
3,4,depolarizing,46,0.02,1000,4,4,0.571,0.571
3,4,depolarizing,46,0.05,1000,0,0,0.28,0.28
3,4,depolarizing,46,0.05,1000,1,1,0.281,0.2810000000000001
3,4,depolarizing,46,0.05,1000,2,2,0.296,0.29600000000000004
3,4,depolarizing,46,0.05,1000,3,3,0.297,0.297
3,4,depolarizing,46,0.05,1000,4,4,0.307,0.30699999999999994
3,4,depolarizing,46,0.1,1000,0,0,0.155,0.15500000000000003
3,4,depolarizing,46,0.1,1000,1,1,0.144,0.144
3,4,depolarizing,46,0.1,1000,2,2,0.163,0.16299999999999998
3,4,depolarizing,46,0.1,1000,3,3,0.154,0.15400000000000003
3,4,depolarizing,46,0.1,1000,4,4,0.155,0.15500000000000003
3,8,depolarizing,86,0.0,1000,0,0,1.0,1.0
3,8,depolarizing,86,0.0,1000,1,1,1.0,1.0
3,8,depolarizing,86,0.0,1000,2,2,1.0,1.0
3,8,depolarizing,86,0.0,1000,3,3,1.0,1.0
3,8,depolarizing,86,0.0,1000,4,4,1.0,1.0
3,8,depolarizing,86,0.001,1000,0,0,0.949,0.949
3,8,depolarizing,86,0.001,1000,1,1,0.943,0.943
3,8,depolarizing,86,0.001,1000,2,2,0.946,0.946
3,8,depolarizing,86,0.001,1000,3,3,0.951,0.951
3,8,depolarizing,86,0.001,1000,4,4,0.955,0.9550000000000001
3,8,depolarizing,86,0.002,1000,0,0,0.908,0.9080000000000001
3,8,depolarizing,86,0.002,1000,1,1,0.902,0.902
3,8,depolarizing,86,0.002,1000,2,2,0.906,0.9059999999999999
3,8,depolarizing,86,0.002,1000,3,3,0.906,0.9059999999999999
3,8,depolarizing,86,0.002,1000,4,4,0.895,0.895
3,8,depolarizing,86,0.005,1000,0,0,0.778,0.7779999999999999
3,8,depolarizing,86,0.005,1000,1,1,0.798,0.798
3,8,depolarizing,86,0.005,1000,2,2,0.775,0.775
3,8,depolarizing,86,0.005,1000,3,3,0.781,0.781
3,8,depolarizing,86,0.005,1000,4,4,0.762,0.7620000000000001
3,8,depolarizing,86,0.01,1000,0,0,0.613,0.6130000000000001
3,8,depolarizing,86,0.01,1000,1,1,0.621,0.621
3,8,depolarizing,86,0.01,1000,2,2,0.623,0.6230000000000001
3,8,depolarizing,86,0.01,1000,3,3,0.62,0.6200000000000001
3,8,depolarizing,86,0.01,1000,4,4,0.589,0.589
3,8,depolarizing,86,0.02,1000,0,0,0.366,0.366
3,8,depolarizing,86,0.02,1000,1,1,0.36,0.36
3,8,depolarizing,86,0.02,1000,2,2,0.397,0.397
3,8,depolarizing,86,0.02,1000,3,3,0.393,0.39300000000000007
3,8,depolarizing,86,0.02,1000,4,4,0.389,0.38899999999999996
3,8,depolarizing,86,0.05,1000,0,0,0.163,0.16299999999999998
3,8,depolarizing,86,0.05,1000,1,1,0.146,0.146
3,8,depolarizing,86,0.05,1000,2,2,0.172,0.172
3,8,depolarizing,86,0.05,1000,3,3,0.16,0.16000000000000003
3,8,depolarizing,86,0.05,1000,4,4,0.166,0.16600000000000004
3,8,depolarizing,86,0.1,1000,0,0,0.121,0.121
3,8,depolarizing,86,0.1,1000,1,1,0.105,0.10499999999999998
3,8,depolarizing,86,0.1,1000,2,2,0.124,0.12399999999999999
3,8,depolarizing,86,0.1,1000,3,3,0.121,0.121
3,8,depolarizing,86,0.1,1000,4,4,0.133,0.133
3,16,depolarizing,166,0.0,1000,0,0,1.0,1.0
3,16,depolarizing,166,0.0,1000,1,1,1.0,1.0
3,16,depolarizing,166,0.0,1000,2,2,1.0,1.0
3,16,depolarizing,166,0.0,1000,3,3,1.0,1.0
3,16,depolarizing,166,0.0,1000,4,4,1.0,1.0
3,16,depolarizing,166,0.001,1000,0,0,0.911,0.911
3,16,depolarizing,166,0.001,1000,1,1,0.906,0.9059999999999999
3,16,depolarizing,166,0.001,1000,2,2,0.906,0.9059999999999999
3,16,depolarizing,166,0.001,1000,3,3,0.91,0.91
3,16,depolarizing,166,0.001,1000,4,4,0.902,0.902
3,16,depolarizing,166,0.002,1000,0,0,0.831,0.8310000000000001
3,16,depolarizing,166,0.002,1000,1,1,0.837,0.837
3,16,depolarizing,166,0.002,1000,2,2,0.817,0.8170000000000001
3,16,depolarizing,166,0.002,1000,3,3,0.828,0.828
3,16,depolarizing,166,0.002,1000,4,4,0.815,0.8150000000000001
3,16,depolarizing,166,0.005,1000,0,0,0.623,0.6230000000000001
3,16,depolarizing,166,0.005,1000,1,1,0.629,0.6290000000000001
3,16,depolarizing,166,0.005,1000,2,2,0.634,0.6339999999999999
3,16,depolarizing,166,0.005,1000,3,3,0.631,0.631
3,16,depolarizing,166,0.005,1000,4,4,0.6,0.6000000000000001
3,16,depolarizing,166,0.01,1000,0,0,0.379,0.379
3,16,depolarizing,166,0.01,1000,1,1,0.371,0.37099999999999994
3,16,depolarizing,166,0.01,1000,2,2,0.411,0.41100000000000003
3,16,depolarizing,166,0.01,1000,3,3,0.399,0.3990000000000001
3,16,depolarizing,166,0.01,1000,4,4,0.402,0.40199999999999997
3,16,depolarizing,166,0.02,1000,0,0,0.203,0.203
3,16,depolarizing,166,0.02,1000,1,1,0.192,0.192
3,16,depolarizing,166,0.02,1000,2,2,0.225,0.22499999999999998
3,16,depolarizing,166,0.02,1000,3,3,0.211,0.21100000000000002
3,16,depolarizing,166,0.02,1000,4,4,0.2,0.19999999999999998
3,16,depolarizing,166,0.05,1000,0,0,0.121,0.121
3,16,depolarizing,166,0.05,1000,1,1,0.105,0.10499999999999998
3,16,depolarizing,166,0.05,1000,2,2,0.125,0.12500000000000003
3,16,depolarizing,166,0.05,1000,3,3,0.122,0.12200000000000001
3,16,depolarizing,166,0.05,1000,4,4,0.134,0.13400000000000004
3,16,depolarizing,166,0.1,1000,0,0,0.117,0.11700000000000002
3,16,depolarizing,166,0.1,1000,1,1,0.101,0.101
3,16,depolarizing,166,0.1,1000,2,2,0.122,0.12200000000000001
3,16,depolarizing,166,0.1,1000,3,3,0.117,0.11700000000000002
3,16,depolarizing,166,0.1,1000,4,4,0.13,0.13000000000000003
3,32,depolarizing,326,0.0,1000,0,0,1.0,1.0
3,32,depolarizing,326,0.0,1000,1,1,1.0,1.0
3,32,depolarizing,326,0.0,1000,2,2,1.0,1.0
3,32,depolarizing,326,0.0,1000,3,3,1.0,1.0
3,32,depolarizing,326,0.0,1000,4,4,1.0,1.0
3,32,depolarizing,326,0.001,1000,0,0,0.832,0.8319999999999999
3,32,depolarizing,326,0.001,1000,1,1,0.838,0.838
3,32,depolarizing,326,0.001,1000,2,2,0.823,0.8230000000000001
3,32,depolarizing,326,0.001,1000,3,3,0.831,0.8310000000000001
3,32,depolarizing,326,0.001,1000,4,4,0.818,0.818
3,32,depolarizing,326,0.002,1000,0,0,0.691,0.6910000000000001
3,32,depolarizing,326,0.002,1000,1,1,0.701,0.7009999999999998
3,32,depolarizing,326,0.002,1000,2,2,0.686,0.686
3,32,depolarizing,326,0.002,1000,3,3,0.691,0.6910000000000001
3,32,depolarizing,326,0.002,1000,4,4,0.668,0.668
3,32,depolarizing,326,0.005,1000,0,0,0.385,0.38500000000000006
3,32,depolarizing,326,0.005,1000,1,1,0.377,0.37700000000000006
3,32,depolarizing,326,0.005,1000,2,2,0.418,0.41800000000000004
3,32,depolarizing,326,0.005,1000,3,3,0.404,0.404
3,32,depolarizing,326,0.005,1000,4,4,0.409,0.4089999999999999
3,32,depolarizing,326,0.01,1000,0,0,0.207,0.207
3,32,depolarizing,326,0.01,1000,1,1,0.198,0.19800000000000004
3,32,depolarizing,326,0.01,1000,2,2,0.231,0.231
3,32,depolarizing,326,0.01,1000,3,3,0.214,0.214
3,32,depolarizing,326,0.01,1000,4,4,0.205,0.205
3,32,depolarizing,326,0.02,1000,0,0,0.126,0.12599999999999997
3,32,depolarizing,326,0.02,1000,1,1,0.118,0.11799999999999998
3,32,depolarizing,326,0.02,1000,2,2,0.134,0.13400000000000004
3,32,depolarizing,326,0.02,1000,3,3,0.128,0.128
3,32,depolarizing,326,0.02,1000,4,4,0.135,0.135
3,32,depolarizing,326,0.05,1000,0,0,0.117,0.11700000000000002
3,32,depolarizing,326,0.05,1000,1,1,0.101,0.101
3,32,depolarizing,326,0.05,1000,2,2,0.122,0.12200000000000001
3,32,depolarizing,326,0.05,1000,3,3,0.117,0.11700000000000002
3,32,depolarizing,326,0.05,1000,4,4,0.13,0.13000000000000003
3,32,depolarizing,326,0.1,1000,0,0,0.117,0.11700000000000002
3,32,depolarizing,326,0.1,1000,1,1,0.101,0.101
3,32,depolarizing,326,0.1,1000,2,2,0.122,0.12200000000000001
3,32,depolarizing,326,0.1,1000,3,3,0.117,0.11700000000000002
3,32,depolarizing,326,0.1,1000,4,4,0.13,0.13000000000000003
4,1,depolarizing,22,0.0,1000,0,0,1.0,1.0
4,1,depolarizing,22,0.0,1000,1,1,1.0,1.0
4,1,depolarizing,22,0.0,1000,2,2,1.0,1.0
4,1,depolarizing,22,0.0,1000,3,3,1.0,1.0
4,1,depolarizing,22,0.0,1000,4,4,1.0,1.0
4,1,depolarizing,22,0.001,1000,0,0,0.988,0.988
4,1,depolarizing,22,0.001,1000,1,1,0.981,0.9809999999999999
4,1,depolarizing,22,0.001,1000,2,2,0.986,0.986
4,1,depolarizing,22,0.001,1000,3,3,0.981,0.9809999999999999
4,1,depolarizing,22,0.001,1000,4,4,0.989,0.989
4,1,depolarizing,22,0.002,1000,0,0,0.969,0.9689999999999999
4,1,depolarizing,22,0.002,1000,1,1,0.967,0.9670000000000001
4,1,depolarizing,22,0.002,1000,2,2,0.972,0.972
4,1,depolarizing,22,0.002,1000,3,3,0.972,0.972
4,1,depolarizing,22,0.002,1000,4,4,0.972,0.972
4,1,depolarizing,22,0.005,1000,0,0,0.939,0.939
4,1,depolarizing,22,0.005,1000,1,1,0.931,0.9309999999999999
4,1,depolarizing,22,0.005,1000,2,2,0.935,0.9349999999999999
4,1,depolarizing,22,0.005,1000,3,3,0.939,0.939
4,1,depolarizing,22,0.005,1000,4,4,0.944,0.944
4,1,depolarizing,22,0.01,1000,0,0,0.889,0.8889999999999999
4,1,depolarizing,22,0.01,1000,1,1,0.881,0.881
4,1,depolarizing,22,0.01,1000,2,2,0.884,0.8840000000000001
4,1,depolarizing,22,0.01,1000,3,3,0.888,0.8879999999999999
4,1,depolarizing,22,0.01,1000,4,4,0.868,0.8679999999999999
4,1,depolarizing,22,0.02,1000,0,0,0.78,0.78
4,1,depolarizing,22,0.02,1000,1,1,0.8,0.7999999999999999
4,1,depolarizing,22,0.02,1000,2,2,0.777,0.7770000000000001
4,1,depolarizing,22,0.02,1000,3,3,0.783,0.783
4,1,depolarizing,22,0.02,1000,4,4,0.763,0.7629999999999999
4,1,depolarizing,22,0.05,1000,0,0,0.535,0.5350000000000001
4,1,depolarizing,22,0.05,1000,1,1,0.542,0.542
4,1,depolarizing,22,0.05,1000,2,2,0.555,0.555
4,1,depolarizing,22,0.05,1000,3,3,0.549,0.5490000000000002
4,1,depolarizing,22,0.05,1000,4,4,0.522,0.522
4,1,depolarizing,22,0.1,1000,0,0,0.28,0.28
4,1,depolarizing,22,0.1,1000,1,1,0.281,0.2810000000000001
4,1,depolarizing,22,0.1,1000,2,2,0.296,0.29600000000000004
4,1,depolarizing,22,0.1,1000,3,3,0.298,0.29799999999999993
4,1,depolarizing,22,0.1,1000,4,4,0.307,0.30699999999999994
4,2,depolarizing,36,0.0,1000,0,0,1.0,1.0
4,2,depolarizing,36,0.0,1000,1,1,1.0,1.0
4,2,depolarizing,36,0.0,1000,2,2,1.0,1.0
4,2,depolarizing,36,0.0,1000,3,3,1.0,1.0
4,2,depolarizing,36,0.0,1000,4,4,1.0,1.0
4,2,depolarizing,36,0.001,1000,0,0,0.973,0.9729999999999999
4,2,depolarizing,36,0.001,1000,1,1,0.971,0.971
4,2,depolarizing,36,0.001,1000,2,2,0.978,0.9779999999999999
4,2,depolarizing,36,0.001,1000,3,3,0.977,0.9770000000000001
4,2,depolarizing,36,0.001,1000,4,4,0.978,0.9779999999999999
4,2,depolarizing,36,0.002,1000,0,0,0.955,0.9550000000000001
4,2,depolarizing,36,0.002,1000,1,1,0.954,0.954
4,2,depolarizing,36,0.002,1000,2,2,0.955,0.9550000000000001
4,2,depolarizing,36,0.002,1000,3,3,0.96,0.96
4,2,depolarizing,36,0.002,1000,4,4,0.96,0.96
4,2,depolarizing,36,0.005,1000,0,0,0.902,0.902
4,2,depolarizing,36,0.005,1000,1,1,0.9,0.8999999999999999
4,2,depolarizing,36,0.005,1000,2,2,0.902,0.902
4,2,depolarizing,36,0.005,1000,3,3,0.905,0.905
4,2,depolarizing,36,0.005,1000,4,4,0.891,0.8910000000000001
4,2,depolarizing,36,0.01,1000,0,0,0.822,0.8220000000000001
4,2,depolarizing,36,0.01,1000,1,1,0.829,0.829
4,2,depolarizing,36,0.01,1000,2,2,0.804,0.8040000000000002
4,2,depolarizing,36,0.01,1000,3,3,0.816,0.8159999999999998
4,2,depolarizing,36,0.01,1000,4,4,0.803,0.8029999999999999
4,2,depolarizing,36,0.02,1000,0,0,0.661,0.661
4,2,depolarizing,36,0.02,1000,1,1,0.676,0.676
4,2,depolarizing,36,0.02,1000,2,2,0.659,0.659
4,2,depolarizing,36,0.02,1000,3,3,0.671,0.671
4,2,depolarizing,36,0.02,1000,4,4,0.639,0.6390000000000001
4,2,depolarizing,36,0.05,1000,0,0,0.339,0.3390000000000001
4,2,depolarizing,36,0.05,1000,1,1,0.338,0.338
4,2,depolarizing,36,0.05,1000,2,2,0.366,0.366
4,2,depolarizing,36,0.05,1000,3,3,0.364,0.36400000000000005
4,2,depolarizing,36,0.05,1000,4,4,0.364,0.36400000000000005
4,2,depolarizing,36,0.1,1000,0,0,0.162,0.162
4,2,depolarizing,36,0.1,1000,1,1,0.145,0.145
4,2,depolarizing,36,0.1,1000,2,2,0.171,0.171
4,2,depolarizing,36,0.1,1000,3,3,0.159,0.159
4,2,depolarizing,36,0.1,1000,4,4,0.162,0.162
4,4,depolarizing,64,0.0,1000,0,0,1.0,1.0
4,4,depolarizing,64,0.0,1000,1,1,1.0,1.0
4,4,depolarizing,64,0.0,1000,2,2,1.0,1.0
4,4,depolarizing,64,0.0,1000,3,3,1.0,1.0
4,4,depolarizing,64,0.0,1000,4,4,1.0,1.0
4,4,depolarizing,64,0.001,1000,0,0,0.957,0.9569999999999999
4,4,depolarizing,64,0.001,1000,1,1,0.957,0.9569999999999999
4,4,depolarizing,64,0.001,1000,2,2,0.959,0.9590000000000001
4,4,depolarizing,64,0.001,1000,3,3,0.96,0.96
4,4,depolarizing,64,0.001,1000,4,4,0.961,0.9609999999999999
4,4,depolarizing,64,0.002,1000,0,0,0.929,0.929
4,4,depolarizing,64,0.002,1000,1,1,0.926,0.9259999999999999
4,4,depolarizing,64,0.002,1000,2,2,0.923,0.9229999999999999
4,4,depolarizing,64,0.002,1000,3,3,0.926,0.9259999999999999
4,4,depolarizing,64,0.002,1000,4,4,0.927,0.9269999999999999
4,4,depolarizing,64,0.005,1000,0,0,0.838,0.838
4,4,depolarizing,64,0.005,1000,1,1,0.839,0.839
4,4,depolarizing,64,0.005,1000,2,2,0.824,0.8240000000000001
4,4,depolarizing,64,0.005,1000,3,3,0.833,0.833
4,4,depolarizing,64,0.005,1000,4,4,0.82,0.82
4,4,depolarizing,64,0.01,1000,0,0,0.695,0.6949999999999998
4,4,depolarizing,64,0.01,1000,1,1,0.704,0.7040000000000001
4,4,depolarizing,64,0.01,1000,2,2,0.691,0.6910000000000001
4,4,depolarizing,64,0.01,1000,3,3,0.696,0.696
4,4,depolarizing,64,0.01,1000,4,4,0.672,0.672
4,4,depolarizing,64,0.02,1000,0,0,0.471,0.471
4,4,depolarizing,64,0.02,1000,1,1,0.457,0.4570000000000001
4,4,depolarizing,64,0.02,1000,2,2,0.487,0.48699999999999993
4,4,depolarizing,64,0.02,1000,3,3,0.476,0.476
4,4,depolarizing,64,0.02,1000,4,4,0.472,0.4719999999999999
4,4,depolarizing,64,0.05,1000,0,0,0.182,0.18199999999999997
4,4,depolarizing,64,0.05,1000,1,1,0.16,0.16000000000000003
4,4,depolarizing,64,0.05,1000,2,2,0.193,0.19299999999999998
4,4,depolarizing,64,0.05,1000,3,3,0.174,0.174
4,4,depolarizing,64,0.05,1000,4,4,0.175,0.17500000000000002
4,4,depolarizing,64,0.1,1000,0,0,0.078,0.078
4,4,depolarizing,64,0.1,1000,1,1,0.062,0.062
4,4,depolarizing,64,0.1,1000,2,2,0.079,0.07899999999999999
4,4,depolarizing,64,0.1,1000,3,3,0.075,0.07499999999999998
4,4,depolarizing,64,0.1,1000,4,4,0.096,0.096
4,8,depolarizing,120,0.0,1000,0,0,1.0,1.0
4,8,depolarizing,120,0.0,1000,1,1,1.0,1.0
4,8,depolarizing,120,0.0,1000,2,2,1.0,1.0
4,8,depolarizing,120,0.0,1000,3,3,1.0,1.0
4,8,depolarizing,120,0.0,1000,4,4,1.0,1.0
4,8,depolarizing,120,0.001,1000,0,0,0.932,0.932
4,8,depolarizing,120,0.001,1000,1,1,0.927,0.9269999999999999
4,8,depolarizing,120,0.001,1000,2,2,0.927,0.9269999999999999
4,8,depolarizing,120,0.001,1000,3,3,0.928,0.928
4,8,depolarizing,120,0.001,1000,4,4,0.936,0.9359999999999999
4,8,depolarizing,120,0.002,1000,0,0,0.882,0.8819999999999999
4,8,depolarizing,120,0.002,1000,1,1,0.869,0.869
4,8,depolarizing,120,0.002,1000,2,2,0.866,0.866
4,8,depolarizing,120,0.002,1000,3,3,0.866,0.866
4,8,depolarizing,120,0.002,1000,4,4,0.857,0.8570000000000001
4,8,depolarizing,120,0.005,1000,0,0,0.708,0.708
4,8,depolarizing,120,0.005,1000,1,1,0.719,0.719
4,8,depolarizing,120,0.005,1000,2,2,0.701,0.7009999999999998
4,8,depolarizing,120,0.005,1000,3,3,0.707,0.707
4,8,depolarizing,120,0.005,1000,4,4,0.682,0.682
4,8,depolarizing,120,0.01,1000,0,0,0.497,0.49700000000000005
4,8,depolarizing,120,0.01,1000,1,1,0.487,0.48699999999999993
4,8,depolarizing,120,0.01,1000,2,2,0.516,0.516
4,8,depolarizing,120,0.01,1000,3,3,0.497,0.49700000000000005
4,8,depolarizing,120,0.01,1000,4,4,0.493,0.49300000000000005
4,8,depolarizing,120,0.02,1000,0,0,0.251,0.25099999999999995
4,8,depolarizing,120,0.02,1000,1,1,0.252,0.25199999999999995
4,8,depolarizing,120,0.02,1000,2,2,0.268,0.268
4,8,depolarizing,120,0.02,1000,3,3,0.26,0.26
4,8,depolarizing,120,0.02,1000,4,4,0.264,0.26400000000000007
4,8,depolarizing,120,0.05,1000,0,0,0.08,0.08
4,8,depolarizing,120,0.05,1000,1,1,0.067,0.067
4,8,depolarizing,120,0.05,1000,2,2,0.084,0.08399999999999999
4,8,depolarizing,120,0.05,1000,3,3,0.082,0.082
4,8,depolarizing,120,0.05,1000,4,4,0.098,0.098
4,8,depolarizing,120,0.1,1000,0,0,0.056,0.056
4,8,depolarizing,120,0.1,1000,1,1,0.049,0.049
4,8,depolarizing,120,0.1,1000,2,2,0.062,0.062
4,8,depolarizing,120,0.1,1000,3,3,0.061,0.061000000000000006
4,8,depolarizing,120,0.1,1000,4,4,0.078,0.078
4,16,depolarizing,232,0.0,1000,0,0,1.0,1.0
4,16,depolarizing,232,0.0,1000,1,1,1.0,1.0
4,16,depolarizing,232,0.0,1000,2,2,1.0,1.0
4,16,depolarizing,232,0.0,1000,3,3,1.0,1.0
4,16,depolarizing,232,0.0,1000,4,4,1.0,1.0
4,16,depolarizing,232,0.001,1000,0,0,0.885,0.8849999999999999
4,16,depolarizing,232,0.001,1000,1,1,0.87,0.8699999999999999
4,16,depolarizing,232,0.001,1000,2,2,0.871,0.8710000000000001
4,16,depolarizing,232,0.001,1000,3,3,0.869,0.869
4,16,depolarizing,232,0.001,1000,4,4,0.861,0.861
4,16,depolarizing,232,0.002,1000,0,0,0.764,0.764
4,16,depolarizing,232,0.002,1000,1,1,0.777,0.7770000000000001
4,16,depolarizing,232,0.002,1000,2,2,0.759,0.759
4,16,depolarizing,232,0.002,1000,3,3,0.77,0.77
4,16,depolarizing,232,0.002,1000,4,4,0.735,0.735
4,16,depolarizing,232,0.005,1000,0,0,0.51,0.51
4,16,depolarizing,232,0.005,1000,1,1,0.496,0.49599999999999994
4,16,depolarizing,232,0.005,1000,2,2,0.522,0.522
4,16,depolarizing,232,0.005,1000,3,3,0.507,0.507
4,16,depolarizing,232,0.005,1000,4,4,0.498,0.498
4,16,depolarizing,232,0.01,1000,0,0,0.261,0.261
4,16,depolarizing,232,0.01,1000,1,1,0.258,0.258
4,16,depolarizing,232,0.01,1000,2,2,0.276,0.276
4,16,depolarizing,232,0.01,1000,3,3,0.27,0.2700000000000001
4,16,depolarizing,232,0.01,1000,4,4,0.277,0.277
4,16,depolarizing,232,0.02,1000,0,0,0.111,0.11099999999999999
4,16,depolarizing,232,0.02,1000,1,1,0.097,0.097
4,16,depolarizing,232,0.02,1000,2,2,0.115,0.115
4,16,depolarizing,232,0.02,1000,3,3,0.114,0.114
4,16,depolarizing,232,0.02,1000,4,4,0.125,0.12500000000000003
4,16,depolarizing,232,0.05,1000,0,0,0.057,0.05700000000000001
4,16,depolarizing,232,0.05,1000,1,1,0.05,0.049999999999999996
4,16,depolarizing,232,0.05,1000,2,2,0.062,0.062
4,16,depolarizing,232,0.05,1000,3,3,0.061,0.061000000000000006
4,16,depolarizing,232,0.05,1000,4,4,0.078,0.078
4,16,depolarizing,232,0.1,1000,0,0,0.055,0.05500000000000001
4,16,depolarizing,232,0.1,1000,1,1,0.049,0.049
4,16,depolarizing,232,0.1,1000,2,2,0.062,0.062
4,16,depolarizing,232,0.1,1000,3,3,0.059,0.059
4,16,depolarizing,232,0.1,1000,4,4,0.077,0.077
4,32,depolarizing,456,0.0,1000,0,0,1.0,1.0
4,32,depolarizing,456,0.0,1000,1,1,1.0,1.0
4,32,depolarizing,456,0.0,1000,2,2,1.0,1.0
4,32,depolarizing,456,0.0,1000,3,3,1.0,1.0
4,32,depolarizing,456,0.0,1000,4,4,1.0,1.0
4,32,depolarizing,456,0.001,1000,0,0,0.764,0.764
4,32,depolarizing,456,0.001,1000,1,1,0.777,0.7770000000000001
4,32,depolarizing,456,0.001,1000,2,2,0.761,0.761
4,32,depolarizing,456,0.001,1000,3,3,0.771,0.771
4,32,depolarizing,456,0.001,1000,4,4,0.738,0.7380000000000001
4,32,depolarizing,456,0.002,1000,0,0,0.579,0.579
4,32,depolarizing,456,0.002,1000,1,1,0.586,0.586
4,32,depolarizing,456,0.002,1000,2,2,0.594,0.5939999999999999
4,32,depolarizing,456,0.002,1000,3,3,0.59,0.5900000000000001
4,32,depolarizing,456,0.002,1000,4,4,0.563,0.563
4,32,depolarizing,456,0.005,1000,0,0,0.264,0.26400000000000007
4,32,depolarizing,456,0.005,1000,1,1,0.264,0.26400000000000007
4,32,depolarizing,456,0.005,1000,2,2,0.279,0.279
4,32,depolarizing,456,0.005,1000,3,3,0.274,0.27399999999999997
4,32,depolarizing,456,0.005,1000,4,4,0.281,0.2810000000000001
4,32,depolarizing,456,0.01,1000,0,0,0.112,0.112
4,32,depolarizing,456,0.01,1000,1,1,0.099,0.09899999999999999
4,32,depolarizing,456,0.01,1000,2,2,0.119,0.119
4,32,depolarizing,456,0.01,1000,3,3,0.115,0.115
4,32,depolarizing,456,0.01,1000,4,4,0.126,0.12599999999999997
4,32,depolarizing,456,0.02,1000,0,0,0.058,0.058
4,32,depolarizing,456,0.02,1000,1,1,0.05,0.049999999999999996
4,32,depolarizing,456,0.02,1000,2,2,0.066,0.06600000000000002
4,32,depolarizing,456,0.02,1000,3,3,0.064,0.06399999999999999
4,32,depolarizing,456,0.02,1000,4,4,0.081,0.08100000000000002
4,32,depolarizing,456,0.05,1000,0,0,0.055,0.05500000000000001
4,32,depolarizing,456,0.05,1000,1,1,0.049,0.049
4,32,depolarizing,456,0.05,1000,2,2,0.062,0.062
4,32,depolarizing,456,0.05,1000,3,3,0.059,0.059
4,32,depolarizing,456,0.05,1000,4,4,0.077,0.077
4,32,depolarizing,456,0.1,1000,0,0,0.055,0.05500000000000001
4,32,depolarizing,456,0.1,1000,1,1,0.049,0.049
4,32,depolarizing,456,0.1,1000,2,2,0.062,0.062
4,32,depolarizing,456,0.1,1000,3,3,0.059,0.059
4,32,depolarizing,456,0.1,1000,4,4,0.077,0.077
5,1,depolarizing,28,0.0,1000,0,0,1.0,1.0
5,1,depolarizing,28,0.0,1000,1,1,1.0,1.0
5,1,depolarizing,28,0.0,1000,2,2,1.0,1.0
5,1,depolarizing,28,0.0,1000,3,3,1.0,1.0
5,1,depolarizing,28,0.0,1000,4,4,1.0,1.0
5,1,depolarizing,28,0.001,1000,0,0,0.983,0.983
5,1,depolarizing,28,0.001,1000,1,1,0.975,0.975
5,1,depolarizing,28,0.001,1000,2,2,0.984,0.984
5,1,depolarizing,28,0.001,1000,3,3,0.979,0.9789999999999999
5,1,depolarizing,28,0.001,1000,4,4,0.984,0.984
5,1,depolarizing,28,0.002,1000,0,0,0.961,0.9609999999999999
5,1,depolarizing,28,0.002,1000,1,1,0.966,0.966
5,1,depolarizing,28,0.002,1000,2,2,0.964,0.964
5,1,depolarizing,28,0.002,1000,3,3,0.966,0.966
5,1,depolarizing,28,0.002,1000,4,4,0.965,0.965
5,1,depolarizing,28,0.005,1000,0,0,0.923,0.9229999999999999
5,1,depolarizing,28,0.005,1000,1,1,0.923,0.9229999999999999
5,1,depolarizing,28,0.005,1000,2,2,0.918,0.918
5,1,depolarizing,28,0.005,1000,3,3,0.924,0.924
5,1,depolarizing,28,0.005,1000,4,4,0.922,0.922
5,1,depolarizing,28,0.01,1000,0,0,0.868,0.8679999999999999
5,1,depolarizing,28,0.01,1000,1,1,0.855,0.855
5,1,depolarizing,28,0.01,1000,2,2,0.849,0.849
5,1,depolarizing,28,0.01,1000,3,3,0.853,0.8529999999999999
5,1,depolarizing,28,0.01,1000,4,4,0.844,0.8440000000000001
5,1,depolarizing,28,0.02,1000,0,0,0.729,0.729
5,1,depolarizing,28,0.02,1000,1,1,0.745,0.745
5,1,depolarizing,28,0.02,1000,2,2,0.728,0.7279999999999999
5,1,depolarizing,28,0.02,1000,3,3,0.74,0.74
5,1,depolarizing,28,0.02,1000,4,4,0.711,0.711
5,1,depolarizing,28,0.05,1000,0,0,0.442,0.44200000000000006
5,1,depolarizing,28,0.05,1000,1,1,0.42,0.41999999999999993
5,1,depolarizing,28,0.05,1000,2,2,0.467,0.467
5,1,depolarizing,28,0.05,1000,3,3,0.446,0.44599999999999995
5,1,depolarizing,28,0.05,1000,4,4,0.448,0.448
5,1,depolarizing,28,0.1,1000,0,0,0.207,0.207
5,1,depolarizing,28,0.1,1000,1,1,0.202,0.202
5,1,depolarizing,28,0.1,1000,2,2,0.232,0.232
5,1,depolarizing,28,0.1,1000,3,3,0.215,0.215
5,1,depolarizing,28,0.1,1000,4,4,0.206,0.20600000000000002
5,2,depolarizing,46,0.0,1000,0,0,1.0,1.0
5,2,depolarizing,46,0.0,1000,1,1,1.0,1.0
5,2,depolarizing,46,0.0,1000,2,2,1.0,1.0
5,2,depolarizing,46,0.0,1000,3,3,1.0,1.0
5,2,depolarizing,46,0.0,1000,4,4,1.0,1.0
5,2,depolarizing,46,0.001,1000,0,0,0.967,0.9670000000000001
5,2,depolarizing,46,0.001,1000,1,1,0.967,0.9670000000000001
5,2,depolarizing,46,0.001,1000,2,2,0.97,0.97
5,2,depolarizing,46,0.001,1000,3,3,0.971,0.971
5,2,depolarizing,46,0.001,1000,4,4,0.97,0.97
5,2,depolarizing,46,0.002,1000,0,0,0.943,0.943
5,2,depolarizing,46,0.002,1000,1,1,0.94,0.94
5,2,depolarizing,46,0.002,1000,2,2,0.943,0.943
5,2,depolarizing,46,0.002,1000,3,3,0.949,0.949
5,2,depolarizing,46,0.002,1000,4,4,0.952,0.9519999999999998
5,2,depolarizing,46,0.005,1000,0,0,0.887,0.887
5,2,depolarizing,46,0.005,1000,1,1,0.875,0.875
5,2,depolarizing,46,0.005,1000,2,2,0.875,0.875
5,2,depolarizing,46,0.005,1000,3,3,0.875,0.875
5,2,depolarizing,46,0.005,1000,4,4,0.864,0.8639999999999999
5,2,depolarizing,46,0.01,1000,0,0,0.766,0.7659999999999999
5,2,depolarizing,46,0.01,1000,1,1,0.785,0.7849999999999999
5,2,depolarizing,46,0.01,1000,2,2,0.765,0.765
5,2,depolarizing,46,0.01,1000,3,3,0.773,0.773
5,2,depolarizing,46,0.01,1000,4,4,0.744,0.7440000000000001
5,2,depolarizing,46,0.02,1000,0,0,0.583,0.583
5,2,depolarizing,46,0.02,1000,1,1,0.588,0.588
5,2,depolarizing,46,0.02,1000,2,2,0.6,0.6000000000000001
5,2,depolarizing,46,0.02,1000,3,3,0.594,0.5939999999999999
5,2,depolarizing,46,0.02,1000,4,4,0.566,0.566
5,2,depolarizing,46,0.05,1000,0,0,0.262,0.26199999999999996
5,2,depolarizing,46,0.05,1000,1,1,0.261,0.261
5,2,depolarizing,46,0.05,1000,2,2,0.276,0.276
5,2,depolarizing,46,0.05,1000,3,3,0.271,0.2710000000000001
5,2,depolarizing,46,0.05,1000,4,4,0.279,0.279
5,2,depolarizing,46,0.1,1000,0,0,0.101,0.101
5,2,depolarizing,46,0.1,1000,1,1,0.086,0.08599999999999998
5,2,depolarizing,46,0.1,1000,2,2,0.099,0.09899999999999999
5,2,depolarizing,46,0.1,1000,3,3,0.096,0.096
5,2,depolarizing,46,0.1,1000,4,4,0.116,0.11600000000000002
5,4,depolarizing,82,0.0,1000,0,0,1.0,1.0
5,4,depolarizing,82,0.0,1000,1,1,1.0,1.0
5,4,depolarizing,82,0.0,1000,2,2,1.0,1.0
5,4,depolarizing,82,0.0,1000,3,3,1.0,1.0
5,4,depolarizing,82,0.0,1000,4,4,1.0,1.0
5,4,depolarizing,82,0.001,1000,0,0,0.951,0.951
5,4,depolarizing,82,0.001,1000,1,1,0.945,0.945
5,4,depolarizing,82,0.001,1000,2,2,0.946,0.946
5,4,depolarizing,82,0.001,1000,3,3,0.953,0.953
5,4,depolarizing,82,0.001,1000,4,4,0.956,0.9559999999999998
5,4,depolarizing,82,0.002,1000,0,0,0.911,0.911
5,4,depolarizing,82,0.002,1000,1,1,0.907,0.907
5,4,depolarizing,82,0.002,1000,2,2,0.906,0.9059999999999999
5,4,depolarizing,82,0.002,1000,3,3,0.91,0.91
5,4,depolarizing,82,0.002,1000,4,4,0.903,0.9030000000000001
5,4,depolarizing,82,0.005,1000,0,0,0.785,0.7849999999999999
5,4,depolarizing,82,0.005,1000,1,1,0.804,0.8040000000000002
5,4,depolarizing,82,0.005,1000,2,2,0.781,0.781
5,4,depolarizing,82,0.005,1000,3,3,0.787,0.7869999999999999
5,4,depolarizing,82,0.005,1000,4,4,0.771,0.771
5,4,depolarizing,82,0.01,1000,0,0,0.615,0.6150000000000001
5,4,depolarizing,82,0.01,1000,1,1,0.625,0.6250000000000001
5,4,depolarizing,82,0.01,1000,2,2,0.627,0.627
5,4,depolarizing,82,0.01,1000,3,3,0.621,0.621
5,4,depolarizing,82,0.01,1000,4,4,0.595,0.595
5,4,depolarizing,82,0.02,1000,0,0,0.355,0.3549999999999999
5,4,depolarizing,82,0.02,1000,1,1,0.351,0.3509999999999999
5,4,depolarizing,82,0.02,1000,2,2,0.389,0.38899999999999996
5,4,depolarizing,82,0.02,1000,3,3,0.388,0.388
5,4,depolarizing,82,0.02,1000,4,4,0.385,0.38500000000000006
5,4,depolarizing,82,0.05,1000,0,0,0.112,0.112
5,4,depolarizing,82,0.05,1000,1,1,0.098,0.098
5,4,depolarizing,82,0.05,1000,2,2,0.119,0.119
5,4,depolarizing,82,0.05,1000,3,3,0.115,0.115
5,4,depolarizing,82,0.05,1000,4,4,0.125,0.12500000000000003
5,4,depolarizing,82,0.1,1000,0,0,0.038,0.038
5,4,depolarizing,82,0.1,1000,1,1,0.029,0.029000000000000005
5,4,depolarizing,82,0.1,1000,2,2,0.042,0.042
5,4,depolarizing,82,0.1,1000,3,3,0.047,0.047
5,4,depolarizing,82,0.1,1000,4,4,0.048,0.048
5,8,depolarizing,154,0.0,1000,0,0,1.0,1.0
5,8,depolarizing,154,0.0,1000,1,1,1.0,1.0
5,8,depolarizing,154,0.0,1000,2,2,1.0,1.0
5,8,depolarizing,154,0.0,1000,3,3,1.0,1.0
5,8,depolarizing,154,0.0,1000,4,4,1.0,1.0
5,8,depolarizing,154,0.001,1000,0,0,0.915,0.9150000000000001
5,8,depolarizing,154,0.001,1000,1,1,0.912,0.9120000000000001
5,8,depolarizing,154,0.001,1000,2,2,0.909,0.909
5,8,depolarizing,154,0.001,1000,3,3,0.913,0.9129999999999999
5,8,depolarizing,154,0.001,1000,4,4,0.908,0.9080000000000001
5,8,depolarizing,154,0.002,1000,0,0,0.845,0.845
5,8,depolarizing,154,0.002,1000,1,1,0.841,0.841
5,8,depolarizing,154,0.002,1000,2,2,0.825,0.825
5,8,depolarizing,154,0.002,1000,3,3,0.839,0.839
5,8,depolarizing,154,0.002,1000,4,4,0.825,0.825
5,8,depolarizing,154,0.005,1000,0,0,0.634,0.6339999999999999
5,8,depolarizing,154,0.005,1000,1,1,0.639,0.6390000000000001
5,8,depolarizing,154,0.005,1000,2,2,0.641,0.641
5,8,depolarizing,154,0.005,1000,3,3,0.639,0.6390000000000001
5,8,depolarizing,154,0.005,1000,4,4,0.61,0.61
5,8,depolarizing,154,0.01,1000,0,0,0.378,0.378
5,8,depolarizing,154,0.01,1000,1,1,0.368,0.36800000000000005
5,8,depolarizing,154,0.01,1000,2,2,0.41,0.41000000000000003
5,8,depolarizing,154,0.01,1000,3,3,0.398,0.398
5,8,depolarizing,154,0.01,1000,4,4,0.401,0.401
5,8,depolarizing,154,0.02,1000,0,0,0.173,0.173
5,8,depolarizing,154,0.02,1000,1,1,0.153,0.15300000000000002
5,8,depolarizing,154,0.02,1000,2,2,0.184,0.184
5,8,depolarizing,154,0.02,1000,3,3,0.168,0.168
5,8,depolarizing,154,0.02,1000,4,4,0.17,0.17
5,8,depolarizing,154,0.05,1000,0,0,0.038,0.038
5,8,depolarizing,154,0.05,1000,1,1,0.031,0.030999999999999996
5,8,depolarizing,154,0.05,1000,2,2,0.047,0.047
5,8,depolarizing,154,0.05,1000,3,3,0.049,0.049
5,8,depolarizing,154,0.05,1000,4,4,0.051,0.05099999999999999
5,8,depolarizing,154,0.1,1000,0,0,0.025,0.025
5,8,depolarizing,154,0.1,1000,1,1,0.024,0.024
5,8,depolarizing,154,0.1,1000,2,2,0.035,0.035
5,8,depolarizing,154,0.1,1000,3,3,0.037,0.037000000000000005
5,8,depolarizing,154,0.1,1000,4,4,0.037,0.037000000000000005
5,16,depolarizing,298,0.0,1000,0,0,1.0,1.0
5,16,depolarizing,298,0.0,1000,1,1,1.0,1.0
5,16,depolarizing,298,0.0,1000,2,2,1.0,1.0
5,16,depolarizing,298,0.0,1000,3,3,1.0,1.0
5,16,depolarizing,298,0.0,1000,4,4,1.0,1.0
5,16,depolarizing,298,0.001,1000,0,0,0.848,0.848
5,16,depolarizing,298,0.001,1000,1,1,0.844,0.8440000000000001
5,16,depolarizing,298,0.001,1000,2,2,0.831,0.8310000000000001
5,16,depolarizing,298,0.001,1000,3,3,0.842,0.8419999999999999
5,16,depolarizing,298,0.001,1000,4,4,0.826,0.826
5,16,depolarizing,298,0.002,1000,0,0,0.705,0.705
5,16,depolarizing,298,0.002,1000,1,1,0.716,0.7160000000000001
5,16,depolarizing,298,0.002,1000,2,2,0.699,0.6990000000000001
5,16,depolarizing,298,0.002,1000,3,3,0.705,0.705
5,16,depolarizing,298,0.002,1000,4,4,0.68,0.68
5,16,depolarizing,298,0.005,1000,0,0,0.388,0.388
5,16,depolarizing,298,0.005,1000,1,1,0.378,0.378
5,16,depolarizing,298,0.005,1000,2,2,0.42,0.41999999999999993
5,16,depolarizing,298,0.005,1000,3,3,0.406,0.406
5,16,depolarizing,298,0.005,1000,4,4,0.412,0.4119999999999999
5,16,depolarizing,298,0.01,1000,0,0,0.181,0.181
5,16,depolarizing,298,0.01,1000,1,1,0.16,0.16000000000000003
5,16,depolarizing,298,0.01,1000,2,2,0.193,0.19299999999999998
5,16,depolarizing,298,0.01,1000,3,3,0.174,0.174
5,16,depolarizing,298,0.01,1000,4,4,0.175,0.17500000000000002
5,16,depolarizing,298,0.02,1000,0,0,0.055,0.05500000000000001
5,16,depolarizing,298,0.02,1000,1,1,0.049,0.049
5,16,depolarizing,298,0.02,1000,2,2,0.062,0.062
5,16,depolarizing,298,0.02,1000,3,3,0.059,0.059
5,16,depolarizing,298,0.02,1000,4,4,0.077,0.077
5,16,depolarizing,298,0.05,1000,0,0,0.025,0.025
5,16,depolarizing,298,0.05,1000,1,1,0.024,0.024
5,16,depolarizing,298,0.05,1000,2,2,0.035,0.035
5,16,depolarizing,298,0.05,1000,3,3,0.038,0.038
5,16,depolarizing,298,0.05,1000,4,4,0.037,0.037000000000000005
5,16,depolarizing,298,0.1,1000,0,0,0.025,0.025
5,16,depolarizing,298,0.1,1000,1,1,0.024,0.024
5,16,depolarizing,298,0.1,1000,2,2,0.033,0.033
5,16,depolarizing,298,0.1,1000,3,3,0.037,0.037000000000000005
5,16,depolarizing,298,0.1,1000,4,4,0.037,0.037000000000000005
5,32,depolarizing,586,0.0,1000,0,0,1.0,1.0
5,32,depolarizing,586,0.0,1000,1,1,1.0,1.0
5,32,depolarizing,586,0.0,1000,2,2,1.0,1.0
5,32,depolarizing,586,0.0,1000,3,3,1.0,1.0
5,32,depolarizing,586,0.0,1000,4,4,1.0,1.0
5,32,depolarizing,586,0.001,1000,0,0,0.708,0.708
5,32,depolarizing,586,0.001,1000,1,1,0.721,0.721
5,32,depolarizing,586,0.001,1000,2,2,0.702,0.702
5,32,depolarizing,586,0.001,1000,3,3,0.708,0.708
5,32,depolarizing,586,0.001,1000,4,4,0.684,0.684
5,32,depolarizing,586,0.002,1000,0,0,0.495,0.49500000000000005
5,32,depolarizing,586,0.002,1000,1,1,0.482,0.48200000000000004
5,32,depolarizing,586,0.002,1000,2,2,0.514,0.514
5,32,depolarizing,586,0.002,1000,3,3,0.497,0.49700000000000005
5,32,depolarizing,586,0.002,1000,4,4,0.491,0.49099999999999994
5,32,depolarizing,586,0.005,1000,0,0,0.185,0.185
5,32,depolarizing,586,0.005,1000,1,1,0.163,0.16299999999999998
5,32,depolarizing,586,0.005,1000,2,2,0.2,0.19999999999999998
5,32,depolarizing,586,0.005,1000,3,3,0.182,0.18199999999999997
5,32,depolarizing,586,0.005,1000,4,4,0.176,0.17600000000000002
5,32,depolarizing,586,0.01,1000,0,0,0.057,0.05700000000000001
5,32,depolarizing,586,0.01,1000,1,1,0.05,0.049999999999999996
5,32,depolarizing,586,0.01,1000,2,2,0.062,0.062
5,32,depolarizing,586,0.01,1000,3,3,0.063,0.06299999999999999
5,32,depolarizing,586,0.01,1000,4,4,0.078,0.078
5,32,depolarizing,586,0.02,1000,0,0,0.026,0.026000000000000002
5,32,depolarizing,586,0.02,1000,1,1,0.026,0.026000000000000002
5,32,depolarizing,586,0.02,1000,2,2,0.035,0.035
5,32,depolarizing,586,0.02,1000,3,3,0.041,0.04100000000000001
5,32,depolarizing,586,0.02,1000,4,4,0.038,0.038
5,32,depolarizing,586,0.05,1000,0,0,0.025,0.025
5,32,depolarizing,586,0.05,1000,1,1,0.024,0.024
5,32,depolarizing,586,0.05,1000,2,2,0.033,0.033
5,32,depolarizing,586,0.05,1000,3,3,0.037,0.037000000000000005
5,32,depolarizing,586,0.05,1000,4,4,0.037,0.037000000000000005
5,32,depolarizing,586,0.1,1000,0,0,0.025,0.025
5,32,depolarizing,586,0.1,1000,1,1,0.024,0.024
5,32,depolarizing,586,0.1,1000,2,2,0.033,0.033
5,32,depolarizing,586,0.1,1000,3,3,0.037,0.037000000000000005
5,32,depolarizing,586,0.1,1000,4,4,0.037,0.037000000000000005
6,1,depolarizing,34,0.0,1000,0,0,1.0,1.0
6,1,depolarizing,34,0.0,1000,1,1,1.0,1.0
6,1,depolarizing,34,0.0,1000,2,2,1.0,1.0
6,1,depolarizing,34,0.0,1000,3,3,1.0,1.0
6,1,depolarizing,34,0.0,1000,4,4,1.0,1.0
6,1,depolarizing,34,0.001,1000,0,0,0.979,0.9789999999999999
6,1,depolarizing,34,0.001,1000,1,1,0.973,0.9729999999999999
6,1,depolarizing,34,0.001,1000,2,2,0.981,0.9809999999999999
6,1,depolarizing,34,0.001,1000,3,3,0.977,0.9770000000000001
6,1,depolarizing,34,0.001,1000,4,4,0.981,0.9809999999999999
6,1,depolarizing,34,0.002,1000,0,0,0.957,0.9569999999999999
6,1,depolarizing,34,0.002,1000,1,1,0.956,0.9559999999999998
6,1,depolarizing,34,0.002,1000,2,2,0.957,0.9569999999999999
6,1,depolarizing,34,0.002,1000,3,3,0.96,0.96
6,1,depolarizing,34,0.002,1000,4,4,0.961,0.9609999999999999
6,1,depolarizing,34,0.005,1000,0,0,0.911,0.911
6,1,depolarizing,34,0.005,1000,1,1,0.907,0.907
6,1,depolarizing,34,0.005,1000,2,2,0.906,0.9059999999999999
6,1,depolarizing,34,0.005,1000,3,3,0.91,0.91
6,1,depolarizing,34,0.005,1000,4,4,0.904,0.9039999999999999
6,1,depolarizing,34,0.01,1000,0,0,0.831,0.8310000000000001
6,1,depolarizing,34,0.01,1000,1,1,0.837,0.837
6,1,depolarizing,34,0.01,1000,2,2,0.817,0.8170000000000001
6,1,depolarizing,34,0.01,1000,3,3,0.828,0.828
6,1,depolarizing,34,0.01,1000,4,4,0.815,0.8150000000000001
6,1,depolarizing,34,0.02,1000,0,0,0.678,0.678
6,1,depolarizing,34,0.02,1000,1,1,0.693,0.693
6,1,depolarizing,34,0.02,1000,2,2,0.677,0.677
6,1,depolarizing,34,0.02,1000,3,3,0.684,0.684
6,1,depolarizing,34,0.02,1000,4,4,0.656,0.6560000000000001
6,1,depolarizing,34,0.05,1000,0,0,0.352,0.352
6,1,depolarizing,34,0.05,1000,1,1,0.35,0.35
6,1,depolarizing,34,0.05,1000,2,2,0.386,0.386
6,1,depolarizing,34,0.05,1000,3,3,0.386,0.386
6,1,depolarizing,34,0.05,1000,4,4,0.381,0.38099999999999995
6,1,depolarizing,34,0.1,1000,0,0,0.154,0.15400000000000003
6,1,depolarizing,34,0.1,1000,1,1,0.144,0.144
6,1,depolarizing,34,0.1,1000,2,2,0.16,0.16000000000000003
6,1,depolarizing,34,0.1,1000,3,3,0.154,0.15400000000000003
6,1,depolarizing,34,0.1,1000,4,4,0.154,0.15400000000000003
6,2,depolarizing,56,0.0,1000,0,0,1.0,1.0
6,2,depolarizing,56,0.0,1000,1,1,1.0,1.0
6,2,depolarizing,56,0.0,1000,2,2,1.0,1.0
6,2,depolarizing,56,0.0,1000,3,3,1.0,1.0
6,2,depolarizing,56,0.0,1000,4,4,1.0,1.0
6,2,depolarizing,56,0.001,1000,0,0,0.961,0.9609999999999999
6,2,depolarizing,56,0.001,1000,1,1,0.966,0.966
6,2,depolarizing,56,0.001,1000,2,2,0.962,0.9620000000000001
6,2,depolarizing,56,0.001,1000,3,3,0.964,0.964
6,2,depolarizing,56,0.001,1000,4,4,0.964,0.964
6,2,depolarizing,56,0.002,1000,0,0,0.937,0.937
6,2,depolarizing,56,0.002,1000,1,1,0.931,0.9309999999999999
6,2,depolarizing,56,0.002,1000,2,2,0.931,0.9309999999999999
6,2,depolarizing,56,0.002,1000,3,3,0.934,0.9340000000000002
6,2,depolarizing,56,0.002,1000,4,4,0.941,0.9410000000000001
6,2,depolarizing,56,0.005,1000,0,0,0.863,0.8630000000000001
6,2,depolarizing,56,0.005,1000,1,1,0.855,0.855
6,2,depolarizing,56,0.005,1000,2,2,0.844,0.8440000000000001
6,2,depolarizing,56,0.005,1000,3,3,0.85,0.8500000000000001
6,2,depolarizing,56,0.005,1000,4,4,0.839,0.839
6,2,depolarizing,56,0.01,1000,0,0,0.722,0.722
6,2,depolarizing,56,0.01,1000,1,1,0.739,0.739
6,2,depolarizing,56,0.01,1000,2,2,0.723,0.723
6,2,depolarizing,56,0.01,1000,3,3,0.726,0.726
6,2,depolarizing,56,0.01,1000,4,4,0.703,0.703
6,2,depolarizing,56,0.02,1000,0,0,0.519,0.5189999999999999
6,2,depolarizing,56,0.02,1000,1,1,0.513,0.513
6,2,depolarizing,56,0.02,1000,2,2,0.536,0.5360000000000001
6,2,depolarizing,56,0.02,1000,3,3,0.528,0.528
6,2,depolarizing,56,0.02,1000,4,4,0.503,0.503
6,2,depolarizing,56,0.05,1000,0,0,0.199,0.19900000000000004
6,2,depolarizing,56,0.05,1000,1,1,0.184,0.184
6,2,depolarizing,56,0.05,1000,2,2,0.218,0.21800000000000003
6,2,depolarizing,56,0.05,1000,3,3,0.201,0.20100000000000004
6,2,depolarizing,56,0.05,1000,4,4,0.19,0.18999999999999997
6,2,depolarizing,56,0.1,1000,0,0,0.056,0.056
6,2,depolarizing,56,0.1,1000,1,1,0.049,0.049
6,2,depolarizing,56,0.1,1000,2,2,0.062,0.062
6,2,depolarizing,56,0.1,1000,3,3,0.06,0.06
6,2,depolarizing,56,0.1,1000,4,4,0.078,0.078
6,4,depolarizing,100,0.0,1000,0,0,1.0,1.0
6,4,depolarizing,100,0.0,1000,1,1,1.0,1.0
6,4,depolarizing,100,0.0,1000,2,2,1.0,1.0
6,4,depolarizing,100,0.0,1000,3,3,1.0,1.0
6,4,depolarizing,100,0.0,1000,4,4,1.0,1.0
6,4,depolarizing,100,0.001,1000,0,0,0.939,0.939
6,4,depolarizing,100,0.001,1000,1,1,0.934,0.9340000000000002
6,4,depolarizing,100,0.001,1000,2,2,0.938,0.938
6,4,depolarizing,100,0.001,1000,3,3,0.942,0.942
6,4,depolarizing,100,0.001,1000,4,4,0.947,0.9469999999999998
6,4,depolarizing,100,0.002,1000,0,0,0.894,0.894
6,4,depolarizing,100,0.002,1000,1,1,0.885,0.8849999999999999
6,4,depolarizing,100,0.002,1000,2,2,0.885,0.8849999999999999
6,4,depolarizing,100,0.002,1000,3,3,0.89,0.89
6,4,depolarizing,100,0.002,1000,4,4,0.873,0.873
6,4,depolarizing,100,0.005,1000,0,0,0.746,0.7459999999999999
6,4,depolarizing,100,0.005,1000,1,1,0.759,0.759
6,4,depolarizing,100,0.005,1000,2,2,0.74,0.74
6,4,depolarizing,100,0.005,1000,3,3,0.759,0.759
6,4,depolarizing,100,0.005,1000,4,4,0.719,0.719
6,4,depolarizing,100,0.01,1000,0,0,0.549,0.5490000000000002
6,4,depolarizing,100,0.01,1000,1,1,0.55,0.55
6,4,depolarizing,100,0.01,1000,2,2,0.565,0.5649999999999998
6,4,depolarizing,100,0.01,1000,3,3,0.56,0.56
6,4,depolarizing,100,0.01,1000,4,4,0.531,0.5310000000000001
6,4,depolarizing,100,0.02,1000,0,0,0.282,0.282
6,4,depolarizing,100,0.02,1000,1,1,0.285,0.285
6,4,depolarizing,100,0.02,1000,2,2,0.306,0.30599999999999994
6,4,depolarizing,100,0.02,1000,3,3,0.301,0.301
6,4,depolarizing,100,0.02,1000,4,4,0.31,0.31000000000000005
6,4,depolarizing,100,0.05,1000,0,0,0.067,0.067
6,4,depolarizing,100,0.05,1000,1,1,0.054,0.05399999999999999
6,4,depolarizing,100,0.05,1000,2,2,0.075,0.07499999999999998
6,4,depolarizing,100,0.05,1000,3,3,0.065,0.065
6,4,depolarizing,100,0.05,1000,4,4,0.089,0.089
6,4,depolarizing,100,0.1,1000,0,0,0.018,0.018000000000000002
6,4,depolarizing,100,0.1,1000,1,1,0.02,0.02
6,4,depolarizing,100,0.1,1000,2,2,0.025,0.025
6,4,depolarizing,100,0.1,1000,3,3,0.026,0.026000000000000002
6,4,depolarizing,100,0.1,1000,4,4,0.029,0.029000000000000005
6,8,depolarizing,188,0.0,1000,0,0,1.0,1.0
6,8,depolarizing,188,0.0,1000,1,1,1.0,1.0
6,8,depolarizing,188,0.0,1000,2,2,1.0,1.0
6,8,depolarizing,188,0.0,1000,3,3,1.0,1.0
6,8,depolarizing,188,0.0,1000,4,4,1.0,1.0
6,8,depolarizing,188,0.001,1000,0,0,0.897,0.8969999999999999
6,8,depolarizing,188,0.001,1000,1,1,0.892,0.8919999999999999
6,8,depolarizing,188,0.001,1000,2,2,0.891,0.8910000000000001
6,8,depolarizing,188,0.001,1000,3,3,0.896,0.896
6,8,depolarizing,188,0.001,1000,4,4,0.882,0.8819999999999999
6,8,depolarizing,188,0.002,1000,0,0,0.807,0.807
6,8,depolarizing,188,0.002,1000,1,1,0.816,0.8159999999999998
6,8,depolarizing,188,0.002,1000,2,2,0.794,0.794
6,8,depolarizing,188,0.002,1000,3,3,0.8,0.7999999999999999
6,8,depolarizing,188,0.002,1000,4,4,0.789,0.789
6,8,depolarizing,188,0.005,1000,0,0,0.565,0.5649999999999998
6,8,depolarizing,188,0.005,1000,1,1,0.568,0.5680000000000001
6,8,depolarizing,188,0.005,1000,2,2,0.581,0.581
6,8,depolarizing,188,0.005,1000,3,3,0.572,0.572
6,8,depolarizing,188,0.005,1000,4,4,0.545,0.545
6,8,depolarizing,188,0.01,1000,0,0,0.305,0.305
6,8,depolarizing,188,0.01,1000,1,1,0.303,0.30299999999999994
6,8,depolarizing,188,0.01,1000,2,2,0.326,0.32599999999999996
6,8,depolarizing,188,0.01,1000,3,3,0.33,0.32999999999999996
6,8,depolarizing,188,0.01,1000,4,4,0.327,0.327
6,8,depolarizing,188,0.02,1000,0,0,0.117,0.11700000000000002
6,8,depolarizing,188,0.02,1000,1,1,0.101,0.101
6,8,depolarizing,188,0.02,1000,2,2,0.122,0.12200000000000001
6,8,depolarizing,188,0.02,1000,3,3,0.117,0.11700000000000002
6,8,depolarizing,188,0.02,1000,4,4,0.13,0.13000000000000003
6,8,depolarizing,188,0.05,1000,0,0,0.018,0.018000000000000002
6,8,depolarizing,188,0.05,1000,1,1,0.021,0.020999999999999998
6,8,depolarizing,188,0.05,1000,2,2,0.026,0.026000000000000002
6,8,depolarizing,188,0.05,1000,3,3,0.028,0.028
6,8,depolarizing,188,0.05,1000,4,4,0.03,0.03
6,8,depolarizing,188,0.1,1000,0,0,0.015,0.015
6,8,depolarizing,188,0.1,1000,1,1,0.013,0.012999999999999998
6,8,depolarizing,188,0.1,1000,2,2,0.014,0.014
6,8,depolarizing,188,0.1,1000,3,3,0.017,0.017000000000000005
6,8,depolarizing,188,0.1,1000,4,4,0.018,0.018000000000000002
6,16,depolarizing,364,0.0,1000,0,0,1.0,1.0
6,16,depolarizing,364,0.0,1000,1,1,1.0,1.0
6,16,depolarizing,364,0.0,1000,2,2,1.0,1.0
6,16,depolarizing,364,0.0,1000,3,3,1.0,1.0
6,16,depolarizing,364,0.0,1000,4,4,1.0,1.0
6,16,depolarizing,364,0.001,1000,0,0,0.815,0.8150000000000001
6,16,depolarizing,364,0.001,1000,1,1,0.816,0.8159999999999998
6,16,depolarizing,364,0.001,1000,2,2,0.796,0.7960000000000002
6,16,depolarizing,364,0.001,1000,3,3,0.806,0.806
6,16,depolarizing,364,0.001,1000,4,4,0.791,0.7909999999999999
6,16,depolarizing,364,0.002,1000,0,0,0.643,0.643
6,16,depolarizing,364,0.002,1000,1,1,0.654,0.6540000000000001
6,16,depolarizing,364,0.002,1000,2,2,0.646,0.646
6,16,depolarizing,364,0.002,1000,3,3,0.653,0.653
6,16,depolarizing,364,0.002,1000,4,4,0.617,0.617
6,16,depolarizing,364,0.005,1000,0,0,0.317,0.317
6,16,depolarizing,364,0.005,1000,1,1,0.31,0.31000000000000005
6,16,depolarizing,364,0.005,1000,2,2,0.336,0.33599999999999997
6,16,depolarizing,364,0.005,1000,3,3,0.337,0.33699999999999997
6,16,depolarizing,364,0.005,1000,4,4,0.334,0.33399999999999996
6,16,depolarizing,364,0.01,1000,0,0,0.123,0.12299999999999998
6,16,depolarizing,364,0.01,1000,1,1,0.107,0.10700000000000001
6,16,depolarizing,364,0.01,1000,2,2,0.127,0.127
6,16,depolarizing,364,0.01,1000,3,3,0.122,0.12200000000000001
6,16,depolarizing,364,0.01,1000,4,4,0.135,0.135
6,16,depolarizing,364,0.02,1000,0,0,0.026,0.026000000000000002
6,16,depolarizing,364,0.02,1000,1,1,0.026,0.026000000000000002
6,16,depolarizing,364,0.02,1000,2,2,0.035,0.035
6,16,depolarizing,364,0.02,1000,3,3,0.041,0.04100000000000001
6,16,depolarizing,364,0.02,1000,4,4,0.038,0.038
6,16,depolarizing,364,0.05,1000,0,0,0.015,0.015
6,16,depolarizing,364,0.05,1000,1,1,0.013,0.012999999999999998
6,16,depolarizing,364,0.05,1000,2,2,0.014,0.014
6,16,depolarizing,364,0.05,1000,3,3,0.017,0.017000000000000005
6,16,depolarizing,364,0.05,1000,4,4,0.018,0.018000000000000002
6,16,depolarizing,364,0.1,1000,0,0,0.015,0.015
6,16,depolarizing,364,0.1,1000,1,1,0.013,0.012999999999999998
6,16,depolarizing,364,0.1,1000,2,2,0.014,0.014
6,16,depolarizing,364,0.1,1000,3,3,0.017,0.017000000000000005
6,16,depolarizing,364,0.1,1000,4,4,0.018,0.018000000000000002
6,32,depolarizing,716,0.0,1000,0,0,1.0,1.0
6,32,depolarizing,716,0.0,1000,1,1,1.0,1.0
6,32,depolarizing,716,0.0,1000,2,2,1.0,1.0
6,32,depolarizing,716,0.0,1000,3,3,1.0,1.0
6,32,depolarizing,716,0.0,1000,4,4,1.0,1.0
6,32,depolarizing,716,0.001,1000,0,0,0.65,0.6500000000000001
6,32,depolarizing,716,0.001,1000,1,1,0.657,0.6570000000000001
6,32,depolarizing,716,0.001,1000,2,2,0.65,0.6500000000000001
6,32,depolarizing,716,0.001,1000,3,3,0.654,0.6540000000000001
6,32,depolarizing,716,0.001,1000,4,4,0.622,0.6219999999999999
6,32,depolarizing,716,0.002,1000,0,0,0.399,0.3990000000000001
6,32,depolarizing,716,0.002,1000,1,1,0.384,0.384
6,32,depolarizing,716,0.002,1000,2,2,0.433,0.43300000000000005
6,32,depolarizing,716,0.002,1000,3,3,0.41,0.41000000000000003
6,32,depolarizing,716,0.002,1000,4,4,0.419,0.41899999999999993
6,32,depolarizing,716,0.005,1000,0,0,0.125,0.12500000000000003
6,32,depolarizing,716,0.005,1000,1,1,0.115,0.115
6,32,depolarizing,716,0.005,1000,2,2,0.13,0.13000000000000003
6,32,depolarizing,716,0.005,1000,3,3,0.126,0.12599999999999997
6,32,depolarizing,716,0.005,1000,4,4,0.135,0.135
6,32,depolarizing,716,0.01,1000,0,0,0.027,0.027000000000000003
6,32,depolarizing,716,0.01,1000,1,1,0.026,0.026000000000000002
6,32,depolarizing,716,0.01,1000,2,2,0.035,0.035
6,32,depolarizing,716,0.01,1000,3,3,0.042,0.042
6,32,depolarizing,716,0.01,1000,4,4,0.04,0.04000000000000001
6,32,depolarizing,716,0.02,1000,0,0,0.016,0.015999999999999997
6,32,depolarizing,716,0.02,1000,1,1,0.013,0.012999999999999998
6,32,depolarizing,716,0.02,1000,2,2,0.015,0.015
6,32,depolarizing,716,0.02,1000,3,3,0.02,0.02
6,32,depolarizing,716,0.02,1000,4,4,0.021,0.020999999999999998
6,32,depolarizing,716,0.05,1000,0,0,0.015,0.015
6,32,depolarizing,716,0.05,1000,1,1,0.013,0.012999999999999998
6,32,depolarizing,716,0.05,1000,2,2,0.014,0.014
6,32,depolarizing,716,0.05,1000,3,3,0.017,0.017000000000000005
6,32,depolarizing,716,0.05,1000,4,4,0.018,0.018000000000000002
6,32,depolarizing,716,0.1,1000,0,0,0.015,0.015
6,32,depolarizing,716,0.1,1000,1,1,0.013,0.012999999999999998
6,32,depolarizing,716,0.1,1000,2,2,0.014,0.014
6,32,depolarizing,716,0.1,1000,3,3,0.017,0.017000000000000005
6,32,depolarizing,716,0.1,1000,4,4,0.018,0.018000000000000002
2,1,readout,10,0.0,1000,0,0,1.0,1.0
2,1,readout,10,0.0,1000,1,1,1.0,1.0
2,1,readout,10,0.0,1000,2,2,1.0,1.0
2,1,readout,10,0.0,1000,3,3,1.0,1.0
2,1,readout,10,0.0,1000,4,4,1.0,1.0
2,1,readout,10,0.001,1000,0,0,0.997,0.997
2,1,readout,10,0.001,1000,1,1,0.998,0.9980000000000001
2,1,readout,10,0.001,1000,2,2,0.999,0.9990000000000001
2,1,readout,10,0.001,1000,3,3,0.996,0.9960000000000001
2,1,readout,10,0.001,1000,4,4,0.999,0.9990000000000001
2,1,readout,10,0.002,1000,0,0,0.996,0.9960000000000001
2,1,readout,10,0.002,1000,1,1,0.994,0.9939999999999999
2,1,readout,10,0.002,1000,2,2,0.999,0.9990000000000001
2,1,readout,10,0.002,1000,3,3,0.995,0.9949999999999999
2,1,readout,10,0.002,1000,4,4,0.998,0.9980000000000001
2,1,readout,10,0.005,1000,0,0,0.988,0.988
2,1,readout,10,0.005,1000,1,1,0.988,0.988
2,1,readout,10,0.005,1000,2,2,0.994,0.9939999999999999
2,1,readout,10,0.005,1000,3,3,0.991,0.9909999999999999
2,1,readout,10,0.005,1000,4,4,0.989,0.989
2,1,readout,10,0.01,1000,0,0,0.977,0.9770000000000001
2,1,readout,10,0.01,1000,1,1,0.975,0.975
2,1,readout,10,0.01,1000,2,2,0.993,0.993
2,1,readout,10,0.01,1000,3,3,0.98,0.9800000000000001
2,1,readout,10,0.01,1000,4,4,0.977,0.9770000000000001
2,1,readout,10,0.02,1000,0,0,0.958,0.9580000000000001
2,1,readout,10,0.02,1000,1,1,0.965,0.965
2,1,readout,10,0.02,1000,2,2,0.972,0.972
2,1,readout,10,0.02,1000,3,3,0.961,0.9609999999999999
2,1,readout,10,0.02,1000,4,4,0.964,0.964
2,1,readout,10,0.05,1000,0,0,0.9,0.8999999999999999
2,1,readout,10,0.05,1000,1,1,0.91,0.91
2,1,readout,10,0.05,1000,2,2,0.908,0.9080000000000001
2,1,readout,10,0.05,1000,3,3,0.893,0.893
2,1,readout,10,0.05,1000,4,4,0.901,0.901
2,1,readout,10,0.1,1000,0,0,0.795,0.7950000000000002
2,1,readout,10,0.1,1000,1,1,0.815,0.8150000000000001
2,1,readout,10,0.1,1000,2,2,0.816,0.8159999999999998
2,1,readout,10,0.1,1000,3,3,0.811,0.8109999999999999
2,1,readout,10,0.1,1000,4,4,0.793,0.793
2,2,readout,16,0.0,1000,0,0,1.0,1.0
2,2,readout,16,0.0,1000,1,1,1.0,1.0
2,2,readout,16,0.0,1000,2,2,1.0,1.0
2,2,readout,16,0.0,1000,3,3,1.0,1.0
2,2,readout,16,0.0,1000,4,4,1.0,1.0
2,2,readout,16,0.001,1000,0,0,0.997,0.997
2,2,readout,16,0.001,1000,1,1,0.998,0.9980000000000001
2,2,readout,16,0.001,1000,2,2,0.999,0.9990000000000001
2,2,readout,16,0.001,1000,3,3,0.996,0.9960000000000001
2,2,readout,16,0.001,1000,4,4,0.999,0.9990000000000001
2,2,readout,16,0.002,1000,0,0,0.996,0.9960000000000001
2,2,readout,16,0.002,1000,1,1,0.994,0.9939999999999999
2,2,readout,16,0.002,1000,2,2,0.999,0.9990000000000001
2,2,readout,16,0.002,1000,3,3,0.995,0.9949999999999999
2,2,readout,16,0.002,1000,4,4,0.998,0.9980000000000001
2,2,readout,16,0.005,1000,0,0,0.988,0.988
2,2,readout,16,0.005,1000,1,1,0.988,0.988
2,2,readout,16,0.005,1000,2,2,0.994,0.9939999999999999
2,2,readout,16,0.005,1000,3,3,0.991,0.9909999999999999
2,2,readout,16,0.005,1000,4,4,0.989,0.989
2,2,readout,16,0.01,1000,0,0,0.977,0.9770000000000001
2,2,readout,16,0.01,1000,1,1,0.975,0.975
2,2,readout,16,0.01,1000,2,2,0.993,0.993
2,2,readout,16,0.01,1000,3,3,0.98,0.9800000000000001
2,2,readout,16,0.01,1000,4,4,0.977,0.9770000000000001
2,2,readout,16,0.02,1000,0,0,0.958,0.9580000000000001
2,2,readout,16,0.02,1000,1,1,0.965,0.965
2,2,readout,16,0.02,1000,2,2,0.972,0.972
2,2,readout,16,0.02,1000,3,3,0.961,0.9609999999999999
2,2,readout,16,0.02,1000,4,4,0.964,0.964
2,2,readout,16,0.05,1000,0,0,0.9,0.8999999999999999
2,2,readout,16,0.05,1000,1,1,0.91,0.91
2,2,readout,16,0.05,1000,2,2,0.908,0.9080000000000001
2,2,readout,16,0.05,1000,3,3,0.893,0.893
2,2,readout,16,0.05,1000,4,4,0.901,0.901
2,2,readout,16,0.1,1000,0,0,0.795,0.7950000000000002
2,2,readout,16,0.1,1000,1,1,0.815,0.8150000000000001
2,2,readout,16,0.1,1000,2,2,0.816,0.8159999999999998
2,2,readout,16,0.1,1000,3,3,0.811,0.8109999999999999
2,2,readout,16,0.1,1000,4,4,0.793,0.793
2,4,readout,28,0.0,1000,0,0,1.0,1.0
2,4,readout,28,0.0,1000,1,1,1.0,1.0
2,4,readout,28,0.0,1000,2,2,1.0,1.0
2,4,readout,28,0.0,1000,3,3,1.0,1.0
2,4,readout,28,0.0,1000,4,4,1.0,1.0
2,4,readout,28,0.001,1000,0,0,0.997,0.997
2,4,readout,28,0.001,1000,1,1,0.998,0.9980000000000001
2,4,readout,28,0.001,1000,2,2,0.999,0.9990000000000001
2,4,readout,28,0.001,1000,3,3,0.996,0.9960000000000001
2,4,readout,28,0.001,1000,4,4,0.999,0.9990000000000001
2,4,readout,28,0.002,1000,0,0,0.996,0.9960000000000001
2,4,readout,28,0.002,1000,1,1,0.994,0.9939999999999999
2,4,readout,28,0.002,1000,2,2,0.999,0.9990000000000001
2,4,readout,28,0.002,1000,3,3,0.995,0.9949999999999999
2,4,readout,28,0.002,1000,4,4,0.998,0.9980000000000001
2,4,readout,28,0.005,1000,0,0,0.988,0.988
2,4,readout,28,0.005,1000,1,1,0.988,0.988
2,4,readout,28,0.005,1000,2,2,0.994,0.9939999999999999
2,4,readout,28,0.005,1000,3,3,0.991,0.9909999999999999
2,4,readout,28,0.005,1000,4,4,0.989,0.989
2,4,readout,28,0.01,1000,0,0,0.977,0.9770000000000001
2,4,readout,28,0.01,1000,1,1,0.975,0.975
2,4,readout,28,0.01,1000,2,2,0.993,0.993
2,4,readout,28,0.01,1000,3,3,0.98,0.9800000000000001
2,4,readout,28,0.01,1000,4,4,0.977,0.9770000000000001
2,4,readout,28,0.02,1000,0,0,0.958,0.9580000000000001
2,4,readout,28,0.02,1000,1,1,0.965,0.965
2,4,readout,28,0.02,1000,2,2,0.972,0.972
2,4,readout,28,0.02,1000,3,3,0.961,0.9609999999999999
2,4,readout,28,0.02,1000,4,4,0.964,0.964
2,4,readout,28,0.05,1000,0,0,0.9,0.8999999999999999
2,4,readout,28,0.05,1000,1,1,0.91,0.91
2,4,readout,28,0.05,1000,2,2,0.908,0.9080000000000001
2,4,readout,28,0.05,1000,3,3,0.893,0.893
2,4,readout,28,0.05,1000,4,4,0.901,0.901
2,4,readout,28,0.1,1000,0,0,0.795,0.7950000000000002
2,4,readout,28,0.1,1000,1,1,0.815,0.8150000000000001
2,4,readout,28,0.1,1000,2,2,0.816,0.8159999999999998
2,4,readout,28,0.1,1000,3,3,0.811,0.8109999999999999
2,4,readout,28,0.1,1000,4,4,0.793,0.793
2,8,readout,52,0.0,1000,0,0,1.0,1.0
2,8,readout,52,0.0,1000,1,1,1.0,1.0
2,8,readout,52,0.0,1000,2,2,1.0,1.0
2,8,readout,52,0.0,1000,3,3,1.0,1.0
2,8,readout,52,0.0,1000,4,4,1.0,1.0
2,8,readout,52,0.001,1000,0,0,0.997,0.997
2,8,readout,52,0.001,1000,1,1,0.998,0.9980000000000001
2,8,readout,52,0.001,1000,2,2,0.999,0.9990000000000001
2,8,readout,52,0.001,1000,3,3,0.996,0.9960000000000001
2,8,readout,52,0.001,1000,4,4,0.999,0.9990000000000001
2,8,readout,52,0.002,1000,0,0,0.996,0.9960000000000001
2,8,readout,52,0.002,1000,1,1,0.994,0.9939999999999999
2,8,readout,52,0.002,1000,2,2,0.999,0.9990000000000001
2,8,readout,52,0.002,1000,3,3,0.995,0.9949999999999999
2,8,readout,52,0.002,1000,4,4,0.998,0.9980000000000001
2,8,readout,52,0.005,1000,0,0,0.988,0.988
2,8,readout,52,0.005,1000,1,1,0.988,0.988
2,8,readout,52,0.005,1000,2,2,0.994,0.9939999999999999
2,8,readout,52,0.005,1000,3,3,0.991,0.9909999999999999
2,8,readout,52,0.005,1000,4,4,0.989,0.989
2,8,readout,52,0.01,1000,0,0,0.977,0.9770000000000001
2,8,readout,52,0.01,1000,1,1,0.975,0.975
2,8,readout,52,0.01,1000,2,2,0.993,0.993
2,8,readout,52,0.01,1000,3,3,0.98,0.9800000000000001
2,8,readout,52,0.01,1000,4,4,0.977,0.9770000000000001
2,8,readout,52,0.02,1000,0,0,0.958,0.9580000000000001
2,8,readout,52,0.02,1000,1,1,0.965,0.965
2,8,readout,52,0.02,1000,2,2,0.972,0.972
2,8,readout,52,0.02,1000,3,3,0.961,0.9609999999999999
2,8,readout,52,0.02,1000,4,4,0.964,0.964
2,8,readout,52,0.05,1000,0,0,0.9,0.8999999999999999
2,8,readout,52,0.05,1000,1,1,0.91,0.91
2,8,readout,52,0.05,1000,2,2,0.908,0.9080000000000001
2,8,readout,52,0.05,1000,3,3,0.893,0.893
2,8,readout,52,0.05,1000,4,4,0.901,0.901
2,8,readout,52,0.1,1000,0,0,0.795,0.7950000000000002
2,8,readout,52,0.1,1000,1,1,0.815,0.8150000000000001
2,8,readout,52,0.1,1000,2,2,0.816,0.8159999999999998
2,8,readout,52,0.1,1000,3,3,0.811,0.8109999999999999
2,8,readout,52,0.1,1000,4,4,0.793,0.793
2,16,readout,100,0.0,1000,0,0,1.0,1.0
2,16,readout,100,0.0,1000,1,1,1.0,1.0
2,16,readout,100,0.0,1000,2,2,1.0,1.0
2,16,readout,100,0.0,1000,3,3,1.0,1.0
2,16,readout,100,0.0,1000,4,4,1.0,1.0
2,16,readout,100,0.001,1000,0,0,0.997,0.997
2,16,readout,100,0.001,1000,1,1,0.998,0.9980000000000001
2,16,readout,100,0.001,1000,2,2,0.999,0.9990000000000001
2,16,readout,100,0.001,1000,3,3,0.996,0.9960000000000001
2,16,readout,100,0.001,1000,4,4,0.999,0.9990000000000001
2,16,readout,100,0.002,1000,0,0,0.996,0.9960000000000001
2,16,readout,100,0.002,1000,1,1,0.994,0.9939999999999999
2,16,readout,100,0.002,1000,2,2,0.999,0.9990000000000001
2,16,readout,100,0.002,1000,3,3,0.995,0.9949999999999999
2,16,readout,100,0.002,1000,4,4,0.998,0.9980000000000001
2,16,readout,100,0.005,1000,0,0,0.988,0.988
2,16,readout,100,0.005,1000,1,1,0.988,0.988
2,16,readout,100,0.005,1000,2,2,0.994,0.9939999999999999
2,16,readout,100,0.005,1000,3,3,0.991,0.9909999999999999
2,16,readout,100,0.005,1000,4,4,0.989,0.989
2,16,readout,100,0.01,1000,0,0,0.977,0.9770000000000001
2,16,readout,100,0.01,1000,1,1,0.975,0.975
2,16,readout,100,0.01,1000,2,2,0.993,0.993
2,16,readout,100,0.01,1000,3,3,0.98,0.9800000000000001
2,16,readout,100,0.01,1000,4,4,0.977,0.9770000000000001
2,16,readout,100,0.02,1000,0,0,0.958,0.9580000000000001
2,16,readout,100,0.02,1000,1,1,0.965,0.965
2,16,readout,100,0.02,1000,2,2,0.972,0.972
2,16,readout,100,0.02,1000,3,3,0.961,0.9609999999999999
2,16,readout,100,0.02,1000,4,4,0.964,0.964
2,16,readout,100,0.05,1000,0,0,0.9,0.8999999999999999
2,16,readout,100,0.05,1000,1,1,0.91,0.91
2,16,readout,100,0.05,1000,2,2,0.908,0.9080000000000001
2,16,readout,100,0.05,1000,3,3,0.893,0.893
2,16,readout,100,0.05,1000,4,4,0.901,0.901
2,16,readout,100,0.1,1000,0,0,0.795,0.7950000000000002
2,16,readout,100,0.1,1000,1,1,0.815,0.8150000000000001
2,16,readout,100,0.1,1000,2,2,0.816,0.8159999999999998
2,16,readout,100,0.1,1000,3,3,0.811,0.8109999999999999
2,16,readout,100,0.1,1000,4,4,0.793,0.793
2,32,readout,196,0.0,1000,0,0,1.0,1.0
2,32,readout,196,0.0,1000,1,1,1.0,1.0
2,32,readout,196,0.0,1000,2,2,1.0,1.0
2,32,readout,196,0.0,1000,3,3,1.0,1.0
2,32,readout,196,0.0,1000,4,4,1.0,1.0
2,32,readout,196,0.001,1000,0,0,0.997,0.997
2,32,readout,196,0.001,1000,1,1,0.998,0.9980000000000001
2,32,readout,196,0.001,1000,2,2,0.999,0.9990000000000001
2,32,readout,196,0.001,1000,3,3,0.996,0.9960000000000001
2,32,readout,196,0.001,1000,4,4,0.999,0.9990000000000001
2,32,readout,196,0.002,1000,0,0,0.996,0.9960000000000001
2,32,readout,196,0.002,1000,1,1,0.994,0.9939999999999999
2,32,readout,196,0.002,1000,2,2,0.999,0.9990000000000001
2,32,readout,196,0.002,1000,3,3,0.995,0.9949999999999999
2,32,readout,196,0.002,1000,4,4,0.998,0.9980000000000001
2,32,readout,196,0.005,1000,0,0,0.988,0.988
2,32,readout,196,0.005,1000,1,1,0.988,0.988
2,32,readout,196,0.005,1000,2,2,0.994,0.9939999999999999
2,32,readout,196,0.005,1000,3,3,0.991,0.9909999999999999
2,32,readout,196,0.005,1000,4,4,0.989,0.989
2,32,readout,196,0.01,1000,0,0,0.977,0.9770000000000001
2,32,readout,196,0.01,1000,1,1,0.975,0.975
2,32,readout,196,0.01,1000,2,2,0.993,0.993
2,32,readout,196,0.01,1000,3,3,0.98,0.9800000000000001
2,32,readout,196,0.01,1000,4,4,0.977,0.9770000000000001
2,32,readout,196,0.02,1000,0,0,0.958,0.9580000000000001
2,32,readout,196,0.02,1000,1,1,0.965,0.965
2,32,readout,196,0.02,1000,2,2,0.972,0.972
2,32,readout,196,0.02,1000,3,3,0.961,0.9609999999999999
2,32,readout,196,0.02,1000,4,4,0.964,0.964
2,32,readout,196,0.05,1000,0,0,0.9,0.8999999999999999
2,32,readout,196,0.05,1000,1,1,0.91,0.91
2,32,readout,196,0.05,1000,2,2,0.908,0.9080000000000001
2,32,readout,196,0.05,1000,3,3,0.893,0.893
2,32,readout,196,0.05,1000,4,4,0.901,0.901
2,32,readout,196,0.1,1000,0,0,0.795,0.7950000000000002
2,32,readout,196,0.1,1000,1,1,0.815,0.8150000000000001
2,32,readout,196,0.1,1000,2,2,0.816,0.8159999999999998
2,32,readout,196,0.1,1000,3,3,0.811,0.8109999999999999
2,32,readout,196,0.1,1000,4,4,0.793,0.793
3,1,readout,16,0.0,1000,0,0,1.0,1.0
3,1,readout,16,0.0,1000,1,1,1.0,1.0
3,1,readout,16,0.0,1000,2,2,1.0,1.0
3,1,readout,16,0.0,1000,3,3,1.0,1.0
3,1,readout,16,0.0,1000,4,4,1.0,1.0
3,1,readout,16,0.001,1000,0,0,0.998,0.9980000000000001
3,1,readout,16,0.001,1000,1,1,0.998,0.9980000000000001
3,1,readout,16,0.001,1000,2,2,0.999,0.9990000000000001
3,1,readout,16,0.001,1000,3,3,0.998,0.9980000000000001
3,1,readout,16,0.001,1000,4,4,0.997,0.997
3,1,readout,16,0.002,1000,0,0,0.996,0.9960000000000001
3,1,readout,16,0.002,1000,1,1,0.996,0.9960000000000001
3,1,readout,16,0.002,1000,2,2,0.999,0.9990000000000001
3,1,readout,16,0.002,1000,3,3,0.997,0.997
3,1,readout,16,0.002,1000,4,4,0.996,0.9960000000000001
3,1,readout,16,0.005,1000,0,0,0.982,0.9820000000000001
3,1,readout,16,0.005,1000,1,1,0.988,0.988
3,1,readout,16,0.005,1000,2,2,0.988,0.988
3,1,readout,16,0.005,1000,3,3,0.984,0.984
3,1,readout,16,0.005,1000,4,4,0.987,0.987
3,1,readout,16,0.01,1000,0,0,0.962,0.9620000000000001
3,1,readout,16,0.01,1000,1,1,0.978,0.9779999999999999
3,1,readout,16,0.01,1000,2,2,0.979,0.9789999999999999
3,1,readout,16,0.01,1000,3,3,0.966,0.966
3,1,readout,16,0.01,1000,4,4,0.968,0.968
3,1,readout,16,0.02,1000,0,0,0.939,0.939
3,1,readout,16,0.02,1000,1,1,0.949,0.949
3,1,readout,16,0.02,1000,2,2,0.949,0.949
3,1,readout,16,0.02,1000,3,3,0.938,0.938
3,1,readout,16,0.02,1000,4,4,0.937,0.937
3,1,readout,16,0.05,1000,0,0,0.86,0.86
3,1,readout,16,0.05,1000,1,1,0.861,0.861
3,1,readout,16,0.05,1000,2,2,0.875,0.875
3,1,readout,16,0.05,1000,3,3,0.85,0.8500000000000001
3,1,readout,16,0.05,1000,4,4,0.847,0.847
3,1,readout,16,0.1,1000,0,0,0.738,0.7380000000000001
3,1,readout,16,0.1,1000,1,1,0.734,0.7339999999999999
3,1,readout,16,0.1,1000,2,2,0.735,0.735
3,1,readout,16,0.1,1000,3,3,0.727,0.727
3,1,readout,16,0.1,1000,4,4,0.71,0.7099999999999999
3,2,readout,26,0.0,1000,0,0,1.0,1.0
3,2,readout,26,0.0,1000,1,1,1.0,1.0
3,2,readout,26,0.0,1000,2,2,1.0,1.0
3,2,readout,26,0.0,1000,3,3,1.0,1.0
3,2,readout,26,0.0,1000,4,4,1.0,1.0
3,2,readout,26,0.001,1000,0,0,0.998,0.9980000000000001
3,2,readout,26,0.001,1000,1,1,0.998,0.9980000000000001
3,2,readout,26,0.001,1000,2,2,0.999,0.9990000000000001
3,2,readout,26,0.001,1000,3,3,0.998,0.9980000000000001
3,2,readout,26,0.001,1000,4,4,0.997,0.997
3,2,readout,26,0.002,1000,0,0,0.996,0.9960000000000001
3,2,readout,26,0.002,1000,1,1,0.996,0.9960000000000001
3,2,readout,26,0.002,1000,2,2,0.999,0.9990000000000001
3,2,readout,26,0.002,1000,3,3,0.997,0.997
3,2,readout,26,0.002,1000,4,4,0.996,0.9960000000000001
3,2,readout,26,0.005,1000,0,0,0.982,0.9820000000000001
3,2,readout,26,0.005,1000,1,1,0.988,0.988
3,2,readout,26,0.005,1000,2,2,0.988,0.988
3,2,readout,26,0.005,1000,3,3,0.984,0.984
3,2,readout,26,0.005,1000,4,4,0.987,0.987
3,2,readout,26,0.01,1000,0,0,0.962,0.9620000000000001
3,2,readout,26,0.01,1000,1,1,0.978,0.9779999999999999
3,2,readout,26,0.01,1000,2,2,0.979,0.9789999999999999
3,2,readout,26,0.01,1000,3,3,0.966,0.966
3,2,readout,26,0.01,1000,4,4,0.968,0.968
3,2,readout,26,0.02,1000,0,0,0.939,0.939
3,2,readout,26,0.02,1000,1,1,0.949,0.949
3,2,readout,26,0.02,1000,2,2,0.949,0.949
3,2,readout,26,0.02,1000,3,3,0.938,0.938
3,2,readout,26,0.02,1000,4,4,0.937,0.937
3,2,readout,26,0.05,1000,0,0,0.86,0.86
3,2,readout,26,0.05,1000,1,1,0.861,0.861
3,2,readout,26,0.05,1000,2,2,0.875,0.875
3,2,readout,26,0.05,1000,3,3,0.85,0.8500000000000001
3,2,readout,26,0.05,1000,4,4,0.847,0.847
3,2,readout,26,0.1,1000,0,0,0.738,0.7380000000000001
3,2,readout,26,0.1,1000,1,1,0.734,0.7339999999999999
3,2,readout,26,0.1,1000,2,2,0.735,0.735
3,2,readout,26,0.1,1000,3,3,0.727,0.727
3,2,readout,26,0.1,1000,4,4,0.71,0.7099999999999999
3,4,readout,46,0.0,1000,0,0,1.0,1.0
3,4,readout,46,0.0,1000,1,1,1.0,1.0
3,4,readout,46,0.0,1000,2,2,1.0,1.0
3,4,readout,46,0.0,1000,3,3,1.0,1.0
3,4,readout,46,0.0,1000,4,4,1.0,1.0
3,4,readout,46,0.001,1000,0,0,0.998,0.9980000000000001
3,4,readout,46,0.001,1000,1,1,0.998,0.9980000000000001
3,4,readout,46,0.001,1000,2,2,0.999,0.9990000000000001
3,4,readout,46,0.001,1000,3,3,0.998,0.9980000000000001
3,4,readout,46,0.001,1000,4,4,0.997,0.997
3,4,readout,46,0.002,1000,0,0,0.996,0.9960000000000001
3,4,readout,46,0.002,1000,1,1,0.996,0.9960000000000001
3,4,readout,46,0.002,1000,2,2,0.999,0.9990000000000001
3,4,readout,46,0.002,1000,3,3,0.997,0.997
3,4,readout,46,0.002,1000,4,4,0.996,0.9960000000000001
3,4,readout,46,0.005,1000,0,0,0.982,0.9820000000000001
3,4,readout,46,0.005,1000,1,1,0.988,0.988
3,4,readout,46,0.005,1000,2,2,0.988,0.988
3,4,readout,46,0.005,1000,3,3,0.984,0.984
3,4,readout,46,0.005,1000,4,4,0.987,0.987
3,4,readout,46,0.01,1000,0,0,0.962,0.9620000000000001
3,4,readout,46,0.01,1000,1,1,0.978,0.9779999999999999
3,4,readout,46,0.01,1000,2,2,0.979,0.9789999999999999
3,4,readout,46,0.01,1000,3,3,0.966,0.966
3,4,readout,46,0.01,1000,4,4,0.968,0.968
3,4,readout,46,0.02,1000,0,0,0.939,0.939
3,4,readout,46,0.02,1000,1,1,0.949,0.949
3,4,readout,46,0.02,1000,2,2,0.949,0.949
3,4,readout,46,0.02,1000,3,3,0.938,0.938
3,4,readout,46,0.02,1000,4,4,0.937,0.937
3,4,readout,46,0.05,1000,0,0,0.86,0.86
3,4,readout,46,0.05,1000,1,1,0.861,0.861
3,4,readout,46,0.05,1000,2,2,0.875,0.875
3,4,readout,46,0.05,1000,3,3,0.85,0.8500000000000001
3,4,readout,46,0.05,1000,4,4,0.847,0.847
3,4,readout,46,0.1,1000,0,0,0.738,0.7380000000000001
3,4,readout,46,0.1,1000,1,1,0.734,0.7339999999999999
3,4,readout,46,0.1,1000,2,2,0.735,0.735
3,4,readout,46,0.1,1000,3,3,0.727,0.727
3,4,readout,46,0.1,1000,4,4,0.71,0.7099999999999999
3,8,readout,86,0.0,1000,0,0,1.0,1.0
3,8,readout,86,0.0,1000,1,1,1.0,1.0
3,8,readout,86,0.0,1000,2,2,1.0,1.0
3,8,readout,86,0.0,1000,3,3,1.0,1.0
3,8,readout,86,0.0,1000,4,4,1.0,1.0
3,8,readout,86,0.001,1000,0,0,0.998,0.9980000000000001
3,8,readout,86,0.001,1000,1,1,0.998,0.9980000000000001
3,8,readout,86,0.001,1000,2,2,0.999,0.9990000000000001
3,8,readout,86,0.001,1000,3,3,0.998,0.9980000000000001
3,8,readout,86,0.001,1000,4,4,0.997,0.997
3,8,readout,86,0.002,1000,0,0,0.996,0.9960000000000001
3,8,readout,86,0.002,1000,1,1,0.996,0.9960000000000001
3,8,readout,86,0.002,1000,2,2,0.999,0.9990000000000001
3,8,readout,86,0.002,1000,3,3,0.997,0.997
3,8,readout,86,0.002,1000,4,4,0.996,0.9960000000000001
3,8,readout,86,0.005,1000,0,0,0.982,0.9820000000000001
3,8,readout,86,0.005,1000,1,1,0.988,0.988
3,8,readout,86,0.005,1000,2,2,0.988,0.988
3,8,readout,86,0.005,1000,3,3,0.984,0.984
3,8,readout,86,0.005,1000,4,4,0.987,0.987
3,8,readout,86,0.01,1000,0,0,0.962,0.9620000000000001
3,8,readout,86,0.01,1000,1,1,0.978,0.9779999999999999
3,8,readout,86,0.01,1000,2,2,0.979,0.9789999999999999
3,8,readout,86,0.01,1000,3,3,0.966,0.966
3,8,readout,86,0.01,1000,4,4,0.968,0.968
3,8,readout,86,0.02,1000,0,0,0.939,0.939
3,8,readout,86,0.02,1000,1,1,0.949,0.949
3,8,readout,86,0.02,1000,2,2,0.949,0.949
3,8,readout,86,0.02,1000,3,3,0.938,0.938
3,8,readout,86,0.02,1000,4,4,0.937,0.937
3,8,readout,86,0.05,1000,0,0,0.86,0.86
3,8,readout,86,0.05,1000,1,1,0.861,0.861
3,8,readout,86,0.05,1000,2,2,0.875,0.875
3,8,readout,86,0.05,1000,3,3,0.85,0.8500000000000001
3,8,readout,86,0.05,1000,4,4,0.847,0.847
3,8,readout,86,0.1,1000,0,0,0.738,0.7380000000000001
3,8,readout,86,0.1,1000,1,1,0.734,0.7339999999999999
3,8,readout,86,0.1,1000,2,2,0.735,0.735
3,8,readout,86,0.1,1000,3,3,0.727,0.727
3,8,readout,86,0.1,1000,4,4,0.71,0.7099999999999999
3,16,readout,166,0.0,1000,0,0,1.0,1.0
3,16,readout,166,0.0,1000,1,1,1.0,1.0
3,16,readout,166,0.0,1000,2,2,1.0,1.0
3,16,readout,166,0.0,1000,3,3,1.0,1.0
3,16,readout,166,0.0,1000,4,4,1.0,1.0
3,16,readout,166,0.001,1000,0,0,0.998,0.9980000000000001
3,16,readout,166,0.001,1000,1,1,0.998,0.9980000000000001
3,16,readout,166,0.001,1000,2,2,0.999,0.9990000000000001
3,16,readout,166,0.001,1000,3,3,0.998,0.9980000000000001
3,16,readout,166,0.001,1000,4,4,0.997,0.997
3,16,readout,166,0.002,1000,0,0,0.996,0.9960000000000001
3,16,readout,166,0.002,1000,1,1,0.996,0.9960000000000001
3,16,readout,166,0.002,1000,2,2,0.999,0.9990000000000001
3,16,readout,166,0.002,1000,3,3,0.997,0.997
3,16,readout,166,0.002,1000,4,4,0.996,0.9960000000000001
3,16,readout,166,0.005,1000,0,0,0.982,0.9820000000000001
3,16,readout,166,0.005,1000,1,1,0.988,0.988
3,16,readout,166,0.005,1000,2,2,0.988,0.988
3,16,readout,166,0.005,1000,3,3,0.984,0.984
3,16,readout,166,0.005,1000,4,4,0.987,0.987
3,16,readout,166,0.01,1000,0,0,0.962,0.9620000000000001
3,16,readout,166,0.01,1000,1,1,0.978,0.9779999999999999
3,16,readout,166,0.01,1000,2,2,0.979,0.9789999999999999
3,16,readout,166,0.01,1000,3,3,0.966,0.966
3,16,readout,166,0.01,1000,4,4,0.968,0.968
3,16,readout,166,0.02,1000,0,0,0.939,0.939
3,16,readout,166,0.02,1000,1,1,0.949,0.949
3,16,readout,166,0.02,1000,2,2,0.949,0.949
3,16,readout,166,0.02,1000,3,3,0.938,0.938
3,16,readout,166,0.02,1000,4,4,0.937,0.937
3,16,readout,166,0.05,1000,0,0,0.86,0.86
3,16,readout,166,0.05,1000,1,1,0.861,0.861
3,16,readout,166,0.05,1000,2,2,0.875,0.875
3,16,readout,166,0.05,1000,3,3,0.85,0.8500000000000001
3,16,readout,166,0.05,1000,4,4,0.847,0.847
3,16,readout,166,0.1,1000,0,0,0.738,0.7380000000000001
3,16,readout,166,0.1,1000,1,1,0.734,0.7339999999999999
3,16,readout,166,0.1,1000,2,2,0.735,0.735
3,16,readout,166,0.1,1000,3,3,0.727,0.727
3,16,readout,166,0.1,1000,4,4,0.71,0.7099999999999999
3,32,readout,326,0.0,1000,0,0,1.0,1.0
3,32,readout,326,0.0,1000,1,1,1.0,1.0
3,32,readout,326,0.0,1000,2,2,1.0,1.0
3,32,readout,326,0.0,1000,3,3,1.0,1.0
3,32,readout,326,0.0,1000,4,4,1.0,1.0
3,32,readout,326,0.001,1000,0,0,0.998,0.9980000000000001
3,32,readout,326,0.001,1000,1,1,0.998,0.9980000000000001
3,32,readout,326,0.001,1000,2,2,0.999,0.9990000000000001
3,32,readout,326,0.001,1000,3,3,0.998,0.9980000000000001
3,32,readout,326,0.001,1000,4,4,0.997,0.997
3,32,readout,326,0.002,1000,0,0,0.996,0.9960000000000001
3,32,readout,326,0.002,1000,1,1,0.996,0.9960000000000001
3,32,readout,326,0.002,1000,2,2,0.999,0.9990000000000001
3,32,readout,326,0.002,1000,3,3,0.997,0.997
3,32,readout,326,0.002,1000,4,4,0.996,0.9960000000000001
3,32,readout,326,0.005,1000,0,0,0.982,0.9820000000000001
3,32,readout,326,0.005,1000,1,1,0.988,0.988
3,32,readout,326,0.005,1000,2,2,0.988,0.988
3,32,readout,326,0.005,1000,3,3,0.984,0.984
3,32,readout,326,0.005,1000,4,4,0.987,0.987
3,32,readout,326,0.01,1000,0,0,0.962,0.9620000000000001
3,32,readout,326,0.01,1000,1,1,0.978,0.9779999999999999
3,32,readout,326,0.01,1000,2,2,0.979,0.9789999999999999
3,32,readout,326,0.01,1000,3,3,0.966,0.966
3,32,readout,326,0.01,1000,4,4,0.968,0.968
3,32,readout,326,0.02,1000,0,0,0.939,0.939
3,32,readout,326,0.02,1000,1,1,0.949,0.949
3,32,readout,326,0.02,1000,2,2,0.949,0.949
3,32,readout,326,0.02,1000,3,3,0.938,0.938
3,32,readout,326,0.02,1000,4,4,0.937,0.937
3,32,readout,326,0.05,1000,0,0,0.86,0.86
3,32,readout,326,0.05,1000,1,1,0.861,0.861
3,32,readout,326,0.05,1000,2,2,0.875,0.875
3,32,readout,326,0.05,1000,3,3,0.85,0.8500000000000001
3,32,readout,326,0.05,1000,4,4,0.847,0.847
3,32,readout,326,0.1,1000,0,0,0.738,0.7380000000000001
3,32,readout,326,0.1,1000,1,1,0.734,0.7339999999999999
3,32,readout,326,0.1,1000,2,2,0.735,0.735
3,32,readout,326,0.1,1000,3,3,0.727,0.727
3,32,readout,326,0.1,1000,4,4,0.71,0.7099999999999999
4,1,readout,22,0.0,1000,0,0,1.0,1.0
4,1,readout,22,0.0,1000,1,1,1.0,1.0
4,1,readout,22,0.0,1000,2,2,1.0,1.0
4,1,readout,22,0.0,1000,3,3,1.0,1.0
4,1,readout,22,0.0,1000,4,4,1.0,1.0
4,1,readout,22,0.001,1000,0,0,0.996,0.9960000000000001
4,1,readout,22,0.001,1000,1,1,0.995,0.9949999999999999
4,1,readout,22,0.001,1000,2,2,0.995,0.9949999999999999
4,1,readout,22,0.001,1000,3,3,0.994,0.9939999999999999
4,1,readout,22,0.001,1000,4,4,0.995,0.9949999999999999
4,1,readout,22,0.002,1000,0,0,0.995,0.9949999999999999
4,1,readout,22,0.002,1000,1,1,0.992,0.992
4,1,readout,22,0.002,1000,2,2,0.989,0.989
4,1,readout,22,0.002,1000,3,3,0.988,0.988
4,1,readout,22,0.002,1000,4,4,0.992,0.992
4,1,readout,22,0.005,1000,0,0,0.983,0.983
4,1,readout,22,0.005,1000,1,1,0.983,0.983
4,1,readout,22,0.005,1000,2,2,0.977,0.9770000000000001
4,1,readout,22,0.005,1000,3,3,0.969,0.9689999999999999
4,1,readout,22,0.005,1000,4,4,0.98,0.9800000000000001
4,1,readout,22,0.01,1000,0,0,0.961,0.9609999999999999
4,1,readout,22,0.01,1000,1,1,0.969,0.9689999999999999
4,1,readout,22,0.01,1000,2,2,0.958,0.9580000000000001
4,1,readout,22,0.01,1000,3,3,0.944,0.944
4,1,readout,22,0.01,1000,4,4,0.959,0.9590000000000001
4,1,readout,22,0.02,1000,0,0,0.926,0.9259999999999999
4,1,readout,22,0.02,1000,1,1,0.923,0.9229999999999999
4,1,readout,22,0.02,1000,2,2,0.914,0.9139999999999999
4,1,readout,22,0.02,1000,3,3,0.909,0.909
4,1,readout,22,0.02,1000,4,4,0.918,0.918
4,1,readout,22,0.05,1000,0,0,0.825,0.825
4,1,readout,22,0.05,1000,1,1,0.808,0.808
4,1,readout,22,0.05,1000,2,2,0.833,0.833
4,1,readout,22,0.05,1000,3,3,0.812,0.812
4,1,readout,22,0.05,1000,4,4,0.804,0.8040000000000002
4,1,readout,22,0.1,1000,0,0,0.685,0.685
4,1,readout,22,0.1,1000,1,1,0.645,0.645
4,1,readout,22,0.1,1000,2,2,0.668,0.668
4,1,readout,22,0.1,1000,3,3,0.678,0.678
4,1,readout,22,0.1,1000,4,4,0.66,0.66
4,2,readout,36,0.0,1000,0,0,1.0,1.0
4,2,readout,36,0.0,1000,1,1,1.0,1.0
4,2,readout,36,0.0,1000,2,2,1.0,1.0
4,2,readout,36,0.0,1000,3,3,1.0,1.0
4,2,readout,36,0.0,1000,4,4,1.0,1.0
4,2,readout,36,0.001,1000,0,0,0.996,0.9960000000000001
4,2,readout,36,0.001,1000,1,1,0.995,0.9949999999999999
4,2,readout,36,0.001,1000,2,2,0.995,0.9949999999999999
4,2,readout,36,0.001,1000,3,3,0.994,0.9939999999999999
4,2,readout,36,0.001,1000,4,4,0.995,0.9949999999999999
4,2,readout,36,0.002,1000,0,0,0.995,0.9949999999999999
4,2,readout,36,0.002,1000,1,1,0.992,0.992
4,2,readout,36,0.002,1000,2,2,0.989,0.989
4,2,readout,36,0.002,1000,3,3,0.988,0.988
4,2,readout,36,0.002,1000,4,4,0.992,0.992
4,2,readout,36,0.005,1000,0,0,0.983,0.983
4,2,readout,36,0.005,1000,1,1,0.983,0.983
4,2,readout,36,0.005,1000,2,2,0.977,0.9770000000000001
4,2,readout,36,0.005,1000,3,3,0.969,0.9689999999999999
4,2,readout,36,0.005,1000,4,4,0.98,0.9800000000000001
4,2,readout,36,0.01,1000,0,0,0.961,0.9609999999999999
4,2,readout,36,0.01,1000,1,1,0.969,0.9689999999999999
4,2,readout,36,0.01,1000,2,2,0.958,0.9580000000000001
4,2,readout,36,0.01,1000,3,3,0.944,0.944
4,2,readout,36,0.01,1000,4,4,0.959,0.9590000000000001
4,2,readout,36,0.02,1000,0,0,0.926,0.9259999999999999
4,2,readout,36,0.02,1000,1,1,0.923,0.9229999999999999
4,2,readout,36,0.02,1000,2,2,0.914,0.9139999999999999
4,2,readout,36,0.02,1000,3,3,0.909,0.909
4,2,readout,36,0.02,1000,4,4,0.918,0.918
4,2,readout,36,0.05,1000,0,0,0.825,0.825
4,2,readout,36,0.05,1000,1,1,0.808,0.808
4,2,readout,36,0.05,1000,2,2,0.833,0.833
4,2,readout,36,0.05,1000,3,3,0.812,0.812
4,2,readout,36,0.05,1000,4,4,0.804,0.8040000000000002
4,2,readout,36,0.1,1000,0,0,0.685,0.685
4,2,readout,36,0.1,1000,1,1,0.645,0.645
4,2,readout,36,0.1,1000,2,2,0.668,0.668
4,2,readout,36,0.1,1000,3,3,0.678,0.678
4,2,readout,36,0.1,1000,4,4,0.66,0.66
4,4,readout,64,0.0,1000,0,0,1.0,1.0
4,4,readout,64,0.0,1000,1,1,1.0,1.0
4,4,readout,64,0.0,1000,2,2,1.0,1.0
4,4,readout,64,0.0,1000,3,3,1.0,1.0
4,4,readout,64,0.0,1000,4,4,1.0,1.0
4,4,readout,64,0.001,1000,0,0,0.996,0.9960000000000001
4,4,readout,64,0.001,1000,1,1,0.995,0.9949999999999999
4,4,readout,64,0.001,1000,2,2,0.995,0.9949999999999999
4,4,readout,64,0.001,1000,3,3,0.994,0.9939999999999999
4,4,readout,64,0.001,1000,4,4,0.995,0.9949999999999999
4,4,readout,64,0.002,1000,0,0,0.995,0.9949999999999999
4,4,readout,64,0.002,1000,1,1,0.992,0.992
4,4,readout,64,0.002,1000,2,2,0.989,0.989
4,4,readout,64,0.002,1000,3,3,0.988,0.988
4,4,readout,64,0.002,1000,4,4,0.992,0.992
4,4,readout,64,0.005,1000,0,0,0.983,0.983
4,4,readout,64,0.005,1000,1,1,0.983,0.983
4,4,readout,64,0.005,1000,2,2,0.977,0.9770000000000001
4,4,readout,64,0.005,1000,3,3,0.969,0.9689999999999999
4,4,readout,64,0.005,1000,4,4,0.98,0.9800000000000001
4,4,readout,64,0.01,1000,0,0,0.961,0.9609999999999999
4,4,readout,64,0.01,1000,1,1,0.969,0.9689999999999999
4,4,readout,64,0.01,1000,2,2,0.958,0.9580000000000001
4,4,readout,64,0.01,1000,3,3,0.944,0.944
4,4,readout,64,0.01,1000,4,4,0.959,0.9590000000000001
4,4,readout,64,0.02,1000,0,0,0.926,0.9259999999999999
4,4,readout,64,0.02,1000,1,1,0.923,0.9229999999999999
4,4,readout,64,0.02,1000,2,2,0.914,0.9139999999999999
4,4,readout,64,0.02,1000,3,3,0.909,0.909
4,4,readout,64,0.02,1000,4,4,0.918,0.918
4,4,readout,64,0.05,1000,0,0,0.825,0.825
4,4,readout,64,0.05,1000,1,1,0.808,0.808
4,4,readout,64,0.05,1000,2,2,0.833,0.833
4,4,readout,64,0.05,1000,3,3,0.812,0.812
4,4,readout,64,0.05,1000,4,4,0.804,0.8040000000000002
4,4,readout,64,0.1,1000,0,0,0.685,0.685
4,4,readout,64,0.1,1000,1,1,0.645,0.645
4,4,readout,64,0.1,1000,2,2,0.668,0.668
4,4,readout,64,0.1,1000,3,3,0.678,0.678
4,4,readout,64,0.1,1000,4,4,0.66,0.66
4,8,readout,120,0.0,1000,0,0,1.0,1.0
4,8,readout,120,0.0,1000,1,1,1.0,1.0
4,8,readout,120,0.0,1000,2,2,1.0,1.0
4,8,readout,120,0.0,1000,3,3,1.0,1.0
4,8,readout,120,0.0,1000,4,4,1.0,1.0
4,8,readout,120,0.001,1000,0,0,0.996,0.9960000000000001
4,8,readout,120,0.001,1000,1,1,0.995,0.9949999999999999
4,8,readout,120,0.001,1000,2,2,0.995,0.9949999999999999
4,8,readout,120,0.001,1000,3,3,0.994,0.9939999999999999
4,8,readout,120,0.001,1000,4,4,0.995,0.9949999999999999
4,8,readout,120,0.002,1000,0,0,0.995,0.9949999999999999
4,8,readout,120,0.002,1000,1,1,0.992,0.992
4,8,readout,120,0.002,1000,2,2,0.989,0.989
4,8,readout,120,0.002,1000,3,3,0.988,0.988
4,8,readout,120,0.002,1000,4,4,0.992,0.992
4,8,readout,120,0.005,1000,0,0,0.983,0.983
4,8,readout,120,0.005,1000,1,1,0.983,0.983
4,8,readout,120,0.005,1000,2,2,0.977,0.9770000000000001
4,8,readout,120,0.005,1000,3,3,0.969,0.9689999999999999
4,8,readout,120,0.005,1000,4,4,0.98,0.9800000000000001
4,8,readout,120,0.01,1000,0,0,0.961,0.9609999999999999
4,8,readout,120,0.01,1000,1,1,0.969,0.9689999999999999
4,8,readout,120,0.01,1000,2,2,0.958,0.9580000000000001
4,8,readout,120,0.01,1000,3,3,0.944,0.944
4,8,readout,120,0.01,1000,4,4,0.959,0.9590000000000001
4,8,readout,120,0.02,1000,0,0,0.926,0.9259999999999999
4,8,readout,120,0.02,1000,1,1,0.923,0.9229999999999999
4,8,readout,120,0.02,1000,2,2,0.914,0.9139999999999999
4,8,readout,120,0.02,1000,3,3,0.909,0.909
4,8,readout,120,0.02,1000,4,4,0.918,0.918
4,8,readout,120,0.05,1000,0,0,0.825,0.825
4,8,readout,120,0.05,1000,1,1,0.808,0.808
4,8,readout,120,0.05,1000,2,2,0.833,0.833
4,8,readout,120,0.05,1000,3,3,0.812,0.812
4,8,readout,120,0.05,1000,4,4,0.804,0.8040000000000002
4,8,readout,120,0.1,1000,0,0,0.685,0.685
4,8,readout,120,0.1,1000,1,1,0.645,0.645
4,8,readout,120,0.1,1000,2,2,0.668,0.668
4,8,readout,120,0.1,1000,3,3,0.678,0.678
4,8,readout,120,0.1,1000,4,4,0.66,0.66
4,16,readout,232,0.0,1000,0,0,1.0,1.0
4,16,readout,232,0.0,1000,1,1,1.0,1.0
4,16,readout,232,0.0,1000,2,2,1.0,1.0
4,16,readout,232,0.0,1000,3,3,1.0,1.0
4,16,readout,232,0.0,1000,4,4,1.0,1.0
4,16,readout,232,0.001,1000,0,0,0.996,0.9960000000000001
4,16,readout,232,0.001,1000,1,1,0.995,0.9949999999999999
4,16,readout,232,0.001,1000,2,2,0.995,0.9949999999999999
4,16,readout,232,0.001,1000,3,3,0.994,0.9939999999999999
4,16,readout,232,0.001,1000,4,4,0.995,0.9949999999999999
4,16,readout,232,0.002,1000,0,0,0.995,0.9949999999999999
4,16,readout,232,0.002,1000,1,1,0.992,0.992
4,16,readout,232,0.002,1000,2,2,0.989,0.989
4,16,readout,232,0.002,1000,3,3,0.988,0.988
4,16,readout,232,0.002,1000,4,4,0.992,0.992
4,16,readout,232,0.005,1000,0,0,0.983,0.983
4,16,readout,232,0.005,1000,1,1,0.983,0.983
4,16,readout,232,0.005,1000,2,2,0.977,0.9770000000000001
4,16,readout,232,0.005,1000,3,3,0.969,0.9689999999999999
4,16,readout,232,0.005,1000,4,4,0.98,0.9800000000000001
4,16,readout,232,0.01,1000,0,0,0.961,0.9609999999999999
4,16,readout,232,0.01,1000,1,1,0.969,0.9689999999999999
4,16,readout,232,0.01,1000,2,2,0.958,0.9580000000000001
4,16,readout,232,0.01,1000,3,3,0.944,0.944
4,16,readout,232,0.01,1000,4,4,0.959,0.9590000000000001
4,16,readout,232,0.02,1000,0,0,0.926,0.9259999999999999
4,16,readout,232,0.02,1000,1,1,0.923,0.9229999999999999
4,16,readout,232,0.02,1000,2,2,0.914,0.9139999999999999
4,16,readout,232,0.02,1000,3,3,0.909,0.909
4,16,readout,232,0.02,1000,4,4,0.918,0.918
4,16,readout,232,0.05,1000,0,0,0.825,0.825
4,16,readout,232,0.05,1000,1,1,0.808,0.808
4,16,readout,232,0.05,1000,2,2,0.833,0.833
4,16,readout,232,0.05,1000,3,3,0.812,0.812
4,16,readout,232,0.05,1000,4,4,0.804,0.8040000000000002
4,16,readout,232,0.1,1000,0,0,0.685,0.685
4,16,readout,232,0.1,1000,1,1,0.645,0.645
4,16,readout,232,0.1,1000,2,2,0.668,0.668
4,16,readout,232,0.1,1000,3,3,0.678,0.678
4,16,readout,232,0.1,1000,4,4,0.66,0.66
4,32,readout,456,0.0,1000,0,0,1.0,1.0
4,32,readout,456,0.0,1000,1,1,1.0,1.0
4,32,readout,456,0.0,1000,2,2,1.0,1.0
4,32,readout,456,0.0,1000,3,3,1.0,1.0
4,32,readout,456,0.0,1000,4,4,1.0,1.0
4,32,readout,456,0.001,1000,0,0,0.996,0.9960000000000001
4,32,readout,456,0.001,1000,1,1,0.995,0.9949999999999999
4,32,readout,456,0.001,1000,2,2,0.995,0.9949999999999999
4,32,readout,456,0.001,1000,3,3,0.994,0.9939999999999999
4,32,readout,456,0.001,1000,4,4,0.995,0.9949999999999999
4,32,readout,456,0.002,1000,0,0,0.995,0.9949999999999999
4,32,readout,456,0.002,1000,1,1,0.992,0.992
4,32,readout,456,0.002,1000,2,2,0.989,0.989
4,32,readout,456,0.002,1000,3,3,0.988,0.988
4,32,readout,456,0.002,1000,4,4,0.992,0.992
4,32,readout,456,0.005,1000,0,0,0.983,0.983
4,32,readout,456,0.005,1000,1,1,0.983,0.983
4,32,readout,456,0.005,1000,2,2,0.977,0.9770000000000001
4,32,readout,456,0.005,1000,3,3,0.969,0.9689999999999999
4,32,readout,456,0.005,1000,4,4,0.98,0.9800000000000001
4,32,readout,456,0.01,1000,0,0,0.961,0.9609999999999999
4,32,readout,456,0.01,1000,1,1,0.969,0.9689999999999999
4,32,readout,456,0.01,1000,2,2,0.958,0.9580000000000001
4,32,readout,456,0.01,1000,3,3,0.944,0.944
4,32,readout,456,0.01,1000,4,4,0.959,0.9590000000000001
4,32,readout,456,0.02,1000,0,0,0.926,0.9259999999999999
4,32,readout,456,0.02,1000,1,1,0.923,0.9229999999999999
4,32,readout,456,0.02,1000,2,2,0.914,0.9139999999999999
4,32,readout,456,0.02,1000,3,3,0.909,0.909
4,32,readout,456,0.02,1000,4,4,0.918,0.918
4,32,readout,456,0.05,1000,0,0,0.825,0.825
4,32,readout,456,0.05,1000,1,1,0.808,0.808
4,32,readout,456,0.05,1000,2,2,0.833,0.833
4,32,readout,456,0.05,1000,3,3,0.812,0.812
4,32,readout,456,0.05,1000,4,4,0.804,0.8040000000000002
4,32,readout,456,0.1,1000,0,0,0.685,0.685
4,32,readout,456,0.1,1000,1,1,0.645,0.645
4,32,readout,456,0.1,1000,2,2,0.668,0.668
4,32,readout,456,0.1,1000,3,3,0.678,0.678
4,32,readout,456,0.1,1000,4,4,0.66,0.66
5,1,readout,28,0.0,1000,0,0,1.0,1.0
5,1,readout,28,0.0,1000,1,1,1.0,1.0
5,1,readout,28,0.0,1000,2,2,1.0,1.0
5,1,readout,28,0.0,1000,3,3,1.0,1.0
5,1,readout,28,0.0,1000,4,4,1.0,1.0
5,1,readout,28,0.001,1000,0,0,0.995,0.9949999999999999
5,1,readout,28,0.001,1000,1,1,0.996,0.9960000000000001
5,1,readout,28,0.001,1000,2,2,0.995,0.9949999999999999
5,1,readout,28,0.001,1000,3,3,0.995,0.9949999999999999
5,1,readout,28,0.001,1000,4,4,0.995,0.9949999999999999
5,1,readout,28,0.002,1000,0,0,0.991,0.9909999999999999
5,1,readout,28,0.002,1000,1,1,0.99,0.99
5,1,readout,28,0.002,1000,2,2,0.986,0.986
5,1,readout,28,0.002,1000,3,3,0.987,0.987
5,1,readout,28,0.002,1000,4,4,0.988,0.988
5,1,readout,28,0.005,1000,0,0,0.975,0.975
5,1,readout,28,0.005,1000,1,1,0.976,0.9760000000000001
5,1,readout,28,0.005,1000,2,2,0.973,0.9729999999999999
5,1,readout,28,0.005,1000,3,3,0.97,0.97
5,1,readout,28,0.005,1000,4,4,0.97,0.97
5,1,readout,28,0.01,1000,0,0,0.948,0.9480000000000001
5,1,readout,28,0.01,1000,1,1,0.957,0.9569999999999999
5,1,readout,28,0.01,1000,2,2,0.956,0.9559999999999998
5,1,readout,28,0.01,1000,3,3,0.943,0.943
5,1,readout,28,0.01,1000,4,4,0.935,0.9349999999999999
5,1,readout,28,0.02,1000,0,0,0.907,0.907
5,1,readout,28,0.02,1000,1,1,0.91,0.91
5,1,readout,28,0.02,1000,2,2,0.899,0.899
5,1,readout,28,0.02,1000,3,3,0.894,0.894
5,1,readout,28,0.02,1000,4,4,0.89,0.89
5,1,readout,28,0.05,1000,0,0,0.783,0.783
5,1,readout,28,0.05,1000,1,1,0.786,0.786
5,1,readout,28,0.05,1000,2,2,0.787,0.7869999999999999
5,1,readout,28,0.05,1000,3,3,0.767,0.7670000000000001
5,1,readout,28,0.05,1000,4,4,0.758,0.7580000000000001
5,1,readout,28,0.1,1000,0,0,0.615,0.6150000000000001
5,1,readout,28,0.1,1000,1,1,0.598,0.598
5,1,readout,28,0.1,1000,2,2,0.594,0.5939999999999999
5,1,readout,28,0.1,1000,3,3,0.595,0.595
5,1,readout,28,0.1,1000,4,4,0.594,0.5939999999999999
5,2,readout,46,0.0,1000,0,0,1.0,1.0
5,2,readout,46,0.0,1000,1,1,1.0,1.0
5,2,readout,46,0.0,1000,2,2,1.0,1.0
5,2,readout,46,0.0,1000,3,3,1.0,1.0
5,2,readout,46,0.0,1000,4,4,1.0,1.0
5,2,readout,46,0.001,1000,0,0,0.995,0.9949999999999999
5,2,readout,46,0.001,1000,1,1,0.996,0.9960000000000001
5,2,readout,46,0.001,1000,2,2,0.995,0.9949999999999999
5,2,readout,46,0.001,1000,3,3,0.995,0.9949999999999999
5,2,readout,46,0.001,1000,4,4,0.995,0.9949999999999999
5,2,readout,46,0.002,1000,0,0,0.991,0.9909999999999999
5,2,readout,46,0.002,1000,1,1,0.99,0.99
5,2,readout,46,0.002,1000,2,2,0.986,0.986
5,2,readout,46,0.002,1000,3,3,0.987,0.987
5,2,readout,46,0.002,1000,4,4,0.988,0.988
5,2,readout,46,0.005,1000,0,0,0.975,0.975
5,2,readout,46,0.005,1000,1,1,0.976,0.9760000000000001
5,2,readout,46,0.005,1000,2,2,0.973,0.9729999999999999
5,2,readout,46,0.005,1000,3,3,0.97,0.97
5,2,readout,46,0.005,1000,4,4,0.97,0.97
5,2,readout,46,0.01,1000,0,0,0.948,0.9480000000000001
5,2,readout,46,0.01,1000,1,1,0.957,0.9569999999999999
5,2,readout,46,0.01,1000,2,2,0.956,0.9559999999999998
5,2,readout,46,0.01,1000,3,3,0.943,0.943
5,2,readout,46,0.01,1000,4,4,0.935,0.9349999999999999
5,2,readout,46,0.02,1000,0,0,0.907,0.907
5,2,readout,46,0.02,1000,1,1,0.91,0.91
5,2,readout,46,0.02,1000,2,2,0.899,0.899
5,2,readout,46,0.02,1000,3,3,0.894,0.894
5,2,readout,46,0.02,1000,4,4,0.89,0.89
5,2,readout,46,0.05,1000,0,0,0.783,0.783
5,2,readout,46,0.05,1000,1,1,0.786,0.786
5,2,readout,46,0.05,1000,2,2,0.787,0.7869999999999999
5,2,readout,46,0.05,1000,3,3,0.767,0.7670000000000001
5,2,readout,46,0.05,1000,4,4,0.758,0.7580000000000001
5,2,readout,46,0.1,1000,0,0,0.615,0.6150000000000001
5,2,readout,46,0.1,1000,1,1,0.598,0.598
5,2,readout,46,0.1,1000,2,2,0.594,0.5939999999999999
5,2,readout,46,0.1,1000,3,3,0.595,0.595
5,2,readout,46,0.1,1000,4,4,0.594,0.5939999999999999
5,4,readout,82,0.0,1000,0,0,1.0,1.0
5,4,readout,82,0.0,1000,1,1,1.0,1.0
5,4,readout,82,0.0,1000,2,2,1.0,1.0
5,4,readout,82,0.0,1000,3,3,1.0,1.0
5,4,readout,82,0.0,1000,4,4,1.0,1.0
5,4,readout,82,0.001,1000,0,0,0.995,0.9949999999999999
5,4,readout,82,0.001,1000,1,1,0.996,0.9960000000000001
5,4,readout,82,0.001,1000,2,2,0.995,0.9949999999999999
5,4,readout,82,0.001,1000,3,3,0.995,0.9949999999999999
5,4,readout,82,0.001,1000,4,4,0.995,0.9949999999999999
5,4,readout,82,0.002,1000,0,0,0.991,0.9909999999999999
5,4,readout,82,0.002,1000,1,1,0.99,0.99
5,4,readout,82,0.002,1000,2,2,0.986,0.986
5,4,readout,82,0.002,1000,3,3,0.987,0.987
5,4,readout,82,0.002,1000,4,4,0.988,0.988
5,4,readout,82,0.005,1000,0,0,0.975,0.975
5,4,readout,82,0.005,1000,1,1,0.976,0.9760000000000001
5,4,readout,82,0.005,1000,2,2,0.973,0.9729999999999999
5,4,readout,82,0.005,1000,3,3,0.97,0.97
5,4,readout,82,0.005,1000,4,4,0.97,0.97
5,4,readout,82,0.01,1000,0,0,0.948,0.9480000000000001
5,4,readout,82,0.01,1000,1,1,0.957,0.9569999999999999
5,4,readout,82,0.01,1000,2,2,0.956,0.9559999999999998
5,4,readout,82,0.01,1000,3,3,0.943,0.943
5,4,readout,82,0.01,1000,4,4,0.935,0.9349999999999999
5,4,readout,82,0.02,1000,0,0,0.907,0.907
5,4,readout,82,0.02,1000,1,1,0.91,0.91
5,4,readout,82,0.02,1000,2,2,0.899,0.899
5,4,readout,82,0.02,1000,3,3,0.894,0.894
5,4,readout,82,0.02,1000,4,4,0.89,0.89
5,4,readout,82,0.05,1000,0,0,0.783,0.783
5,4,readout,82,0.05,1000,1,1,0.786,0.786
5,4,readout,82,0.05,1000,2,2,0.787,0.7869999999999999
5,4,readout,82,0.05,1000,3,3,0.767,0.7670000000000001
5,4,readout,82,0.05,1000,4,4,0.758,0.7580000000000001
5,4,readout,82,0.1,1000,0,0,0.615,0.6150000000000001
5,4,readout,82,0.1,1000,1,1,0.598,0.598
5,4,readout,82,0.1,1000,2,2,0.594,0.5939999999999999
5,4,readout,82,0.1,1000,3,3,0.595,0.595
5,4,readout,82,0.1,1000,4,4,0.594,0.5939999999999999
5,8,readout,154,0.0,1000,0,0,1.0,1.0
5,8,readout,154,0.0,1000,1,1,1.0,1.0
5,8,readout,154,0.0,1000,2,2,1.0,1.0
5,8,readout,154,0.0,1000,3,3,1.0,1.0
5,8,readout,154,0.0,1000,4,4,1.0,1.0
5,8,readout,154,0.001,1000,0,0,0.995,0.9949999999999999
5,8,readout,154,0.001,1000,1,1,0.996,0.9960000000000001
5,8,readout,154,0.001,1000,2,2,0.995,0.9949999999999999
5,8,readout,154,0.001,1000,3,3,0.995,0.9949999999999999
5,8,readout,154,0.001,1000,4,4,0.995,0.9949999999999999
5,8,readout,154,0.002,1000,0,0,0.991,0.9909999999999999
5,8,readout,154,0.002,1000,1,1,0.99,0.99
5,8,readout,154,0.002,1000,2,2,0.986,0.986
5,8,readout,154,0.002,1000,3,3,0.987,0.987
5,8,readout,154,0.002,1000,4,4,0.988,0.988
5,8,readout,154,0.005,1000,0,0,0.975,0.975
5,8,readout,154,0.005,1000,1,1,0.976,0.9760000000000001
5,8,readout,154,0.005,1000,2,2,0.973,0.9729999999999999
5,8,readout,154,0.005,1000,3,3,0.97,0.97
5,8,readout,154,0.005,1000,4,4,0.97,0.97
5,8,readout,154,0.01,1000,0,0,0.948,0.9480000000000001
5,8,readout,154,0.01,1000,1,1,0.957,0.9569999999999999
5,8,readout,154,0.01,1000,2,2,0.956,0.9559999999999998
5,8,readout,154,0.01,1000,3,3,0.943,0.943
5,8,readout,154,0.01,1000,4,4,0.935,0.9349999999999999
5,8,readout,154,0.02,1000,0,0,0.907,0.907
5,8,readout,154,0.02,1000,1,1,0.91,0.91
5,8,readout,154,0.02,1000,2,2,0.899,0.899
5,8,readout,154,0.02,1000,3,3,0.894,0.894
5,8,readout,154,0.02,1000,4,4,0.89,0.89
5,8,readout,154,0.05,1000,0,0,0.783,0.783
5,8,readout,154,0.05,1000,1,1,0.786,0.786
5,8,readout,154,0.05,1000,2,2,0.787,0.7869999999999999
5,8,readout,154,0.05,1000,3,3,0.767,0.7670000000000001
5,8,readout,154,0.05,1000,4,4,0.758,0.7580000000000001
5,8,readout,154,0.1,1000,0,0,0.615,0.6150000000000001
5,8,readout,154,0.1,1000,1,1,0.598,0.598
5,8,readout,154,0.1,1000,2,2,0.594,0.5939999999999999
5,8,readout,154,0.1,1000,3,3,0.595,0.595
5,8,readout,154,0.1,1000,4,4,0.594,0.5939999999999999
5,16,readout,298,0.0,1000,0,0,1.0,1.0
5,16,readout,298,0.0,1000,1,1,1.0,1.0
5,16,readout,298,0.0,1000,2,2,1.0,1.0
5,16,readout,298,0.0,1000,3,3,1.0,1.0
5,16,readout,298,0.0,1000,4,4,1.0,1.0
5,16,readout,298,0.001,1000,0,0,0.995,0.9949999999999999
5,16,readout,298,0.001,1000,1,1,0.996,0.9960000000000001
5,16,readout,298,0.001,1000,2,2,0.995,0.9949999999999999
5,16,readout,298,0.001,1000,3,3,0.995,0.9949999999999999
5,16,readout,298,0.001,1000,4,4,0.995,0.9949999999999999
5,16,readout,298,0.002,1000,0,0,0.991,0.9909999999999999
5,16,readout,298,0.002,1000,1,1,0.99,0.99
5,16,readout,298,0.002,1000,2,2,0.986,0.986
5,16,readout,298,0.002,1000,3,3,0.987,0.987
5,16,readout,298,0.002,1000,4,4,0.988,0.988
5,16,readout,298,0.005,1000,0,0,0.975,0.975
5,16,readout,298,0.005,1000,1,1,0.976,0.9760000000000001
5,16,readout,298,0.005,1000,2,2,0.973,0.9729999999999999
5,16,readout,298,0.005,1000,3,3,0.97,0.97
5,16,readout,298,0.005,1000,4,4,0.97,0.97
5,16,readout,298,0.01,1000,0,0,0.948,0.9480000000000001
5,16,readout,298,0.01,1000,1,1,0.957,0.9569999999999999
5,16,readout,298,0.01,1000,2,2,0.956,0.9559999999999998
5,16,readout,298,0.01,1000,3,3,0.943,0.943
5,16,readout,298,0.01,1000,4,4,0.935,0.9349999999999999
5,16,readout,298,0.02,1000,0,0,0.907,0.907
5,16,readout,298,0.02,1000,1,1,0.91,0.91
5,16,readout,298,0.02,1000,2,2,0.899,0.899
5,16,readout,298,0.02,1000,3,3,0.894,0.894
5,16,readout,298,0.02,1000,4,4,0.89,0.89
5,16,readout,298,0.05,1000,0,0,0.783,0.783
5,16,readout,298,0.05,1000,1,1,0.786,0.786
5,16,readout,298,0.05,1000,2,2,0.787,0.7869999999999999
5,16,readout,298,0.05,1000,3,3,0.767,0.7670000000000001
5,16,readout,298,0.05,1000,4,4,0.758,0.7580000000000001
5,16,readout,298,0.1,1000,0,0,0.615,0.6150000000000001
5,16,readout,298,0.1,1000,1,1,0.598,0.598
5,16,readout,298,0.1,1000,2,2,0.594,0.5939999999999999
5,16,readout,298,0.1,1000,3,3,0.595,0.595
5,16,readout,298,0.1,1000,4,4,0.594,0.5939999999999999
5,32,readout,586,0.0,1000,0,0,1.0,1.0
5,32,readout,586,0.0,1000,1,1,1.0,1.0
5,32,readout,586,0.0,1000,2,2,1.0,1.0
5,32,readout,586,0.0,1000,3,3,1.0,1.0
5,32,readout,586,0.0,1000,4,4,1.0,1.0
5,32,readout,586,0.001,1000,0,0,0.995,0.9949999999999999
5,32,readout,586,0.001,1000,1,1,0.996,0.9960000000000001
5,32,readout,586,0.001,1000,2,2,0.995,0.9949999999999999
5,32,readout,586,0.001,1000,3,3,0.995,0.9949999999999999
5,32,readout,586,0.001,1000,4,4,0.995,0.9949999999999999
5,32,readout,586,0.002,1000,0,0,0.991,0.9909999999999999
5,32,readout,586,0.002,1000,1,1,0.99,0.99
5,32,readout,586,0.002,1000,2,2,0.986,0.986
5,32,readout,586,0.002,1000,3,3,0.987,0.987
5,32,readout,586,0.002,1000,4,4,0.988,0.988
5,32,readout,586,0.005,1000,0,0,0.975,0.975
5,32,readout,586,0.005,1000,1,1,0.976,0.9760000000000001
5,32,readout,586,0.005,1000,2,2,0.973,0.9729999999999999
5,32,readout,586,0.005,1000,3,3,0.97,0.97
5,32,readout,586,0.005,1000,4,4,0.97,0.97
5,32,readout,586,0.01,1000,0,0,0.948,0.9480000000000001
5,32,readout,586,0.01,1000,1,1,0.957,0.9569999999999999
5,32,readout,586,0.01,1000,2,2,0.956,0.9559999999999998
5,32,readout,586,0.01,1000,3,3,0.943,0.943
5,32,readout,586,0.01,1000,4,4,0.935,0.9349999999999999
5,32,readout,586,0.02,1000,0,0,0.907,0.907
5,32,readout,586,0.02,1000,1,1,0.91,0.91
5,32,readout,586,0.02,1000,2,2,0.899,0.899
5,32,readout,586,0.02,1000,3,3,0.894,0.894
5,32,readout,586,0.02,1000,4,4,0.89,0.89
5,32,readout,586,0.05,1000,0,0,0.783,0.783
5,32,readout,586,0.05,1000,1,1,0.786,0.786
5,32,readout,586,0.05,1000,2,2,0.787,0.7869999999999999
5,32,readout,586,0.05,1000,3,3,0.767,0.7670000000000001
5,32,readout,586,0.05,1000,4,4,0.758,0.7580000000000001
5,32,readout,586,0.1,1000,0,0,0.615,0.6150000000000001
5,32,readout,586,0.1,1000,1,1,0.598,0.598
5,32,readout,586,0.1,1000,2,2,0.594,0.5939999999999999
5,32,readout,586,0.1,1000,3,3,0.595,0.595
5,32,readout,586,0.1,1000,4,4,0.594,0.5939999999999999
6,1,readout,34,0.0,1000,0,0,1.0,1.0
6,1,readout,34,0.0,1000,1,1,1.0,1.0
6,1,readout,34,0.0,1000,2,2,1.0,1.0
6,1,readout,34,0.0,1000,3,3,1.0,1.0
6,1,readout,34,0.0,1000,4,4,1.0,1.0
6,1,readout,34,0.001,1000,0,0,0.992,0.992
6,1,readout,34,0.001,1000,1,1,0.996,0.9960000000000001
6,1,readout,34,0.001,1000,2,2,0.993,0.993
6,1,readout,34,0.001,1000,3,3,0.995,0.9949999999999999
6,1,readout,34,0.001,1000,4,4,0.994,0.9939999999999999
6,1,readout,34,0.002,1000,0,0,0.985,0.9850000000000001
6,1,readout,34,0.002,1000,1,1,0.989,0.989
6,1,readout,34,0.002,1000,2,2,0.983,0.983
6,1,readout,34,0.002,1000,3,3,0.987,0.987
6,1,readout,34,0.002,1000,4,4,0.987,0.987
6,1,readout,34,0.005,1000,0,0,0.965,0.965
6,1,readout,34,0.005,1000,1,1,0.97,0.97
6,1,readout,34,0.005,1000,2,2,0.967,0.9670000000000001
6,1,readout,34,0.005,1000,3,3,0.967,0.9670000000000001
6,1,readout,34,0.005,1000,4,4,0.959,0.9590000000000001
6,1,readout,34,0.01,1000,0,0,0.937,0.937
6,1,readout,34,0.01,1000,1,1,0.942,0.942
6,1,readout,34,0.01,1000,2,2,0.939,0.939
6,1,readout,34,0.01,1000,3,3,0.94,0.94
6,1,readout,34,0.01,1000,4,4,0.92,0.92
6,1,readout,34,0.02,1000,0,0,0.885,0.8849999999999999
6,1,readout,34,0.02,1000,1,1,0.885,0.8849999999999999
6,1,readout,34,0.02,1000,2,2,0.874,0.8739999999999999
6,1,readout,34,0.02,1000,3,3,0.888,0.8879999999999999
6,1,readout,34,0.02,1000,4,4,0.88,0.8800000000000001
6,1,readout,34,0.05,1000,0,0,0.754,0.7540000000000001
6,1,readout,34,0.05,1000,1,1,0.734,0.7339999999999999
6,1,readout,34,0.05,1000,2,2,0.733,0.733
6,1,readout,34,0.05,1000,3,3,0.721,0.721
6,1,readout,34,0.05,1000,4,4,0.736,0.736
6,1,readout,34,0.1,1000,0,0,0.563,0.563
6,1,readout,34,0.1,1000,1,1,0.532,0.532
6,1,readout,34,0.1,1000,2,2,0.524,0.5240000000000001
6,1,readout,34,0.1,1000,3,3,0.541,0.5409999999999999
6,1,readout,34,0.1,1000,4,4,0.554,0.554
6,2,readout,56,0.0,1000,0,0,1.0,1.0
6,2,readout,56,0.0,1000,1,1,1.0,1.0
6,2,readout,56,0.0,1000,2,2,1.0,1.0
6,2,readout,56,0.0,1000,3,3,1.0,1.0
6,2,readout,56,0.0,1000,4,4,1.0,1.0
6,2,readout,56,0.001,1000,0,0,0.992,0.992
6,2,readout,56,0.001,1000,1,1,0.996,0.9960000000000001
6,2,readout,56,0.001,1000,2,2,0.993,0.993
6,2,readout,56,0.001,1000,3,3,0.995,0.9949999999999999
6,2,readout,56,0.001,1000,4,4,0.994,0.9939999999999999
6,2,readout,56,0.002,1000,0,0,0.985,0.9850000000000001
6,2,readout,56,0.002,1000,1,1,0.989,0.989
6,2,readout,56,0.002,1000,2,2,0.983,0.983
6,2,readout,56,0.002,1000,3,3,0.987,0.987
6,2,readout,56,0.002,1000,4,4,0.987,0.987
6,2,readout,56,0.005,1000,0,0,0.965,0.965
6,2,readout,56,0.005,1000,1,1,0.97,0.97
6,2,readout,56,0.005,1000,2,2,0.967,0.9670000000000001
6,2,readout,56,0.005,1000,3,3,0.967,0.9670000000000001
6,2,readout,56,0.005,1000,4,4,0.959,0.9590000000000001
6,2,readout,56,0.01,1000,0,0,0.937,0.937
6,2,readout,56,0.01,1000,1,1,0.942,0.942
6,2,readout,56,0.01,1000,2,2,0.939,0.939
6,2,readout,56,0.01,1000,3,3,0.94,0.94
6,2,readout,56,0.01,1000,4,4,0.92,0.92
6,2,readout,56,0.02,1000,0,0,0.885,0.8849999999999999
6,2,readout,56,0.02,1000,1,1,0.885,0.8849999999999999
6,2,readout,56,0.02,1000,2,2,0.874,0.8739999999999999
6,2,readout,56,0.02,1000,3,3,0.888,0.8879999999999999
6,2,readout,56,0.02,1000,4,4,0.88,0.8800000000000001
6,2,readout,56,0.05,1000,0,0,0.754,0.7540000000000001
6,2,readout,56,0.05,1000,1,1,0.734,0.7339999999999999
6,2,readout,56,0.05,1000,2,2,0.733,0.733
6,2,readout,56,0.05,1000,3,3,0.721,0.721
6,2,readout,56,0.05,1000,4,4,0.736,0.736
6,2,readout,56,0.1,1000,0,0,0.563,0.563
6,2,readout,56,0.1,1000,1,1,0.532,0.532
6,2,readout,56,0.1,1000,2,2,0.524,0.5240000000000001
6,2,readout,56,0.1,1000,3,3,0.541,0.5409999999999999
6,2,readout,56,0.1,1000,4,4,0.554,0.554
6,4,readout,100,0.0,1000,0,0,1.0,1.0
6,4,readout,100,0.0,1000,1,1,1.0,1.0
6,4,readout,100,0.0,1000,2,2,1.0,1.0
6,4,readout,100,0.0,1000,3,3,1.0,1.0
6,4,readout,100,0.0,1000,4,4,1.0,1.0
6,4,readout,100,0.001,1000,0,0,0.992,0.992
6,4,readout,100,0.001,1000,1,1,0.996,0.9960000000000001
6,4,readout,100,0.001,1000,2,2,0.993,0.993
6,4,readout,100,0.001,1000,3,3,0.995,0.9949999999999999
6,4,readout,100,0.001,1000,4,4,0.994,0.9939999999999999
6,4,readout,100,0.002,1000,0,0,0.985,0.9850000000000001
6,4,readout,100,0.002,1000,1,1,0.989,0.989
6,4,readout,100,0.002,1000,2,2,0.983,0.983
6,4,readout,100,0.002,1000,3,3,0.987,0.987
6,4,readout,100,0.002,1000,4,4,0.987,0.987
6,4,readout,100,0.005,1000,0,0,0.965,0.965
6,4,readout,100,0.005,1000,1,1,0.97,0.97
6,4,readout,100,0.005,1000,2,2,0.967,0.9670000000000001
6,4,readout,100,0.005,1000,3,3,0.967,0.9670000000000001
6,4,readout,100,0.005,1000,4,4,0.959,0.9590000000000001
6,4,readout,100,0.01,1000,0,0,0.937,0.937
6,4,readout,100,0.01,1000,1,1,0.942,0.942
6,4,readout,100,0.01,1000,2,2,0.939,0.939
6,4,readout,100,0.01,1000,3,3,0.94,0.94
6,4,readout,100,0.01,1000,4,4,0.92,0.92
6,4,readout,100,0.02,1000,0,0,0.885,0.8849999999999999
6,4,readout,100,0.02,1000,1,1,0.885,0.8849999999999999
6,4,readout,100,0.02,1000,2,2,0.874,0.8739999999999999
6,4,readout,100,0.02,1000,3,3,0.888,0.8879999999999999
6,4,readout,100,0.02,1000,4,4,0.88,0.8800000000000001
6,4,readout,100,0.05,1000,0,0,0.754,0.7540000000000001
6,4,readout,100,0.05,1000,1,1,0.734,0.7339999999999999
6,4,readout,100,0.05,1000,2,2,0.733,0.733
6,4,readout,100,0.05,1000,3,3,0.721,0.721
6,4,readout,100,0.05,1000,4,4,0.736,0.736
6,4,readout,100,0.1,1000,0,0,0.563,0.563
6,4,readout,100,0.1,1000,1,1,0.532,0.532
6,4,readout,100,0.1,1000,2,2,0.524,0.5240000000000001
6,4,readout,100,0.1,1000,3,3,0.541,0.5409999999999999
6,4,readout,100,0.1,1000,4,4,0.554,0.554
6,8,readout,188,0.0,1000,0,0,1.0,1.0
6,8,readout,188,0.0,1000,1,1,1.0,1.0
6,8,readout,188,0.0,1000,2,2,1.0,1.0
6,8,readout,188,0.0,1000,3,3,1.0,1.0
6,8,readout,188,0.0,1000,4,4,1.0,1.0
6,8,readout,188,0.001,1000,0,0,0.992,0.992
6,8,readout,188,0.001,1000,1,1,0.996,0.9960000000000001
6,8,readout,188,0.001,1000,2,2,0.993,0.993
6,8,readout,188,0.001,1000,3,3,0.995,0.9949999999999999
6,8,readout,188,0.001,1000,4,4,0.994,0.9939999999999999
6,8,readout,188,0.002,1000,0,0,0.985,0.9850000000000001
6,8,readout,188,0.002,1000,1,1,0.989,0.989
6,8,readout,188,0.002,1000,2,2,0.983,0.983
6,8,readout,188,0.002,1000,3,3,0.987,0.987
6,8,readout,188,0.002,1000,4,4,0.987,0.987
6,8,readout,188,0.005,1000,0,0,0.965,0.965
6,8,readout,188,0.005,1000,1,1,0.97,0.97
6,8,readout,188,0.005,1000,2,2,0.967,0.9670000000000001
6,8,readout,188,0.005,1000,3,3,0.967,0.9670000000000001
6,8,readout,188,0.005,1000,4,4,0.959,0.9590000000000001
6,8,readout,188,0.01,1000,0,0,0.937,0.937
6,8,readout,188,0.01,1000,1,1,0.942,0.942
6,8,readout,188,0.01,1000,2,2,0.939,0.939
6,8,readout,188,0.01,1000,3,3,0.94,0.94
6,8,readout,188,0.01,1000,4,4,0.92,0.92
6,8,readout,188,0.02,1000,0,0,0.885,0.8849999999999999
6,8,readout,188,0.02,1000,1,1,0.885,0.8849999999999999
6,8,readout,188,0.02,1000,2,2,0.874,0.8739999999999999
6,8,readout,188,0.02,1000,3,3,0.888,0.8879999999999999
6,8,readout,188,0.02,1000,4,4,0.88,0.8800000000000001
6,8,readout,188,0.05,1000,0,0,0.754,0.7540000000000001
6,8,readout,188,0.05,1000,1,1,0.734,0.7339999999999999
6,8,readout,188,0.05,1000,2,2,0.733,0.733
6,8,readout,188,0.05,1000,3,3,0.721,0.721
6,8,readout,188,0.05,1000,4,4,0.736,0.736
6,8,readout,188,0.1,1000,0,0,0.563,0.563
6,8,readout,188,0.1,1000,1,1,0.532,0.532
6,8,readout,188,0.1,1000,2,2,0.524,0.5240000000000001
6,8,readout,188,0.1,1000,3,3,0.541,0.5409999999999999
6,8,readout,188,0.1,1000,4,4,0.554,0.554
6,16,readout,364,0.0,1000,0,0,1.0,1.0
6,16,readout,364,0.0,1000,1,1,1.0,1.0
6,16,readout,364,0.0,1000,2,2,1.0,1.0
6,16,readout,364,0.0,1000,3,3,1.0,1.0
6,16,readout,364,0.0,1000,4,4,1.0,1.0
6,16,readout,364,0.001,1000,0,0,0.992,0.992
6,16,readout,364,0.001,1000,1,1,0.996,0.9960000000000001
6,16,readout,364,0.001,1000,2,2,0.993,0.993
6,16,readout,364,0.001,1000,3,3,0.995,0.9949999999999999
6,16,readout,364,0.001,1000,4,4,0.994,0.9939999999999999
6,16,readout,364,0.002,1000,0,0,0.985,0.9850000000000001
6,16,readout,364,0.002,1000,1,1,0.989,0.989
6,16,readout,364,0.002,1000,2,2,0.983,0.983
6,16,readout,364,0.002,1000,3,3,0.987,0.987
6,16,readout,364,0.002,1000,4,4,0.987,0.987
6,16,readout,364,0.005,1000,0,0,0.965,0.965
6,16,readout,364,0.005,1000,1,1,0.97,0.97
6,16,readout,364,0.005,1000,2,2,0.967,0.9670000000000001
6,16,readout,364,0.005,1000,3,3,0.967,0.9670000000000001
6,16,readout,364,0.005,1000,4,4,0.959,0.9590000000000001
6,16,readout,364,0.01,1000,0,0,0.937,0.937
6,16,readout,364,0.01,1000,1,1,0.942,0.942
6,16,readout,364,0.01,1000,2,2,0.939,0.939
6,16,readout,364,0.01,1000,3,3,0.94,0.94
6,16,readout,364,0.01,1000,4,4,0.92,0.92
6,16,readout,364,0.02,1000,0,0,0.885,0.8849999999999999
6,16,readout,364,0.02,1000,1,1,0.885,0.8849999999999999
6,16,readout,364,0.02,1000,2,2,0.874,0.8739999999999999
6,16,readout,364,0.02,1000,3,3,0.888,0.8879999999999999
6,16,readout,364,0.02,1000,4,4,0.88,0.8800000000000001
6,16,readout,364,0.05,1000,0,0,0.754,0.7540000000000001
6,16,readout,364,0.05,1000,1,1,0.734,0.7339999999999999
6,16,readout,364,0.05,1000,2,2,0.733,0.733
6,16,readout,364,0.05,1000,3,3,0.721,0.721
6,16,readout,364,0.05,1000,4,4,0.736,0.736
6,16,readout,364,0.1,1000,0,0,0.563,0.563
6,16,readout,364,0.1,1000,1,1,0.532,0.532
6,16,readout,364,0.1,1000,2,2,0.524,0.5240000000000001
6,16,readout,364,0.1,1000,3,3,0.541,0.5409999999999999
6,16,readout,364,0.1,1000,4,4,0.554,0.554
6,32,readout,716,0.0,1000,0,0,1.0,1.0
6,32,readout,716,0.0,1000,1,1,1.0,1.0
6,32,readout,716,0.0,1000,2,2,1.0,1.0
6,32,readout,716,0.0,1000,3,3,1.0,1.0
6,32,readout,716,0.0,1000,4,4,1.0,1.0
6,32,readout,716,0.001,1000,0,0,0.992,0.992
6,32,readout,716,0.001,1000,1,1,0.996,0.9960000000000001
6,32,readout,716,0.001,1000,2,2,0.993,0.993
6,32,readout,716,0.001,1000,3,3,0.995,0.9949999999999999
6,32,readout,716,0.001,1000,4,4,0.994,0.9939999999999999
6,32,readout,716,0.002,1000,0,0,0.985,0.9850000000000001
6,32,readout,716,0.002,1000,1,1,0.989,0.989
6,32,readout,716,0.002,1000,2,2,0.983,0.983
6,32,readout,716,0.002,1000,3,3,0.987,0.987
6,32,readout,716,0.002,1000,4,4,0.987,0.987
6,32,readout,716,0.005,1000,0,0,0.965,0.965
6,32,readout,716,0.005,1000,1,1,0.97,0.97
6,32,readout,716,0.005,1000,2,2,0.967,0.9670000000000001
6,32,readout,716,0.005,1000,3,3,0.967,0.9670000000000001
6,32,readout,716,0.005,1000,4,4,0.959,0.9590000000000001
6,32,readout,716,0.01,1000,0,0,0.937,0.937
6,32,readout,716,0.01,1000,1,1,0.942,0.942
6,32,readout,716,0.01,1000,2,2,0.939,0.939
6,32,readout,716,0.01,1000,3,3,0.94,0.94
6,32,readout,716,0.01,1000,4,4,0.92,0.92
6,32,readout,716,0.02,1000,0,0,0.885,0.8849999999999999
6,32,readout,716,0.02,1000,1,1,0.885,0.8849999999999999
6,32,readout,716,0.02,1000,2,2,0.874,0.8739999999999999
6,32,readout,716,0.02,1000,3,3,0.888,0.8879999999999999
6,32,readout,716,0.02,1000,4,4,0.88,0.8800000000000001
6,32,readout,716,0.05,1000,0,0,0.754,0.7540000000000001
6,32,readout,716,0.05,1000,1,1,0.734,0.7339999999999999
6,32,readout,716,0.05,1000,2,2,0.733,0.733
6,32,readout,716,0.05,1000,3,3,0.721,0.721
6,32,readout,716,0.05,1000,4,4,0.736,0.736
6,32,readout,716,0.1,1000,0,0,0.563,0.563
6,32,readout,716,0.1,1000,1,1,0.532,0.532
6,32,readout,716,0.1,1000,2,2,0.524,0.5240000000000001
6,32,readout,716,0.1,1000,3,3,0.541,0.5409999999999999
6,32,readout,716,0.1,1000,4,4,0.554,0.554
2,1,thermal,10,0.0,1000,0,0,1.0,1.0
2,1,thermal,10,0.0,1000,1,1,1.0,1.0
2,1,thermal,10,0.0,1000,2,2,1.0,1.0
2,1,thermal,10,0.0,1000,3,3,1.0,1.0
2,1,thermal,10,0.0,1000,4,4,1.0,1.0
2,1,thermal,10,0.001,1000,0,0,1.0,1.0
2,1,thermal,10,0.001,1000,1,1,1.0,1.0
2,1,thermal,10,0.001,1000,2,2,1.0,1.0
2,1,thermal,10,0.001,1000,3,3,1.0,1.0
2,1,thermal,10,0.001,1000,4,4,1.0,1.0
2,1,thermal,10,0.002,1000,0,0,1.0,1.0
2,1,thermal,10,0.002,1000,1,1,1.0,1.0
2,1,thermal,10,0.002,1000,2,2,1.0,1.0
2,1,thermal,10,0.002,1000,3,3,1.0,1.0
2,1,thermal,10,0.002,1000,4,4,1.0,1.0
2,1,thermal,10,0.005,1000,0,0,0.999,0.9990000000000001
2,1,thermal,10,0.005,1000,1,1,1.0,1.0
2,1,thermal,10,0.005,1000,2,2,1.0,1.0
2,1,thermal,10,0.005,1000,3,3,1.0,1.0
2,1,thermal,10,0.005,1000,4,4,1.0,1.0
2,1,thermal,10,0.01,1000,0,0,0.999,0.9990000000000001
2,1,thermal,10,0.01,1000,1,1,0.999,0.9990000000000001
2,1,thermal,10,0.01,1000,2,2,1.0,1.0
2,1,thermal,10,0.01,1000,3,3,1.0,1.0
2,1,thermal,10,0.01,1000,4,4,1.0,1.0
2,1,thermal,10,0.02,1000,0,0,0.999,0.9990000000000001
2,1,thermal,10,0.02,1000,1,1,0.998,0.9980000000000001
2,1,thermal,10,0.02,1000,2,2,0.999,0.9990000000000001
2,1,thermal,10,0.02,1000,3,3,1.0,1.0
2,1,thermal,10,0.02,1000,4,4,0.998,0.9980000000000001
2,1,thermal,10,0.05,1000,0,0,0.999,0.9990000000000001
2,1,thermal,10,0.05,1000,1,1,0.996,0.9960000000000001
2,1,thermal,10,0.05,1000,2,2,0.995,0.9949999999999999
2,1,thermal,10,0.05,1000,3,3,0.998,0.9980000000000001
2,1,thermal,10,0.05,1000,4,4,0.997,0.997
2,1,thermal,10,0.1,1000,0,0,0.994,0.9939999999999999
2,1,thermal,10,0.1,1000,1,1,0.995,0.9949999999999999
2,1,thermal,10,0.1,1000,2,2,0.994,0.9939999999999999
2,1,thermal,10,0.1,1000,3,3,0.996,0.9960000000000001
2,1,thermal,10,0.1,1000,4,4,0.996,0.9960000000000001
2,2,thermal,16,0.0,1000,0,0,1.0,1.0
2,2,thermal,16,0.0,1000,1,1,1.0,1.0
2,2,thermal,16,0.0,1000,2,2,1.0,1.0
2,2,thermal,16,0.0,1000,3,3,1.0,1.0
2,2,thermal,16,0.0,1000,4,4,1.0,1.0
2,2,thermal,16,0.001,1000,0,0,1.0,1.0
2,2,thermal,16,0.001,1000,1,1,1.0,1.0
2,2,thermal,16,0.001,1000,2,2,1.0,1.0
2,2,thermal,16,0.001,1000,3,3,1.0,1.0
2,2,thermal,16,0.001,1000,4,4,1.0,1.0
2,2,thermal,16,0.002,1000,0,0,1.0,1.0
2,2,thermal,16,0.002,1000,1,1,1.0,1.0
2,2,thermal,16,0.002,1000,2,2,1.0,1.0
2,2,thermal,16,0.002,1000,3,3,1.0,1.0
2,2,thermal,16,0.002,1000,4,4,1.0,1.0
2,2,thermal,16,0.005,1000,0,0,0.999,0.9990000000000001
2,2,thermal,16,0.005,1000,1,1,1.0,1.0
2,2,thermal,16,0.005,1000,2,2,1.0,1.0
2,2,thermal,16,0.005,1000,3,3,1.0,1.0
2,2,thermal,16,0.005,1000,4,4,1.0,1.0
2,2,thermal,16,0.01,1000,0,0,0.999,0.9990000000000001
2,2,thermal,16,0.01,1000,1,1,0.999,0.9990000000000001
2,2,thermal,16,0.01,1000,2,2,1.0,1.0
2,2,thermal,16,0.01,1000,3,3,1.0,1.0
2,2,thermal,16,0.01,1000,4,4,1.0,1.0
2,2,thermal,16,0.02,1000,0,0,0.999,0.9990000000000001
2,2,thermal,16,0.02,1000,1,1,0.998,0.9980000000000001
2,2,thermal,16,0.02,1000,2,2,0.999,0.9990000000000001
2,2,thermal,16,0.02,1000,3,3,1.0,1.0
2,2,thermal,16,0.02,1000,4,4,0.998,0.9980000000000001
2,2,thermal,16,0.05,1000,0,0,0.996,0.9960000000000001
2,2,thermal,16,0.05,1000,1,1,0.996,0.9960000000000001
2,2,thermal,16,0.05,1000,2,2,0.995,0.9949999999999999
2,2,thermal,16,0.05,1000,3,3,0.997,0.997
2,2,thermal,16,0.05,1000,4,4,0.997,0.997
2,2,thermal,16,0.1,1000,0,0,0.991,0.9909999999999999
2,2,thermal,16,0.1,1000,1,1,0.992,0.992
2,2,thermal,16,0.1,1000,2,2,0.99,0.99
2,2,thermal,16,0.1,1000,3,3,0.996,0.9960000000000001
2,2,thermal,16,0.1,1000,4,4,0.995,0.9949999999999999
2,4,thermal,28,0.0,1000,0,0,1.0,1.0
2,4,thermal,28,0.0,1000,1,1,1.0,1.0
2,4,thermal,28,0.0,1000,2,2,1.0,1.0
2,4,thermal,28,0.0,1000,3,3,1.0,1.0
2,4,thermal,28,0.0,1000,4,4,1.0,1.0
2,4,thermal,28,0.001,1000,0,0,1.0,1.0
2,4,thermal,28,0.001,1000,1,1,1.0,1.0
2,4,thermal,28,0.001,1000,2,2,1.0,1.0
2,4,thermal,28,0.001,1000,3,3,1.0,1.0
2,4,thermal,28,0.001,1000,4,4,1.0,1.0
2,4,thermal,28,0.002,1000,0,0,0.999,0.9990000000000001
2,4,thermal,28,0.002,1000,1,1,1.0,1.0
2,4,thermal,28,0.002,1000,2,2,1.0,1.0
2,4,thermal,28,0.002,1000,3,3,1.0,1.0
2,4,thermal,28,0.002,1000,4,4,1.0,1.0
2,4,thermal,28,0.005,1000,0,0,0.999,0.9990000000000001
2,4,thermal,28,0.005,1000,1,1,0.999,0.9990000000000001
2,4,thermal,28,0.005,1000,2,2,1.0,1.0
2,4,thermal,28,0.005,1000,3,3,1.0,1.0
2,4,thermal,28,0.005,1000,4,4,1.0,1.0
2,4,thermal,28,0.01,1000,0,0,0.999,0.9990000000000001
2,4,thermal,28,0.01,1000,1,1,0.998,0.9980000000000001
2,4,thermal,28,0.01,1000,2,2,0.999,0.9990000000000001
2,4,thermal,28,0.01,1000,3,3,1.0,1.0
2,4,thermal,28,0.01,1000,4,4,0.998,0.9980000000000001
2,4,thermal,28,0.02,1000,0,0,0.999,0.9990000000000001
2,4,thermal,28,0.02,1000,1,1,0.996,0.9960000000000001
2,4,thermal,28,0.02,1000,2,2,0.995,0.9949999999999999
2,4,thermal,28,0.02,1000,3,3,0.998,0.9980000000000001
2,4,thermal,28,0.02,1000,4,4,0.997,0.997
2,4,thermal,28,0.05,1000,0,0,0.992,0.992
2,4,thermal,28,0.05,1000,1,1,0.993,0.993
2,4,thermal,28,0.05,1000,2,2,0.994,0.9939999999999999
2,4,thermal,28,0.05,1000,3,3,0.996,0.9960000000000001
2,4,thermal,28,0.05,1000,4,4,0.996,0.9960000000000001
2,4,thermal,28,0.1,1000,0,0,0.988,0.988
2,4,thermal,28,0.1,1000,1,1,0.981,0.9809999999999999
2,4,thermal,28,0.1,1000,2,2,0.985,0.9850000000000001
2,4,thermal,28,0.1,1000,3,3,0.98,0.9800000000000001
2,4,thermal,28,0.1,1000,4,4,0.989,0.989
2,8,thermal,52,0.0,1000,0,0,1.0,1.0
2,8,thermal,52,0.0,1000,1,1,1.0,1.0
2,8,thermal,52,0.0,1000,2,2,1.0,1.0
2,8,thermal,52,0.0,1000,3,3,1.0,1.0
2,8,thermal,52,0.0,1000,4,4,1.0,1.0
2,8,thermal,52,0.001,1000,0,0,1.0,1.0
2,8,thermal,52,0.001,1000,1,1,1.0,1.0
2,8,thermal,52,0.001,1000,2,2,1.0,1.0
2,8,thermal,52,0.001,1000,3,3,1.0,1.0
2,8,thermal,52,0.001,1000,4,4,1.0,1.0
2,8,thermal,52,0.002,1000,0,0,0.999,0.9990000000000001
2,8,thermal,52,0.002,1000,1,1,0.999,0.9990000000000001
2,8,thermal,52,0.002,1000,2,2,1.0,1.0
2,8,thermal,52,0.002,1000,3,3,1.0,1.0
2,8,thermal,52,0.002,1000,4,4,1.0,1.0
2,8,thermal,52,0.005,1000,0,0,0.999,0.9990000000000001
2,8,thermal,52,0.005,1000,1,1,0.998,0.9980000000000001
2,8,thermal,52,0.005,1000,2,2,0.999,0.9990000000000001
2,8,thermal,52,0.005,1000,3,3,1.0,1.0
2,8,thermal,52,0.005,1000,4,4,0.998,0.9980000000000001
2,8,thermal,52,0.01,1000,0,0,0.999,0.9990000000000001
2,8,thermal,52,0.01,1000,1,1,0.996,0.9960000000000001
2,8,thermal,52,0.01,1000,2,2,0.995,0.9949999999999999
2,8,thermal,52,0.01,1000,3,3,0.998,0.9980000000000001
2,8,thermal,52,0.01,1000,4,4,0.997,0.997
2,8,thermal,52,0.02,1000,0,0,0.995,0.9949999999999999
2,8,thermal,52,0.02,1000,1,1,0.995,0.9949999999999999
2,8,thermal,52,0.02,1000,2,2,0.994,0.9939999999999999
2,8,thermal,52,0.02,1000,3,3,0.996,0.9960000000000001
2,8,thermal,52,0.02,1000,4,4,0.997,0.997
2,8,thermal,52,0.05,1000,0,0,0.988,0.988
2,8,thermal,52,0.05,1000,1,1,0.981,0.9809999999999999
2,8,thermal,52,0.05,1000,2,2,0.986,0.986
2,8,thermal,52,0.05,1000,3,3,0.982,0.9820000000000001
2,8,thermal,52,0.05,1000,4,4,0.99,0.99
2,8,thermal,52,0.1,1000,0,0,0.969,0.9689999999999999
2,8,thermal,52,0.1,1000,1,1,0.968,0.968
2,8,thermal,52,0.1,1000,2,2,0.974,0.9739999999999999
2,8,thermal,52,0.1,1000,3,3,0.972,0.972
2,8,thermal,52,0.1,1000,4,4,0.972,0.972
2,16,thermal,100,0.0,1000,0,0,1.0,1.0
2,16,thermal,100,0.0,1000,1,1,1.0,1.0
2,16,thermal,100,0.0,1000,2,2,1.0,1.0
2,16,thermal,100,0.0,1000,3,3,1.0,1.0
2,16,thermal,100,0.0,1000,4,4,1.0,1.0
2,16,thermal,100,0.001,1000,0,0,0.999,0.9990000000000001
2,16,thermal,100,0.001,1000,1,1,0.999,0.9990000000000001
2,16,thermal,100,0.001,1000,2,2,1.0,1.0
2,16,thermal,100,0.001,1000,3,3,1.0,1.0
2,16,thermal,100,0.001,1000,4,4,1.0,1.0
2,16,thermal,100,0.002,1000,0,0,0.999,0.9990000000000001
2,16,thermal,100,0.002,1000,1,1,0.999,0.9990000000000001
2,16,thermal,100,0.002,1000,2,2,0.999,0.9990000000000001
2,16,thermal,100,0.002,1000,3,3,1.0,1.0
2,16,thermal,100,0.002,1000,4,4,0.999,0.9990000000000001
2,16,thermal,100,0.005,1000,0,0,0.999,0.9990000000000001
2,16,thermal,100,0.005,1000,1,1,0.996,0.9960000000000001
2,16,thermal,100,0.005,1000,2,2,0.995,0.9949999999999999
2,16,thermal,100,0.005,1000,3,3,0.998,0.9980000000000001
2,16,thermal,100,0.005,1000,4,4,0.997,0.997
2,16,thermal,100,0.01,1000,0,0,0.995,0.9949999999999999
2,16,thermal,100,0.01,1000,1,1,0.995,0.9949999999999999
2,16,thermal,100,0.01,1000,2,2,0.994,0.9939999999999999
2,16,thermal,100,0.01,1000,3,3,0.996,0.9960000000000001
2,16,thermal,100,0.01,1000,4,4,0.997,0.997
2,16,thermal,100,0.02,1000,0,0,0.988,0.988
2,16,thermal,100,0.02,1000,1,1,0.987,0.987
2,16,thermal,100,0.02,1000,2,2,0.989,0.989
2,16,thermal,100,0.02,1000,3,3,0.992,0.992
2,16,thermal,100,0.02,1000,4,4,0.993,0.993
2,16,thermal,100,0.05,1000,0,0,0.971,0.971
2,16,thermal,100,0.05,1000,1,1,0.968,0.968
2,16,thermal,100,0.05,1000,2,2,0.975,0.975
2,16,thermal,100,0.05,1000,3,3,0.972,0.972
2,16,thermal,100,0.05,1000,4,4,0.973,0.9729999999999999
2,16,thermal,100,0.1,1000,0,0,0.951,0.951
2,16,thermal,100,0.1,1000,1,1,0.951,0.951
2,16,thermal,100,0.1,1000,2,2,0.949,0.949
2,16,thermal,100,0.1,1000,3,3,0.957,0.9569999999999999
2,16,thermal,100,0.1,1000,4,4,0.957,0.9569999999999999
2,32,thermal,196,0.0,1000,0,0,1.0,1.0
2,32,thermal,196,0.0,1000,1,1,1.0,1.0
2,32,thermal,196,0.0,1000,2,2,1.0,1.0
2,32,thermal,196,0.0,1000,3,3,1.0,1.0
2,32,thermal,196,0.0,1000,4,4,1.0,1.0
2,32,thermal,196,0.001,1000,0,0,0.999,0.9990000000000001
2,32,thermal,196,0.001,1000,1,1,0.999,0.9990000000000001
2,32,thermal,196,0.001,1000,2,2,0.999,0.9990000000000001
2,32,thermal,196,0.001,1000,3,3,1.0,1.0
2,32,thermal,196,0.001,1000,4,4,1.0,1.0
2,32,thermal,196,0.002,1000,0,0,0.999,0.9990000000000001
2,32,thermal,196,0.002,1000,1,1,0.996,0.9960000000000001
2,32,thermal,196,0.002,1000,2,2,0.996,0.9960000000000001
2,32,thermal,196,0.002,1000,3,3,0.998,0.9980000000000001
2,32,thermal,196,0.002,1000,4,4,0.997,0.997
2,32,thermal,196,0.005,1000,0,0,0.995,0.9949999999999999
2,32,thermal,196,0.005,1000,1,1,0.995,0.9949999999999999
2,32,thermal,196,0.005,1000,2,2,0.994,0.9939999999999999
2,32,thermal,196,0.005,1000,3,3,0.997,0.997
2,32,thermal,196,0.005,1000,4,4,0.997,0.997
2,32,thermal,196,0.01,1000,0,0,0.988,0.988
2,32,thermal,196,0.01,1000,1,1,0.987,0.987
2,32,thermal,196,0.01,1000,2,2,0.989,0.989
2,32,thermal,196,0.01,1000,3,3,0.992,0.992
2,32,thermal,196,0.01,1000,4,4,0.993,0.993
2,32,thermal,196,0.02,1000,0,0,0.981,0.9809999999999999
2,32,thermal,196,0.02,1000,1,1,0.975,0.975
2,32,thermal,196,0.02,1000,2,2,0.983,0.983
2,32,thermal,196,0.02,1000,3,3,0.977,0.9770000000000001
2,32,thermal,196,0.02,1000,4,4,0.982,0.9820000000000001
2,32,thermal,196,0.05,1000,0,0,0.952,0.9519999999999998
2,32,thermal,196,0.05,1000,1,1,0.952,0.9519999999999998
2,32,thermal,196,0.05,1000,2,2,0.949,0.949
2,32,thermal,196,0.05,1000,3,3,0.957,0.9569999999999999
2,32,thermal,196,0.05,1000,4,4,0.957,0.9569999999999999
2,32,thermal,196,0.1,1000,0,0,0.919,0.9189999999999999
2,32,thermal,196,0.1,1000,1,1,0.917,0.917
2,32,thermal,196,0.1,1000,2,2,0.914,0.9139999999999999
2,32,thermal,196,0.1,1000,3,3,0.919,0.9189999999999999
2,32,thermal,196,0.1,1000,4,4,0.916,0.916
3,1,thermal,16,0.0,1000,0,0,1.0,1.0
3,1,thermal,16,0.0,1000,1,1,1.0,1.0
3,1,thermal,16,0.0,1000,2,2,1.0,1.0
3,1,thermal,16,0.0,1000,3,3,1.0,1.0
3,1,thermal,16,0.0,1000,4,4,1.0,1.0
3,1,thermal,16,0.001,1000,0,0,1.0,1.0
3,1,thermal,16,0.001,1000,1,1,1.0,1.0
3,1,thermal,16,0.001,1000,2,2,1.0,1.0
3,1,thermal,16,0.001,1000,3,3,1.0,1.0
3,1,thermal,16,0.001,1000,4,4,1.0,1.0
3,1,thermal,16,0.002,1000,0,0,1.0,1.0
3,1,thermal,16,0.002,1000,1,1,1.0,1.0
3,1,thermal,16,0.002,1000,2,2,1.0,1.0
3,1,thermal,16,0.002,1000,3,3,1.0,1.0
3,1,thermal,16,0.002,1000,4,4,1.0,1.0
3,1,thermal,16,0.005,1000,0,0,0.999,0.9990000000000001
3,1,thermal,16,0.005,1000,1,1,0.999,0.9990000000000001
3,1,thermal,16,0.005,1000,2,2,1.0,1.0
3,1,thermal,16,0.005,1000,3,3,1.0,1.0
3,1,thermal,16,0.005,1000,4,4,1.0,1.0
3,1,thermal,16,0.01,1000,0,0,0.999,0.9990000000000001
3,1,thermal,16,0.01,1000,1,1,0.999,0.9990000000000001
3,1,thermal,16,0.01,1000,2,2,0.999,0.9990000000000001
3,1,thermal,16,0.01,1000,3,3,1.0,1.0
3,1,thermal,16,0.01,1000,4,4,0.998,0.9980000000000001
3,1,thermal,16,0.02,1000,0,0,0.999,0.9990000000000001
3,1,thermal,16,0.02,1000,1,1,0.996,0.9960000000000001
3,1,thermal,16,0.02,1000,2,2,0.996,0.9960000000000001
3,1,thermal,16,0.02,1000,3,3,0.998,0.9980000000000001
3,1,thermal,16,0.02,1000,4,4,0.997,0.997
3,1,thermal,16,0.05,1000,0,0,0.995,0.9949999999999999
3,1,thermal,16,0.05,1000,1,1,0.995,0.9949999999999999
3,1,thermal,16,0.05,1000,2,2,0.994,0.9939999999999999
3,1,thermal,16,0.05,1000,3,3,0.996,0.9960000000000001
3,1,thermal,16,0.05,1000,4,4,0.997,0.997
3,1,thermal,16,0.1,1000,0,0,0.988,0.988
3,1,thermal,16,0.1,1000,1,1,0.986,0.986
3,1,thermal,16,0.1,1000,2,2,0.988,0.988
3,1,thermal,16,0.1,1000,3,3,0.991,0.9909999999999999
3,1,thermal,16,0.1,1000,4,4,0.992,0.992
3,2,thermal,26,0.0,1000,0,0,1.0,1.0
3,2,thermal,26,0.0,1000,1,1,1.0,1.0
3,2,thermal,26,0.0,1000,2,2,1.0,1.0
3,2,thermal,26,0.0,1000,3,3,1.0,1.0
3,2,thermal,26,0.0,1000,4,4,1.0,1.0
3,2,thermal,26,0.001,1000,0,0,1.0,1.0
3,2,thermal,26,0.001,1000,1,1,1.0,1.0
3,2,thermal,26,0.001,1000,2,2,1.0,1.0
3,2,thermal,26,0.001,1000,3,3,1.0,1.0
3,2,thermal,26,0.001,1000,4,4,1.0,1.0
3,2,thermal,26,0.002,1000,0,0,1.0,1.0
3,2,thermal,26,0.002,1000,1,1,1.0,1.0
3,2,thermal,26,0.002,1000,2,2,1.0,1.0
3,2,thermal,26,0.002,1000,3,3,1.0,1.0
3,2,thermal,26,0.002,1000,4,4,1.0,1.0
3,2,thermal,26,0.005,1000,0,0,0.999,0.9990000000000001
3,2,thermal,26,0.005,1000,1,1,0.999,0.9990000000000001
3,2,thermal,26,0.005,1000,2,2,1.0,1.0
3,2,thermal,26,0.005,1000,3,3,1.0,1.0
3,2,thermal,26,0.005,1000,4,4,1.0,1.0
3,2,thermal,26,0.01,1000,0,0,0.999,0.9990000000000001
3,2,thermal,26,0.01,1000,1,1,0.998,0.9980000000000001
3,2,thermal,26,0.01,1000,2,2,0.999,0.9990000000000001
3,2,thermal,26,0.01,1000,3,3,1.0,1.0
3,2,thermal,26,0.01,1000,4,4,0.998,0.9980000000000001
3,2,thermal,26,0.02,1000,0,0,0.999,0.9990000000000001
3,2,thermal,26,0.02,1000,1,1,0.996,0.9960000000000001
3,2,thermal,26,0.02,1000,2,2,0.995,0.9949999999999999
3,2,thermal,26,0.02,1000,3,3,0.998,0.9980000000000001
3,2,thermal,26,0.02,1000,4,4,0.997,0.997
3,2,thermal,26,0.05,1000,0,0,0.993,0.993
3,2,thermal,26,0.05,1000,1,1,0.994,0.9939999999999999
3,2,thermal,26,0.05,1000,2,2,0.994,0.9939999999999999
3,2,thermal,26,0.05,1000,3,3,0.996,0.9960000000000001
3,2,thermal,26,0.05,1000,4,4,0.996,0.9960000000000001
3,2,thermal,26,0.1,1000,0,0,0.988,0.988
3,2,thermal,26,0.1,1000,1,1,0.981,0.9809999999999999
3,2,thermal,26,0.1,1000,2,2,0.986,0.986
3,2,thermal,26,0.1,1000,3,3,0.982,0.9820000000000001
3,2,thermal,26,0.1,1000,4,4,0.99,0.99
3,4,thermal,46,0.0,1000,0,0,1.0,1.0
3,4,thermal,46,0.0,1000,1,1,1.0,1.0
3,4,thermal,46,0.0,1000,2,2,1.0,1.0
3,4,thermal,46,0.0,1000,3,3,1.0,1.0
3,4,thermal,46,0.0,1000,4,4,1.0,1.0
3,4,thermal,46,0.001,1000,0,0,1.0,1.0
3,4,thermal,46,0.001,1000,1,1,1.0,1.0
3,4,thermal,46,0.001,1000,2,2,1.0,1.0
3,4,thermal,46,0.001,1000,3,3,1.0,1.0
3,4,thermal,46,0.001,1000,4,4,1.0,1.0
3,4,thermal,46,0.002,1000,0,0,0.999,0.9990000000000001
3,4,thermal,46,0.002,1000,1,1,0.999,0.9990000000000001
3,4,thermal,46,0.002,1000,2,2,1.0,1.0
3,4,thermal,46,0.002,1000,3,3,1.0,1.0
3,4,thermal,46,0.002,1000,4,4,1.0,1.0
3,4,thermal,46,0.005,1000,0,0,0.999,0.9990000000000001
3,4,thermal,46,0.005,1000,1,1,0.998,0.9980000000000001
3,4,thermal,46,0.005,1000,2,2,0.999,0.9990000000000001
3,4,thermal,46,0.005,1000,3,3,1.0,1.0
3,4,thermal,46,0.005,1000,4,4,0.998,0.9980000000000001
3,4,thermal,46,0.01,1000,0,0,0.999,0.9990000000000001
3,4,thermal,46,0.01,1000,1,1,0.996,0.9960000000000001
3,4,thermal,46,0.01,1000,2,2,0.995,0.9949999999999999
3,4,thermal,46,0.01,1000,3,3,0.998,0.9980000000000001
3,4,thermal,46,0.01,1000,4,4,0.997,0.997
3,4,thermal,46,0.02,1000,0,0,0.995,0.9949999999999999
3,4,thermal,46,0.02,1000,1,1,0.995,0.9949999999999999
3,4,thermal,46,0.02,1000,2,2,0.994,0.9939999999999999
3,4,thermal,46,0.02,1000,3,3,0.997,0.997
3,4,thermal,46,0.02,1000,4,4,0.997,0.997
3,4,thermal,46,0.05,1000,0,0,0.988,0.988
3,4,thermal,46,0.05,1000,1,1,0.981,0.9809999999999999
3,4,thermal,46,0.05,1000,2,2,0.987,0.987
3,4,thermal,46,0.05,1000,3,3,0.986,0.986
3,4,thermal,46,0.05,1000,4,4,0.991,0.9909999999999999
3,4,thermal,46,0.1,1000,0,0,0.972,0.972
3,4,thermal,46,0.1,1000,1,1,0.969,0.9689999999999999
3,4,thermal,46,0.1,1000,2,2,0.976,0.9760000000000001
3,4,thermal,46,0.1,1000,3,3,0.975,0.975
3,4,thermal,46,0.1,1000,4,4,0.974,0.9739999999999999
3,8,thermal,86,0.0,1000,0,0,1.0,1.0
3,8,thermal,86,0.0,1000,1,1,1.0,1.0
3,8,thermal,86,0.0,1000,2,2,1.0,1.0
3,8,thermal,86,0.0,1000,3,3,1.0,1.0
3,8,thermal,86,0.0,1000,4,4,1.0,1.0
3,8,thermal,86,0.001,1000,0,0,0.999,0.9990000000000001
3,8,thermal,86,0.001,1000,1,1,0.999,0.9990000000000001
3,8,thermal,86,0.001,1000,2,2,1.0,1.0
3,8,thermal,86,0.001,1000,3,3,1.0,1.0
3,8,thermal,86,0.001,1000,4,4,1.0,1.0
3,8,thermal,86,0.002,1000,0,0,0.999,0.9990000000000001
3,8,thermal,86,0.002,1000,1,1,0.999,0.9990000000000001
3,8,thermal,86,0.002,1000,2,2,1.0,1.0
3,8,thermal,86,0.002,1000,3,3,1.0,1.0
3,8,thermal,86,0.002,1000,4,4,1.0,1.0
3,8,thermal,86,0.005,1000,0,0,0.999,0.9990000000000001
3,8,thermal,86,0.005,1000,1,1,0.996,0.9960000000000001
3,8,thermal,86,0.005,1000,2,2,0.995,0.9949999999999999
3,8,thermal,86,0.005,1000,3,3,0.998,0.9980000000000001
3,8,thermal,86,0.005,1000,4,4,0.997,0.997
3,8,thermal,86,0.01,1000,0,0,0.995,0.9949999999999999
3,8,thermal,86,0.01,1000,1,1,0.995,0.9949999999999999
3,8,thermal,86,0.01,1000,2,2,0.994,0.9939999999999999
3,8,thermal,86,0.01,1000,3,3,0.997,0.997
3,8,thermal,86,0.01,1000,4,4,0.997,0.997
3,8,thermal,86,0.02,1000,0,0,0.988,0.988
3,8,thermal,86,0.02,1000,1,1,0.989,0.989
3,8,thermal,86,0.02,1000,2,2,0.99,0.99
3,8,thermal,86,0.02,1000,3,3,0.994,0.9939999999999999
3,8,thermal,86,0.02,1000,4,4,0.994,0.9939999999999999
3,8,thermal,86,0.05,1000,0,0,0.973,0.9729999999999999
3,8,thermal,86,0.05,1000,1,1,0.971,0.971
3,8,thermal,86,0.05,1000,2,2,0.978,0.9779999999999999
3,8,thermal,86,0.05,1000,3,3,0.977,0.9770000000000001
3,8,thermal,86,0.05,1000,4,4,0.978,0.9779999999999999
3,8,thermal,86,0.1,1000,0,0,0.955,0.9550000000000001
3,8,thermal,86,0.1,1000,1,1,0.954,0.954
3,8,thermal,86,0.1,1000,2,2,0.955,0.9550000000000001
3,8,thermal,86,0.1,1000,3,3,0.96,0.96
3,8,thermal,86,0.1,1000,4,4,0.96,0.96
3,16,thermal,166,0.0,1000,0,0,1.0,1.0
3,16,thermal,166,0.0,1000,1,1,1.0,1.0
3,16,thermal,166,0.0,1000,2,2,1.0,1.0
3,16,thermal,166,0.0,1000,3,3,1.0,1.0
3,16,thermal,166,0.0,1000,4,4,1.0,1.0
3,16,thermal,166,0.001,1000,0,0,0.999,0.9990000000000001
3,16,thermal,166,0.001,1000,1,1,0.999,0.9990000000000001
3,16,thermal,166,0.001,1000,2,2,1.0,1.0
3,16,thermal,166,0.001,1000,3,3,1.0,1.0
3,16,thermal,166,0.001,1000,4,4,1.0,1.0
3,16,thermal,166,0.002,1000,0,0,0.999,0.9990000000000001
3,16,thermal,166,0.002,1000,1,1,0.996,0.9960000000000001
3,16,thermal,166,0.002,1000,2,2,0.998,0.9980000000000001
3,16,thermal,166,0.002,1000,3,3,0.999,0.9990000000000001
3,16,thermal,166,0.002,1000,4,4,0.997,0.997
3,16,thermal,166,0.005,1000,0,0,0.995,0.9949999999999999
3,16,thermal,166,0.005,1000,1,1,0.995,0.9949999999999999
3,16,thermal,166,0.005,1000,2,2,0.994,0.9939999999999999
3,16,thermal,166,0.005,1000,3,3,0.997,0.997
3,16,thermal,166,0.005,1000,4,4,0.997,0.997
3,16,thermal,166,0.01,1000,0,0,0.988,0.988
3,16,thermal,166,0.01,1000,1,1,0.989,0.989
3,16,thermal,166,0.01,1000,2,2,0.99,0.99
3,16,thermal,166,0.01,1000,3,3,0.994,0.9939999999999999
3,16,thermal,166,0.01,1000,4,4,0.994,0.9939999999999999
3,16,thermal,166,0.02,1000,0,0,0.983,0.983
3,16,thermal,166,0.02,1000,1,1,0.975,0.975
3,16,thermal,166,0.02,1000,2,2,0.984,0.984
3,16,thermal,166,0.02,1000,3,3,0.979,0.9789999999999999
3,16,thermal,166,0.02,1000,4,4,0.984,0.984
3,16,thermal,166,0.05,1000,0,0,0.955,0.9550000000000001
3,16,thermal,166,0.05,1000,1,1,0.955,0.9550000000000001
3,16,thermal,166,0.05,1000,2,2,0.955,0.9550000000000001
3,16,thermal,166,0.05,1000,3,3,0.96,0.96
3,16,thermal,166,0.05,1000,4,4,0.96,0.96
3,16,thermal,166,0.1,1000,0,0,0.923,0.9229999999999999
3,16,thermal,166,0.1,1000,1,1,0.923,0.9229999999999999
3,16,thermal,166,0.1,1000,2,2,0.918,0.918
3,16,thermal,166,0.1,1000,3,3,0.924,0.924
3,16,thermal,166,0.1,1000,4,4,0.922,0.922
3,32,thermal,326,0.0,1000,0,0,1.0,1.0
3,32,thermal,326,0.0,1000,1,1,1.0,1.0
3,32,thermal,326,0.0,1000,2,2,1.0,1.0
3,32,thermal,326,0.0,1000,3,3,1.0,1.0
3,32,thermal,326,0.0,1000,4,4,1.0,1.0
3,32,thermal,326,0.001,1000,0,0,0.999,0.9990000000000001
3,32,thermal,326,0.001,1000,1,1,0.996,0.9960000000000001
3,32,thermal,326,0.001,1000,2,2,0.999,0.9990000000000001
3,32,thermal,326,0.001,1000,3,3,0.999,0.9990000000000001
3,32,thermal,326,0.001,1000,4,4,0.997,0.997
3,32,thermal,326,0.002,1000,0,0,0.997,0.997
3,32,thermal,326,0.002,1000,1,1,0.996,0.9960000000000001
3,32,thermal,326,0.002,1000,2,2,0.995,0.9949999999999999
3,32,thermal,326,0.002,1000,3,3,0.997,0.997
3,32,thermal,326,0.002,1000,4,4,0.997,0.997
3,32,thermal,326,0.005,1000,0,0,0.988,0.988
3,32,thermal,326,0.005,1000,1,1,0.989,0.989
3,32,thermal,326,0.005,1000,2,2,0.99,0.99
3,32,thermal,326,0.005,1000,3,3,0.994,0.9939999999999999
3,32,thermal,326,0.005,1000,4,4,0.994,0.9939999999999999
3,32,thermal,326,0.01,1000,0,0,0.983,0.983
3,32,thermal,326,0.01,1000,1,1,0.975,0.975
3,32,thermal,326,0.01,1000,2,2,0.984,0.984
3,32,thermal,326,0.01,1000,3,3,0.979,0.9789999999999999
3,32,thermal,326,0.01,1000,4,4,0.984,0.984
3,32,thermal,326,0.02,1000,0,0,0.961,0.9609999999999999
3,32,thermal,326,0.02,1000,1,1,0.966,0.966
3,32,thermal,326,0.02,1000,2,2,0.964,0.964
3,32,thermal,326,0.02,1000,3,3,0.966,0.966
3,32,thermal,326,0.02,1000,4,4,0.965,0.965
3,32,thermal,326,0.05,1000,0,0,0.924,0.924
3,32,thermal,326,0.05,1000,1,1,0.924,0.924
3,32,thermal,326,0.05,1000,2,2,0.92,0.92
3,32,thermal,326,0.05,1000,3,3,0.924,0.924
3,32,thermal,326,0.05,1000,4,4,0.923,0.9229999999999999
3,32,thermal,326,0.1,1000,0,0,0.876,0.8759999999999999
3,32,thermal,326,0.1,1000,1,1,0.861,0.861
3,32,thermal,326,0.1,1000,2,2,0.857,0.8570000000000001
3,32,thermal,326,0.1,1000,3,3,0.855,0.855
3,32,thermal,326,0.1,1000,4,4,0.853,0.8529999999999999
4,1,thermal,22,0.0,1000,0,0,1.0,1.0
4,1,thermal,22,0.0,1000,1,1,1.0,1.0
4,1,thermal,22,0.0,1000,2,2,1.0,1.0
4,1,thermal,22,0.0,1000,3,3,1.0,1.0
4,1,thermal,22,0.0,1000,4,4,1.0,1.0
4,1,thermal,22,0.001,1000,0,0,1.0,1.0
4,1,thermal,22,0.001,1000,1,1,1.0,1.0
4,1,thermal,22,0.001,1000,2,2,1.0,1.0
4,1,thermal,22,0.001,1000,3,3,1.0,1.0
4,1,thermal,22,0.001,1000,4,4,1.0,1.0
4,1,thermal,22,0.002,1000,0,0,0.999,0.9990000000000001
4,1,thermal,22,0.002,1000,1,1,1.0,1.0
4,1,thermal,22,0.002,1000,2,2,1.0,1.0
4,1,thermal,22,0.002,1000,3,3,1.0,1.0
4,1,thermal,22,0.002,1000,4,4,1.0,1.0
4,1,thermal,22,0.005,1000,0,0,0.999,0.9990000000000001
4,1,thermal,22,0.005,1000,1,1,0.999,0.9990000000000001
4,1,thermal,22,0.005,1000,2,2,1.0,1.0
4,1,thermal,22,0.005,1000,3,3,1.0,1.0
4,1,thermal,22,0.005,1000,4,4,1.0,1.0
4,1,thermal,22,0.01,1000,0,0,0.999,0.9990000000000001
4,1,thermal,22,0.01,1000,1,1,0.998,0.9980000000000001
4,1,thermal,22,0.01,1000,2,2,0.999,0.9990000000000001
4,1,thermal,22,0.01,1000,3,3,1.0,1.0
4,1,thermal,22,0.01,1000,4,4,0.998,0.9980000000000001
4,1,thermal,22,0.02,1000,0,0,0.999,0.9990000000000001
4,1,thermal,22,0.02,1000,1,1,0.996,0.9960000000000001
4,1,thermal,22,0.02,1000,2,2,0.995,0.9949999999999999
4,1,thermal,22,0.02,1000,3,3,0.998,0.9980000000000001
4,1,thermal,22,0.02,1000,4,4,0.997,0.997
4,1,thermal,22,0.05,1000,0,0,0.99,0.99
4,1,thermal,22,0.05,1000,1,1,0.992,0.992
4,1,thermal,22,0.05,1000,2,2,0.99,0.99
4,1,thermal,22,0.05,1000,3,3,0.996,0.9960000000000001
4,1,thermal,22,0.05,1000,4,4,0.995,0.9949999999999999
4,1,thermal,22,0.1,1000,0,0,0.986,0.986
4,1,thermal,22,0.1,1000,1,1,0.98,0.9800000000000001
4,1,thermal,22,0.1,1000,2,2,0.985,0.9850000000000001
4,1,thermal,22,0.1,1000,3,3,0.98,0.9800000000000001
4,1,thermal,22,0.1,1000,4,4,0.988,0.988
4,2,thermal,36,0.0,1000,0,0,1.0,1.0
4,2,thermal,36,0.0,1000,1,1,1.0,1.0
4,2,thermal,36,0.0,1000,2,2,1.0,1.0
4,2,thermal,36,0.0,1000,3,3,1.0,1.0
4,2,thermal,36,0.0,1000,4,4,1.0,1.0
4,2,thermal,36,0.001,1000,0,0,1.0,1.0
4,2,thermal,36,0.001,1000,1,1,1.0,1.0
4,2,thermal,36,0.001,1000,2,2,1.0,1.0
4,2,thermal,36,0.001,1000,3,3,1.0,1.0
4,2,thermal,36,0.001,1000,4,4,1.0,1.0
4,2,thermal,36,0.002,1000,0,0,0.999,0.9990000000000001
4,2,thermal,36,0.002,1000,1,1,1.0,1.0
4,2,thermal,36,0.002,1000,2,2,1.0,1.0
4,2,thermal,36,0.002,1000,3,3,1.0,1.0
4,2,thermal,36,0.002,1000,4,4,1.0,1.0
4,2,thermal,36,0.005,1000,0,0,0.999,0.9990000000000001
4,2,thermal,36,0.005,1000,1,1,0.999,0.9990000000000001
4,2,thermal,36,0.005,1000,2,2,1.0,1.0
4,2,thermal,36,0.005,1000,3,3,1.0,1.0
4,2,thermal,36,0.005,1000,4,4,1.0,1.0
4,2,thermal,36,0.01,1000,0,0,0.999,0.9990000000000001
4,2,thermal,36,0.01,1000,1,1,0.996,0.9960000000000001
4,2,thermal,36,0.01,1000,2,2,0.997,0.997
4,2,thermal,36,0.01,1000,3,3,0.999,0.9990000000000001
4,2,thermal,36,0.01,1000,4,4,0.997,0.997
4,2,thermal,36,0.02,1000,0,0,0.996,0.9960000000000001
4,2,thermal,36,0.02,1000,1,1,0.996,0.9960000000000001
4,2,thermal,36,0.02,1000,2,2,0.995,0.9949999999999999
4,2,thermal,36,0.02,1000,3,3,0.997,0.997
4,2,thermal,36,0.02,1000,4,4,0.997,0.997
4,2,thermal,36,0.05,1000,0,0,0.988,0.988
4,2,thermal,36,0.05,1000,1,1,0.989,0.989
4,2,thermal,36,0.05,1000,2,2,0.99,0.99
4,2,thermal,36,0.05,1000,3,3,0.993,0.993
4,2,thermal,36,0.05,1000,4,4,0.994,0.9939999999999999
4,2,thermal,36,0.1,1000,0,0,0.982,0.9820000000000001
4,2,thermal,36,0.1,1000,1,1,0.975,0.975
4,2,thermal,36,0.1,1000,2,2,0.984,0.984
4,2,thermal,36,0.1,1000,3,3,0.977,0.9770000000000001
4,2,thermal,36,0.1,1000,4,4,0.984,0.984
4,4,thermal,64,0.0,1000,0,0,1.0,1.0
4,4,thermal,64,0.0,1000,1,1,1.0,1.0
4,4,thermal,64,0.0,1000,2,2,1.0,1.0
4,4,thermal,64,0.0,1000,3,3,1.0,1.0
4,4,thermal,64,0.0,1000,4,4,1.0,1.0
4,4,thermal,64,0.001,1000,0,0,0.999,0.9990000000000001
4,4,thermal,64,0.001,1000,1,1,1.0,1.0
4,4,thermal,64,0.001,1000,2,2,1.0,1.0
4,4,thermal,64,0.001,1000,3,3,1.0,1.0
4,4,thermal,64,0.001,1000,4,4,1.0,1.0
4,4,thermal,64,0.002,1000,0,0,0.999,0.9990000000000001
4,4,thermal,64,0.002,1000,1,1,0.999,0.9990000000000001
4,4,thermal,64,0.002,1000,2,2,1.0,1.0
4,4,thermal,64,0.002,1000,3,3,1.0,1.0
4,4,thermal,64,0.002,1000,4,4,1.0,1.0
4,4,thermal,64,0.005,1000,0,0,0.999,0.9990000000000001
4,4,thermal,64,0.005,1000,1,1,0.996,0.9960000000000001
4,4,thermal,64,0.005,1000,2,2,0.999,0.9990000000000001
4,4,thermal,64,0.005,1000,3,3,0.999,0.9990000000000001
4,4,thermal,64,0.005,1000,4,4,0.998,0.9980000000000001
4,4,thermal,64,0.01,1000,0,0,0.997,0.997
4,4,thermal,64,0.01,1000,1,1,0.996,0.9960000000000001
4,4,thermal,64,0.01,1000,2,2,0.995,0.9949999999999999
4,4,thermal,64,0.01,1000,3,3,0.997,0.997
4,4,thermal,64,0.01,1000,4,4,0.997,0.997
4,4,thermal,64,0.02,1000,0,0,0.993,0.993
4,4,thermal,64,0.02,1000,1,1,0.993,0.993
4,4,thermal,64,0.02,1000,2,2,0.994,0.9939999999999999
4,4,thermal,64,0.02,1000,3,3,0.996,0.9960000000000001
4,4,thermal,64,0.02,1000,4,4,0.996,0.9960000000000001
4,4,thermal,64,0.05,1000,0,0,0.984,0.984
4,4,thermal,64,0.05,1000,1,1,0.977,0.9770000000000001
4,4,thermal,64,0.05,1000,2,2,0.984,0.984
4,4,thermal,64,0.05,1000,3,3,0.979,0.9789999999999999
4,4,thermal,64,0.05,1000,4,4,0.984,0.984
4,4,thermal,64,0.1,1000,0,0,0.961,0.9609999999999999
4,4,thermal,64,0.1,1000,1,1,0.966,0.966
4,4,thermal,64,0.1,1000,2,2,0.964,0.964
4,4,thermal,64,0.1,1000,3,3,0.966,0.966
4,4,thermal,64,0.1,1000,4,4,0.965,0.965
4,8,thermal,120,0.0,1000,0,0,1.0,1.0
4,8,thermal,120,0.0,1000,1,1,1.0,1.0
4,8,thermal,120,0.0,1000,2,2,1.0,1.0
4,8,thermal,120,0.0,1000,3,3,1.0,1.0
4,8,thermal,120,0.0,1000,4,4,1.0,1.0
4,8,thermal,120,0.001,1000,0,0,0.999,0.9990000000000001
4,8,thermal,120,0.001,1000,1,1,0.999,0.9990000000000001
4,8,thermal,120,0.001,1000,2,2,1.0,1.0
4,8,thermal,120,0.001,1000,3,3,1.0,1.0
4,8,thermal,120,0.001,1000,4,4,1.0,1.0
4,8,thermal,120,0.002,1000,0,0,0.999,0.9990000000000001
4,8,thermal,120,0.002,1000,1,1,0.998,0.9980000000000001
4,8,thermal,120,0.002,1000,2,2,0.999,0.9990000000000001
4,8,thermal,120,0.002,1000,3,3,1.0,1.0
4,8,thermal,120,0.002,1000,4,4,0.998,0.9980000000000001
4,8,thermal,120,0.005,1000,0,0,0.997,0.997
4,8,thermal,120,0.005,1000,1,1,0.996,0.9960000000000001
4,8,thermal,120,0.005,1000,2,2,0.995,0.9949999999999999
4,8,thermal,120,0.005,1000,3,3,0.998,0.9980000000000001
4,8,thermal,120,0.005,1000,4,4,0.997,0.997
4,8,thermal,120,0.01,1000,0,0,0.993,0.993
4,8,thermal,120,0.01,1000,1,1,0.995,0.9949999999999999
4,8,thermal,120,0.01,1000,2,2,0.994,0.9939999999999999
4,8,thermal,120,0.01,1000,3,3,0.996,0.9960000000000001
4,8,thermal,120,0.01,1000,4,4,0.996,0.9960000000000001
4,8,thermal,120,0.02,1000,0,0,0.988,0.988
4,8,thermal,120,0.02,1000,1,1,0.981,0.9809999999999999
4,8,thermal,120,0.02,1000,2,2,0.986,0.986
4,8,thermal,120,0.02,1000,3,3,0.982,0.9820000000000001
4,8,thermal,120,0.02,1000,4,4,0.99,0.99
4,8,thermal,120,0.05,1000,0,0,0.964,0.964
4,8,thermal,120,0.05,1000,1,1,0.967,0.9670000000000001
4,8,thermal,120,0.05,1000,2,2,0.966,0.966
4,8,thermal,120,0.05,1000,3,3,0.968,0.968
4,8,thermal,120,0.05,1000,4,4,0.966,0.966
4,8,thermal,120,0.1,1000,0,0,0.939,0.939
4,8,thermal,120,0.1,1000,1,1,0.936,0.9359999999999999
4,8,thermal,120,0.1,1000,2,2,0.939,0.939
4,8,thermal,120,0.1,1000,3,3,0.944,0.944
4,8,thermal,120,0.1,1000,4,4,0.947,0.9469999999999998
4,16,thermal,232,0.0,1000,0,0,1.0,1.0
4,16,thermal,232,0.0,1000,1,1,1.0,1.0
4,16,thermal,232,0.0,1000,2,2,1.0,1.0
4,16,thermal,232,0.0,1000,3,3,1.0,1.0
4,16,thermal,232,0.0,1000,4,4,1.0,1.0
4,16,thermal,232,0.001,1000,0,0,0.999,0.9990000000000001
4,16,thermal,232,0.001,1000,1,1,0.998,0.9980000000000001
4,16,thermal,232,0.001,1000,2,2,0.999,0.9990000000000001
4,16,thermal,232,0.001,1000,3,3,1.0,1.0
4,16,thermal,232,0.001,1000,4,4,0.998,0.9980000000000001
4,16,thermal,232,0.002,1000,0,0,0.999,0.9990000000000001
4,16,thermal,232,0.002,1000,1,1,0.996,0.9960000000000001
4,16,thermal,232,0.002,1000,2,2,0.995,0.9949999999999999
4,16,thermal,232,0.002,1000,3,3,0.998,0.9980000000000001
4,16,thermal,232,0.002,1000,4,4,0.997,0.997
4,16,thermal,232,0.005,1000,0,0,0.994,0.9939999999999999
4,16,thermal,232,0.005,1000,1,1,0.995,0.9949999999999999
4,16,thermal,232,0.005,1000,2,2,0.994,0.9939999999999999
4,16,thermal,232,0.005,1000,3,3,0.996,0.9960000000000001
4,16,thermal,232,0.005,1000,4,4,0.996,0.9960000000000001
4,16,thermal,232,0.01,1000,0,0,0.988,0.988
4,16,thermal,232,0.01,1000,1,1,0.981,0.9809999999999999
4,16,thermal,232,0.01,1000,2,2,0.987,0.987
4,16,thermal,232,0.01,1000,3,3,0.983,0.983
4,16,thermal,232,0.01,1000,4,4,0.991,0.9909999999999999
4,16,thermal,232,0.02,1000,0,0,0.971,0.971
4,16,thermal,232,0.02,1000,1,1,0.968,0.968
4,16,thermal,232,0.02,1000,2,2,0.975,0.975
4,16,thermal,232,0.02,1000,3,3,0.972,0.972
4,16,thermal,232,0.02,1000,4,4,0.973,0.9729999999999999
4,16,thermal,232,0.05,1000,0,0,0.941,0.9410000000000001
4,16,thermal,232,0.05,1000,1,1,0.937,0.937
4,16,thermal,232,0.05,1000,2,2,0.941,0.9410000000000001
4,16,thermal,232,0.05,1000,3,3,0.945,0.945
4,16,thermal,232,0.05,1000,4,4,0.949,0.949
4,16,thermal,232,0.1,1000,0,0,0.896,0.896
4,16,thermal,232,0.1,1000,1,1,0.891,0.8910000000000001
4,16,thermal,232,0.1,1000,2,2,0.889,0.8889999999999999
4,16,thermal,232,0.1,1000,3,3,0.896,0.896
4,16,thermal,232,0.1,1000,4,4,0.881,0.881
4,32,thermal,456,0.0,1000,0,0,1.0,1.0
4,32,thermal,456,0.0,1000,1,1,1.0,1.0
4,32,thermal,456,0.0,1000,2,2,1.0,1.0
4,32,thermal,456,0.0,1000,3,3,1.0,1.0
4,32,thermal,456,0.0,1000,4,4,1.0,1.0
4,32,thermal,456,0.001,1000,0,0,0.999,0.9990000000000001
4,32,thermal,456,0.001,1000,1,1,0.996,0.9960000000000001
4,32,thermal,456,0.001,1000,2,2,0.995,0.9949999999999999
4,32,thermal,456,0.001,1000,3,3,0.998,0.9980000000000001
4,32,thermal,456,0.001,1000,4,4,0.997,0.997
4,32,thermal,456,0.002,1000,0,0,0.995,0.9949999999999999
4,32,thermal,456,0.002,1000,1,1,0.995,0.9949999999999999
4,32,thermal,456,0.002,1000,2,2,0.994,0.9939999999999999
4,32,thermal,456,0.002,1000,3,3,0.997,0.997
4,32,thermal,456,0.002,1000,4,4,0.997,0.997
4,32,thermal,456,0.005,1000,0,0,0.988,0.988
4,32,thermal,456,0.005,1000,1,1,0.981,0.9809999999999999
4,32,thermal,456,0.005,1000,2,2,0.987,0.987
4,32,thermal,456,0.005,1000,3,3,0.983,0.983
4,32,thermal,456,0.005,1000,4,4,0.991,0.9909999999999999
4,32,thermal,456,0.01,1000,0,0,0.971,0.971
4,32,thermal,456,0.01,1000,1,1,0.968,0.968
4,32,thermal,456,0.01,1000,2,2,0.975,0.975
4,32,thermal,456,0.01,1000,3,3,0.972,0.972
4,32,thermal,456,0.01,1000,4,4,0.973,0.9729999999999999
4,32,thermal,456,0.02,1000,0,0,0.951,0.951
4,32,thermal,456,0.02,1000,1,1,0.951,0.951
4,32,thermal,456,0.02,1000,2,2,0.949,0.949
4,32,thermal,456,0.02,1000,3,3,0.957,0.9569999999999999
4,32,thermal,456,0.02,1000,4,4,0.957,0.9569999999999999
4,32,thermal,456,0.05,1000,0,0,0.897,0.8969999999999999
4,32,thermal,456,0.05,1000,1,1,0.893,0.893
4,32,thermal,456,0.05,1000,2,2,0.891,0.8910000000000001
4,32,thermal,456,0.05,1000,3,3,0.897,0.8969999999999999
4,32,thermal,456,0.05,1000,4,4,0.882,0.8819999999999999
4,32,thermal,456,0.1,1000,0,0,0.815,0.8150000000000001
4,32,thermal,456,0.1,1000,1,1,0.816,0.8159999999999998
4,32,thermal,456,0.1,1000,2,2,0.796,0.7960000000000002
4,32,thermal,456,0.1,1000,3,3,0.806,0.806
4,32,thermal,456,0.1,1000,4,4,0.791,0.7909999999999999
5,1,thermal,28,0.0,1000,0,0,1.0,1.0
5,1,thermal,28,0.0,1000,1,1,1.0,1.0
5,1,thermal,28,0.0,1000,2,2,1.0,1.0
5,1,thermal,28,0.0,1000,3,3,1.0,1.0
5,1,thermal,28,0.0,1000,4,4,1.0,1.0
5,1,thermal,28,0.001,1000,0,0,1.0,1.0
5,1,thermal,28,0.001,1000,1,1,1.0,1.0
5,1,thermal,28,0.001,1000,2,2,1.0,1.0
5,1,thermal,28,0.001,1000,3,3,1.0,1.0
5,1,thermal,28,0.001,1000,4,4,1.0,1.0
5,1,thermal,28,0.002,1000,0,0,0.999,0.9990000000000001
5,1,thermal,28,0.002,1000,1,1,0.999,0.9990000000000001
5,1,thermal,28,0.002,1000,2,2,1.0,1.0
5,1,thermal,28,0.002,1000,3,3,1.0,1.0
5,1,thermal,28,0.002,1000,4,4,1.0,1.0
5,1,thermal,28,0.005,1000,0,0,0.999,0.9990000000000001
5,1,thermal,28,0.005,1000,1,1,0.999,0.9990000000000001
5,1,thermal,28,0.005,1000,2,2,0.999,0.9990000000000001
5,1,thermal,28,0.005,1000,3,3,1.0,1.0
5,1,thermal,28,0.005,1000,4,4,1.0,1.0
5,1,thermal,28,0.01,1000,0,0,0.999,0.9990000000000001
5,1,thermal,28,0.01,1000,1,1,0.996,0.9960000000000001
5,1,thermal,28,0.01,1000,2,2,0.996,0.9960000000000001
5,1,thermal,28,0.01,1000,3,3,0.998,0.9980000000000001
5,1,thermal,28,0.01,1000,4,4,0.997,0.997
5,1,thermal,28,0.02,1000,0,0,0.996,0.9960000000000001
5,1,thermal,28,0.02,1000,1,1,0.995,0.9949999999999999
5,1,thermal,28,0.02,1000,2,2,0.994,0.9939999999999999
5,1,thermal,28,0.02,1000,3,3,0.997,0.997
5,1,thermal,28,0.02,1000,4,4,0.997,0.997
5,1,thermal,28,0.05,1000,0,0,0.988,0.988
5,1,thermal,28,0.05,1000,1,1,0.987,0.987
5,1,thermal,28,0.05,1000,2,2,0.989,0.989
5,1,thermal,28,0.05,1000,3,3,0.992,0.992
5,1,thermal,28,0.05,1000,4,4,0.993,0.993
5,1,thermal,28,0.1,1000,0,0,0.98,0.9800000000000001
5,1,thermal,28,0.1,1000,1,1,0.975,0.975
5,1,thermal,28,0.1,1000,2,2,0.983,0.983
5,1,thermal,28,0.1,1000,3,3,0.977,0.9770000000000001
5,1,thermal,28,0.1,1000,4,4,0.982,0.9820000000000001
5,2,thermal,46,0.0,1000,0,0,1.0,1.0
5,2,thermal,46,0.0,1000,1,1,1.0,1.0
5,2,thermal,46,0.0,1000,2,2,1.0,1.0
5,2,thermal,46,0.0,1000,3,3,1.0,1.0
5,2,thermal,46,0.0,1000,4,4,1.0,1.0
5,2,thermal,46,0.001,1000,0,0,1.0,1.0
5,2,thermal,46,0.001,1000,1,1,1.0,1.0
5,2,thermal,46,0.001,1000,2,2,1.0,1.0
5,2,thermal,46,0.001,1000,3,3,1.0,1.0
5,2,thermal,46,0.001,1000,4,4,1.0,1.0
5,2,thermal,46,0.002,1000,0,0,0.999,0.9990000000000001
5,2,thermal,46,0.002,1000,1,1,0.999,0.9990000000000001
5,2,thermal,46,0.002,1000,2,2,1.0,1.0
5,2,thermal,46,0.002,1000,3,3,1.0,1.0
5,2,thermal,46,0.002,1000,4,4,1.0,1.0
5,2,thermal,46,0.005,1000,0,0,0.999,0.9990000000000001
5,2,thermal,46,0.005,1000,1,1,0.998,0.9980000000000001
5,2,thermal,46,0.005,1000,2,2,0.999,0.9990000000000001
5,2,thermal,46,0.005,1000,3,3,1.0,1.0
5,2,thermal,46,0.005,1000,4,4,0.998,0.9980000000000001
5,2,thermal,46,0.01,1000,0,0,0.999,0.9990000000000001
5,2,thermal,46,0.01,1000,1,1,0.996,0.9960000000000001
5,2,thermal,46,0.01,1000,2,2,0.995,0.9949999999999999
5,2,thermal,46,0.01,1000,3,3,0.998,0.9980000000000001
5,2,thermal,46,0.01,1000,4,4,0.997,0.997
5,2,thermal,46,0.02,1000,0,0,0.995,0.9949999999999999
5,2,thermal,46,0.02,1000,1,1,0.995,0.9949999999999999
5,2,thermal,46,0.02,1000,2,2,0.994,0.9939999999999999
5,2,thermal,46,0.02,1000,3,3,0.997,0.997
5,2,thermal,46,0.02,1000,4,4,0.997,0.997
5,2,thermal,46,0.05,1000,0,0,0.988,0.988
5,2,thermal,46,0.05,1000,1,1,0.981,0.9809999999999999
5,2,thermal,46,0.05,1000,2,2,0.987,0.987
5,2,thermal,46,0.05,1000,3,3,0.986,0.986
5,2,thermal,46,0.05,1000,4,4,0.991,0.9909999999999999
5,2,thermal,46,0.1,1000,0,0,0.972,0.972
5,2,thermal,46,0.1,1000,1,1,0.969,0.9689999999999999
5,2,thermal,46,0.1,1000,2,2,0.976,0.9760000000000001
5,2,thermal,46,0.1,1000,3,3,0.975,0.975
5,2,thermal,46,0.1,1000,4,4,0.974,0.9739999999999999
5,4,thermal,82,0.0,1000,0,0,1.0,1.0
5,4,thermal,82,0.0,1000,1,1,1.0,1.0
5,4,thermal,82,0.0,1000,2,2,1.0,1.0
5,4,thermal,82,0.0,1000,3,3,1.0,1.0
5,4,thermal,82,0.0,1000,4,4,1.0,1.0
5,4,thermal,82,0.001,1000,0,0,0.999,0.9990000000000001
5,4,thermal,82,0.001,1000,1,1,0.999,0.9990000000000001
5,4,thermal,82,0.001,1000,2,2,1.0,1.0
5,4,thermal,82,0.001,1000,3,3,1.0,1.0
5,4,thermal,82,0.001,1000,4,4,1.0,1.0
5,4,thermal,82,0.002,1000,0,0,0.999,0.9990000000000001
5,4,thermal,82,0.002,1000,1,1,0.999,0.9990000000000001
5,4,thermal,82,0.002,1000,2,2,1.0,1.0
5,4,thermal,82,0.002,1000,3,3,1.0,1.0
5,4,thermal,82,0.002,1000,4,4,1.0,1.0
5,4,thermal,82,0.005,1000,0,0,0.999,0.9990000000000001
5,4,thermal,82,0.005,1000,1,1,0.996,0.9960000000000001
5,4,thermal,82,0.005,1000,2,2,0.996,0.9960000000000001
5,4,thermal,82,0.005,1000,3,3,0.998,0.9980000000000001
5,4,thermal,82,0.005,1000,4,4,0.997,0.997
5,4,thermal,82,0.01,1000,0,0,0.995,0.9949999999999999
5,4,thermal,82,0.01,1000,1,1,0.995,0.9949999999999999
5,4,thermal,82,0.01,1000,2,2,0.994,0.9939999999999999
5,4,thermal,82,0.01,1000,3,3,0.997,0.997
5,4,thermal,82,0.01,1000,4,4,0.997,0.997
5,4,thermal,82,0.02,1000,0,0,0.988,0.988
5,4,thermal,82,0.02,1000,1,1,0.989,0.989
5,4,thermal,82,0.02,1000,2,2,0.99,0.99
5,4,thermal,82,0.02,1000,3,3,0.994,0.9939999999999999
5,4,thermal,82,0.02,1000,4,4,0.994,0.9939999999999999
5,4,thermal,82,0.05,1000,0,0,0.977,0.9770000000000001
5,4,thermal,82,0.05,1000,1,1,0.972,0.972
5,4,thermal,82,0.05,1000,2,2,0.98,0.9800000000000001
5,4,thermal,82,0.05,1000,3,3,0.977,0.9770000000000001
5,4,thermal,82,0.05,1000,4,4,0.979,0.9789999999999999
5,4,thermal,82,0.1,1000,0,0,0.956,0.9559999999999998
5,4,thermal,82,0.1,1000,1,1,0.955,0.9550000000000001
5,4,thermal,82,0.1,1000,2,2,0.956,0.9559999999999998
5,4,thermal,82,0.1,1000,3,3,0.96,0.96
5,4,thermal,82,0.1,1000,4,4,0.96,0.96
5,8,thermal,154,0.0,1000,0,0,1.0,1.0
5,8,thermal,154,0.0,1000,1,1,1.0,1.0
5,8,thermal,154,0.0,1000,2,2,1.0,1.0
5,8,thermal,154,0.0,1000,3,3,1.0,1.0
5,8,thermal,154,0.0,1000,4,4,1.0,1.0
5,8,thermal,154,0.001,1000,0,0,0.999,0.9990000000000001
5,8,thermal,154,0.001,1000,1,1,0.999,0.9990000000000001
5,8,thermal,154,0.001,1000,2,2,1.0,1.0
5,8,thermal,154,0.001,1000,3,3,1.0,1.0
5,8,thermal,154,0.001,1000,4,4,1.0,1.0
5,8,thermal,154,0.002,1000,0,0,0.999,0.9990000000000001
5,8,thermal,154,0.002,1000,1,1,0.997,0.997
5,8,thermal,154,0.002,1000,2,2,0.999,0.9990000000000001
5,8,thermal,154,0.002,1000,3,3,0.999,0.9990000000000001
5,8,thermal,154,0.002,1000,4,4,0.998,0.9980000000000001
5,8,thermal,154,0.005,1000,0,0,0.996,0.9960000000000001
5,8,thermal,154,0.005,1000,1,1,0.995,0.9949999999999999
5,8,thermal,154,0.005,1000,2,2,0.994,0.9939999999999999
5,8,thermal,154,0.005,1000,3,3,0.997,0.997
5,8,thermal,154,0.005,1000,4,4,0.997,0.997
5,8,thermal,154,0.01,1000,0,0,0.99,0.99
5,8,thermal,154,0.01,1000,1,1,0.99,0.99
5,8,thermal,154,0.01,1000,2,2,0.99,0.99
5,8,thermal,154,0.01,1000,3,3,0.994,0.9939999999999999
5,8,thermal,154,0.01,1000,4,4,0.994,0.9939999999999999
5,8,thermal,154,0.02,1000,0,0,0.984,0.984
5,8,thermal,154,0.02,1000,1,1,0.978,0.9779999999999999
5,8,thermal,154,0.02,1000,2,2,0.984,0.984
5,8,thermal,154,0.02,1000,3,3,0.979,0.9789999999999999
5,8,thermal,154,0.02,1000,4,4,0.984,0.984
5,8,thermal,154,0.05,1000,0,0,0.957,0.9569999999999999
5,8,thermal,154,0.05,1000,1,1,0.956,0.9559999999999998
5,8,thermal,154,0.05,1000,2,2,0.957,0.9569999999999999
5,8,thermal,154,0.05,1000,3,3,0.96,0.96
5,8,thermal,154,0.05,1000,4,4,0.961,0.9609999999999999
5,8,thermal,154,0.1,1000,0,0,0.927,0.9269999999999999
5,8,thermal,154,0.1,1000,1,1,0.925,0.925
5,8,thermal,154,0.1,1000,2,2,0.922,0.922
5,8,thermal,154,0.1,1000,3,3,0.925,0.925
5,8,thermal,154,0.1,1000,4,4,0.926,0.9259999999999999
5,16,thermal,298,0.0,1000,0,0,1.0,1.0
5,16,thermal,298,0.0,1000,1,1,1.0,1.0
5,16,thermal,298,0.0,1000,2,2,1.0,1.0
5,16,thermal,298,0.0,1000,3,3,1.0,1.0
5,16,thermal,298,0.0,1000,4,4,1.0,1.0
5,16,thermal,298,0.001,1000,0,0,0.999,0.9990000000000001
5,16,thermal,298,0.001,1000,1,1,0.998,0.9980000000000001
5,16,thermal,298,0.001,1000,2,2,0.999,0.9990000000000001
5,16,thermal,298,0.001,1000,3,3,0.999,0.9990000000000001
5,16,thermal,298,0.001,1000,4,4,0.998,0.9980000000000001
5,16,thermal,298,0.002,1000,0,0,0.997,0.997
5,16,thermal,298,0.002,1000,1,1,0.996,0.9960000000000001
5,16,thermal,298,0.002,1000,2,2,0.995,0.9949999999999999
5,16,thermal,298,0.002,1000,3,3,0.998,0.9980000000000001
5,16,thermal,298,0.002,1000,4,4,0.997,0.997
5,16,thermal,298,0.005,1000,0,0,0.99,0.99
5,16,thermal,298,0.005,1000,1,1,0.99,0.99
5,16,thermal,298,0.005,1000,2,2,0.99,0.99
5,16,thermal,298,0.005,1000,3,3,0.995,0.9949999999999999
5,16,thermal,298,0.005,1000,4,4,0.994,0.9939999999999999
5,16,thermal,298,0.01,1000,0,0,0.985,0.9850000000000001
5,16,thermal,298,0.01,1000,1,1,0.979,0.9789999999999999
5,16,thermal,298,0.01,1000,2,2,0.984,0.984
5,16,thermal,298,0.01,1000,3,3,0.979,0.9789999999999999
5,16,thermal,298,0.01,1000,4,4,0.984,0.984
5,16,thermal,298,0.02,1000,0,0,0.963,0.9629999999999999
5,16,thermal,298,0.02,1000,1,1,0.966,0.966
5,16,thermal,298,0.02,1000,2,2,0.964,0.964
5,16,thermal,298,0.02,1000,3,3,0.967,0.9670000000000001
5,16,thermal,298,0.02,1000,4,4,0.966,0.966
5,16,thermal,298,0.05,1000,0,0,0.929,0.929
5,16,thermal,298,0.05,1000,1,1,0.926,0.9259999999999999
5,16,thermal,298,0.05,1000,2,2,0.923,0.9229999999999999
5,16,thermal,298,0.05,1000,3,3,0.926,0.9259999999999999
5,16,thermal,298,0.05,1000,4,4,0.927,0.9269999999999999
5,16,thermal,298,0.1,1000,0,0,0.879,0.8790000000000001
5,16,thermal,298,0.1,1000,1,1,0.865,0.865
5,16,thermal,298,0.1,1000,2,2,0.86,0.86
5,16,thermal,298,0.1,1000,3,3,0.859,0.859
5,16,thermal,298,0.1,1000,4,4,0.856,0.856
5,32,thermal,586,0.0,1000,0,0,1.0,1.0
5,32,thermal,586,0.0,1000,1,1,1.0,1.0
5,32,thermal,586,0.0,1000,2,2,1.0,1.0
5,32,thermal,586,0.0,1000,3,3,1.0,1.0
5,32,thermal,586,0.0,1000,4,4,1.0,1.0
5,32,thermal,586,0.001,1000,0,0,0.997,0.997
5,32,thermal,586,0.001,1000,1,1,0.996,0.9960000000000001
5,32,thermal,586,0.001,1000,2,2,0.995,0.9949999999999999
5,32,thermal,586,0.001,1000,3,3,0.998,0.9980000000000001
5,32,thermal,586,0.001,1000,4,4,0.997,0.997
5,32,thermal,586,0.002,1000,0,0,0.993,0.993
5,32,thermal,586,0.002,1000,1,1,0.994,0.9939999999999999
5,32,thermal,586,0.002,1000,2,2,0.994,0.9939999999999999
5,32,thermal,586,0.002,1000,3,3,0.996,0.9960000000000001
5,32,thermal,586,0.002,1000,4,4,0.996,0.9960000000000001
5,32,thermal,586,0.005,1000,0,0,0.985,0.9850000000000001
5,32,thermal,586,0.005,1000,1,1,0.979,0.9789999999999999
5,32,thermal,586,0.005,1000,2,2,0.985,0.9850000000000001
5,32,thermal,586,0.005,1000,3,3,0.979,0.9789999999999999
5,32,thermal,586,0.005,1000,4,4,0.984,0.984
5,32,thermal,586,0.01,1000,0,0,0.964,0.964
5,32,thermal,586,0.01,1000,1,1,0.967,0.9670000000000001
5,32,thermal,586,0.01,1000,2,2,0.966,0.966
5,32,thermal,586,0.01,1000,3,3,0.968,0.968
5,32,thermal,586,0.01,1000,4,4,0.966,0.966
5,32,thermal,586,0.02,1000,0,0,0.939,0.939
5,32,thermal,586,0.02,1000,1,1,0.936,0.9359999999999999
5,32,thermal,586,0.02,1000,2,2,0.938,0.938
5,32,thermal,586,0.02,1000,3,3,0.942,0.942
5,32,thermal,586,0.02,1000,4,4,0.947,0.9469999999999998
5,32,thermal,586,0.05,1000,0,0,0.88,0.8800000000000001
5,32,thermal,586,0.05,1000,1,1,0.865,0.865
5,32,thermal,586,0.05,1000,2,2,0.863,0.8630000000000001
5,32,thermal,586,0.05,1000,3,3,0.859,0.859
5,32,thermal,586,0.05,1000,4,4,0.856,0.856
5,32,thermal,586,0.1,1000,0,0,0.752,0.752
5,32,thermal,586,0.1,1000,1,1,0.768,0.768
5,32,thermal,586,0.1,1000,2,2,0.75,0.7499999999999999
5,32,thermal,586,0.1,1000,3,3,0.764,0.764
5,32,thermal,586,0.1,1000,4,4,0.723,0.723
6,1,thermal,34,0.0,1000,0,0,1.0,1.0
6,1,thermal,34,0.0,1000,1,1,1.0,1.0
6,1,thermal,34,0.0,1000,2,2,1.0,1.0
6,1,thermal,34,0.0,1000,3,3,1.0,1.0
6,1,thermal,34,0.0,1000,4,4,1.0,1.0
6,1,thermal,34,0.001,1000,0,0,1.0,1.0
6,1,thermal,34,0.001,1000,1,1,1.0,1.0
6,1,thermal,34,0.001,1000,2,2,1.0,1.0
6,1,thermal,34,0.001,1000,3,3,1.0,1.0
6,1,thermal,34,0.001,1000,4,4,1.0,1.0
6,1,thermal,34,0.002,1000,0,0,0.999,0.9990000000000001
6,1,thermal,34,0.002,1000,1,1,0.999,0.9990000000000001
6,1,thermal,34,0.002,1000,2,2,1.0,1.0
6,1,thermal,34,0.002,1000,3,3,1.0,1.0
6,1,thermal,34,0.002,1000,4,4,1.0,1.0
6,1,thermal,34,0.005,1000,0,0,0.999,0.9990000000000001
6,1,thermal,34,0.005,1000,1,1,0.998,0.9980000000000001
6,1,thermal,34,0.005,1000,2,2,0.999,0.9990000000000001
6,1,thermal,34,0.005,1000,3,3,1.0,1.0
6,1,thermal,34,0.005,1000,4,4,0.998,0.9980000000000001
6,1,thermal,34,0.01,1000,0,0,0.999,0.9990000000000001
6,1,thermal,34,0.01,1000,1,1,0.996,0.9960000000000001
6,1,thermal,34,0.01,1000,2,2,0.995,0.9949999999999999
6,1,thermal,34,0.01,1000,3,3,0.998,0.9980000000000001
6,1,thermal,34,0.01,1000,4,4,0.997,0.997
6,1,thermal,34,0.02,1000,0,0,0.995,0.9949999999999999
6,1,thermal,34,0.02,1000,1,1,0.995,0.9949999999999999
6,1,thermal,34,0.02,1000,2,2,0.994,0.9939999999999999
6,1,thermal,34,0.02,1000,3,3,0.997,0.997
6,1,thermal,34,0.02,1000,4,4,0.997,0.997
6,1,thermal,34,0.05,1000,0,0,0.988,0.988
6,1,thermal,34,0.05,1000,1,1,0.981,0.9809999999999999
6,1,thermal,34,0.05,1000,2,2,0.987,0.987
6,1,thermal,34,0.05,1000,3,3,0.983,0.983
6,1,thermal,34,0.05,1000,4,4,0.991,0.9909999999999999
6,1,thermal,34,0.1,1000,0,0,0.971,0.971
6,1,thermal,34,0.1,1000,1,1,0.968,0.968
6,1,thermal,34,0.1,1000,2,2,0.975,0.975
6,1,thermal,34,0.1,1000,3,3,0.972,0.972
6,1,thermal,34,0.1,1000,4,4,0.973,0.9729999999999999
6,2,thermal,56,0.0,1000,0,0,1.0,1.0
6,2,thermal,56,0.0,1000,1,1,1.0,1.0
6,2,thermal,56,0.0,1000,2,2,1.0,1.0
6,2,thermal,56,0.0,1000,3,3,1.0,1.0
6,2,thermal,56,0.0,1000,4,4,1.0,1.0
6,2,thermal,56,0.001,1000,0,0,0.999,0.9990000000000001
6,2,thermal,56,0.001,1000,1,1,1.0,1.0
6,2,thermal,56,0.001,1000,2,2,1.0,1.0
6,2,thermal,56,0.001,1000,3,3,1.0,1.0
6,2,thermal,56,0.001,1000,4,4,1.0,1.0
6,2,thermal,56,0.002,1000,0,0,0.999,0.9990000000000001
6,2,thermal,56,0.002,1000,1,1,0.999,0.9990000000000001
6,2,thermal,56,0.002,1000,2,2,1.0,1.0
6,2,thermal,56,0.002,1000,3,3,1.0,1.0
6,2,thermal,56,0.002,1000,4,4,1.0,1.0
6,2,thermal,56,0.005,1000,0,0,0.999,0.9990000000000001
6,2,thermal,56,0.005,1000,1,1,0.998,0.9980000000000001
6,2,thermal,56,0.005,1000,2,2,0.999,0.9990000000000001
6,2,thermal,56,0.005,1000,3,3,1.0,1.0
6,2,thermal,56,0.005,1000,4,4,0.998,0.9980000000000001
6,2,thermal,56,0.01,1000,0,0,0.999,0.9990000000000001
6,2,thermal,56,0.01,1000,1,1,0.996,0.9960000000000001
6,2,thermal,56,0.01,1000,2,2,0.995,0.9949999999999999
6,2,thermal,56,0.01,1000,3,3,0.998,0.9980000000000001
6,2,thermal,56,0.01,1000,4,4,0.997,0.997
6,2,thermal,56,0.02,1000,0,0,0.995,0.9949999999999999
6,2,thermal,56,0.02,1000,1,1,0.995,0.9949999999999999
6,2,thermal,56,0.02,1000,2,2,0.994,0.9939999999999999
6,2,thermal,56,0.02,1000,3,3,0.996,0.9960000000000001
6,2,thermal,56,0.02,1000,4,4,0.997,0.997
6,2,thermal,56,0.05,1000,0,0,0.988,0.988
6,2,thermal,56,0.05,1000,1,1,0.98,0.9800000000000001
6,2,thermal,56,0.05,1000,2,2,0.985,0.9850000000000001
6,2,thermal,56,0.05,1000,3,3,0.98,0.9800000000000001
6,2,thermal,56,0.05,1000,4,4,0.989,0.989
6,2,thermal,56,0.1,1000,0,0,0.967,0.9670000000000001
6,2,thermal,56,0.1,1000,1,1,0.967,0.9670000000000001
6,2,thermal,56,0.1,1000,2,2,0.97,0.97
6,2,thermal,56,0.1,1000,3,3,0.971,0.971
6,2,thermal,56,0.1,1000,4,4,0.97,0.97
6,4,thermal,100,0.0,1000,0,0,1.0,1.0
6,4,thermal,100,0.0,1000,1,1,1.0,1.0
6,4,thermal,100,0.0,1000,2,2,1.0,1.0
6,4,thermal,100,0.0,1000,3,3,1.0,1.0
6,4,thermal,100,0.0,1000,4,4,1.0,1.0
6,4,thermal,100,0.001,1000,0,0,0.999,0.9990000000000001
6,4,thermal,100,0.001,1000,1,1,0.999,0.9990000000000001
6,4,thermal,100,0.001,1000,2,2,1.0,1.0
6,4,thermal,100,0.001,1000,3,3,1.0,1.0
6,4,thermal,100,0.001,1000,4,4,1.0,1.0
6,4,thermal,100,0.002,1000,0,0,0.999,0.9990000000000001
6,4,thermal,100,0.002,1000,1,1,0.999,0.9990000000000001
6,4,thermal,100,0.002,1000,2,2,0.999,0.9990000000000001
6,4,thermal,100,0.002,1000,3,3,1.0,1.0
6,4,thermal,100,0.002,1000,4,4,0.998,0.9980000000000001
6,4,thermal,100,0.005,1000,0,0,0.999,0.9990000000000001
6,4,thermal,100,0.005,1000,1,1,0.996,0.9960000000000001
6,4,thermal,100,0.005,1000,2,2,0.995,0.9949999999999999
6,4,thermal,100,0.005,1000,3,3,0.998,0.9980000000000001
6,4,thermal,100,0.005,1000,4,4,0.997,0.997
6,4,thermal,100,0.01,1000,0,0,0.995,0.9949999999999999
6,4,thermal,100,0.01,1000,1,1,0.995,0.9949999999999999
6,4,thermal,100,0.01,1000,2,2,0.994,0.9939999999999999
6,4,thermal,100,0.01,1000,3,3,0.996,0.9960000000000001
6,4,thermal,100,0.01,1000,4,4,0.997,0.997
6,4,thermal,100,0.02,1000,0,0,0.988,0.988
6,4,thermal,100,0.02,1000,1,1,0.986,0.986
6,4,thermal,100,0.02,1000,2,2,0.988,0.988
6,4,thermal,100,0.02,1000,3,3,0.991,0.9909999999999999
6,4,thermal,100,0.02,1000,4,4,0.992,0.992
6,4,thermal,100,0.05,1000,0,0,0.969,0.9689999999999999
6,4,thermal,100,0.05,1000,1,1,0.967,0.9670000000000001
6,4,thermal,100,0.05,1000,2,2,0.972,0.972
6,4,thermal,100,0.05,1000,3,3,0.972,0.972
6,4,thermal,100,0.05,1000,4,4,0.972,0.972
6,4,thermal,100,0.1,1000,0,0,0.95,0.9499999999999998
6,4,thermal,100,0.1,1000,1,1,0.945,0.945
6,4,thermal,100,0.1,1000,2,2,0.946,0.946
6,4,thermal,100,0.1,1000,3,3,0.952,0.9519999999999998
6,4,thermal,100,0.1,1000,4,4,0.956,0.9559999999999998
6,8,thermal,188,0.0,1000,0,0,1.0,1.0
6,8,thermal,188,0.0,1000,1,1,1.0,1.0
6,8,thermal,188,0.0,1000,2,2,1.0,1.0
6,8,thermal,188,0.0,1000,3,3,1.0,1.0
6,8,thermal,188,0.0,1000,4,4,1.0,1.0
6,8,thermal,188,0.001,1000,0,0,0.999,0.9990000000000001
6,8,thermal,188,0.001,1000,1,1,0.999,0.9990000000000001
6,8,thermal,188,0.001,1000,2,2,0.999,0.9990000000000001
6,8,thermal,188,0.001,1000,3,3,1.0,1.0
6,8,thermal,188,0.001,1000,4,4,0.998,0.9980000000000001
6,8,thermal,188,0.002,1000,0,0,0.999,0.9990000000000001
6,8,thermal,188,0.002,1000,1,1,0.996,0.9960000000000001
6,8,thermal,188,0.002,1000,2,2,0.996,0.9960000000000001
6,8,thermal,188,0.002,1000,3,3,0.998,0.9980000000000001
6,8,thermal,188,0.002,1000,4,4,0.997,0.997
6,8,thermal,188,0.005,1000,0,0,0.995,0.9949999999999999
6,8,thermal,188,0.005,1000,1,1,0.995,0.9949999999999999
6,8,thermal,188,0.005,1000,2,2,0.994,0.9939999999999999
6,8,thermal,188,0.005,1000,3,3,0.996,0.9960000000000001
6,8,thermal,188,0.005,1000,4,4,0.997,0.997
6,8,thermal,188,0.01,1000,0,0,0.988,0.988
6,8,thermal,188,0.01,1000,1,1,0.987,0.987
6,8,thermal,188,0.01,1000,2,2,0.988,0.988
6,8,thermal,188,0.01,1000,3,3,0.992,0.992
6,8,thermal,188,0.01,1000,4,4,0.993,0.993
6,8,thermal,188,0.02,1000,0,0,0.98,0.9800000000000001
6,8,thermal,188,0.02,1000,1,1,0.974,0.9739999999999999
6,8,thermal,188,0.02,1000,2,2,0.981,0.9809999999999999
6,8,thermal,188,0.02,1000,3,3,0.977,0.9770000000000001
6,8,thermal,188,0.02,1000,4,4,0.982,0.9820000000000001
6,8,thermal,188,0.05,1000,0,0,0.951,0.951
6,8,thermal,188,0.05,1000,1,1,0.947,0.9469999999999998
6,8,thermal,188,0.05,1000,2,2,0.947,0.9469999999999998
6,8,thermal,188,0.05,1000,3,3,0.953,0.953
6,8,thermal,188,0.05,1000,4,4,0.956,0.9559999999999998
6,8,thermal,188,0.1,1000,0,0,0.914,0.9139999999999999
6,8,thermal,188,0.1,1000,1,1,0.909,0.909
6,8,thermal,188,0.1,1000,2,2,0.909,0.909
6,8,thermal,188,0.1,1000,3,3,0.912,0.9120000000000001
6,8,thermal,188,0.1,1000,4,4,0.905,0.905
6,16,thermal,364,0.0,1000,0,0,1.0,1.0
6,16,thermal,364,0.0,1000,1,1,1.0,1.0
6,16,thermal,364,0.0,1000,2,2,1.0,1.0
6,16,thermal,364,0.0,1000,3,3,1.0,1.0
6,16,thermal,364,0.0,1000,4,4,1.0,1.0
6,16,thermal,364,0.001,1000,0,0,0.999,0.9990000000000001
6,16,thermal,364,0.001,1000,1,1,0.996,0.9960000000000001
6,16,thermal,364,0.001,1000,2,2,0.996,0.9960000000000001
6,16,thermal,364,0.001,1000,3,3,0.998,0.9980000000000001
6,16,thermal,364,0.001,1000,4,4,0.997,0.997
6,16,thermal,364,0.002,1000,0,0,0.996,0.9960000000000001
6,16,thermal,364,0.002,1000,1,1,0.995,0.9949999999999999
6,16,thermal,364,0.002,1000,2,2,0.994,0.9939999999999999
6,16,thermal,364,0.002,1000,3,3,0.997,0.997
6,16,thermal,364,0.002,1000,4,4,0.997,0.997
6,16,thermal,364,0.005,1000,0,0,0.988,0.988
6,16,thermal,364,0.005,1000,1,1,0.987,0.987
6,16,thermal,364,0.005,1000,2,2,0.989,0.989
6,16,thermal,364,0.005,1000,3,3,0.992,0.992
6,16,thermal,364,0.005,1000,4,4,0.993,0.993
6,16,thermal,364,0.01,1000,0,0,0.98,0.9800000000000001
6,16,thermal,364,0.01,1000,1,1,0.975,0.975
6,16,thermal,364,0.01,1000,2,2,0.983,0.983
6,16,thermal,364,0.01,1000,3,3,0.977,0.9770000000000001
6,16,thermal,364,0.01,1000,4,4,0.982,0.9820000000000001
6,16,thermal,364,0.02,1000,0,0,0.958,0.9580000000000001
6,16,thermal,364,0.02,1000,1,1,0.957,0.9569999999999999
6,16,thermal,364,0.02,1000,2,2,0.959,0.9590000000000001
6,16,thermal,364,0.02,1000,3,3,0.96,0.96
6,16,thermal,364,0.02,1000,4,4,0.961,0.9609999999999999
6,16,thermal,364,0.05,1000,0,0,0.915,0.9150000000000001
6,16,thermal,364,0.05,1000,1,1,0.912,0.9120000000000001
6,16,thermal,364,0.05,1000,2,2,0.909,0.909
6,16,thermal,364,0.05,1000,3,3,0.913,0.9129999999999999
6,16,thermal,364,0.05,1000,4,4,0.908,0.9080000000000001
6,16,thermal,364,0.1,1000,0,0,0.845,0.845
6,16,thermal,364,0.1,1000,1,1,0.842,0.8419999999999999
6,16,thermal,364,0.1,1000,2,2,0.826,0.826
6,16,thermal,364,0.1,1000,3,3,0.84,0.84
6,16,thermal,364,0.1,1000,4,4,0.825,0.825
6,32,thermal,716,0.0,1000,0,0,1.0,1.0
6,32,thermal,716,0.0,1000,1,1,1.0,1.0
6,32,thermal,716,0.0,1000,2,2,1.0,1.0
6,32,thermal,716,0.0,1000,3,3,1.0,1.0
6,32,thermal,716,0.0,1000,4,4,1.0,1.0
6,32,thermal,716,0.001,1000,0,0,0.996,0.9960000000000001
6,32,thermal,716,0.001,1000,1,1,0.995,0.9949999999999999
6,32,thermal,716,0.001,1000,2,2,0.994,0.9939999999999999
6,32,thermal,716,0.001,1000,3,3,0.997,0.997
6,32,thermal,716,0.001,1000,4,4,0.997,0.997
6,32,thermal,716,0.002,1000,0,0,0.99,0.99
6,32,thermal,716,0.002,1000,1,1,0.992,0.992
6,32,thermal,716,0.002,1000,2,2,0.99,0.99
6,32,thermal,716,0.002,1000,3,3,0.996,0.9960000000000001
6,32,thermal,716,0.002,1000,4,4,0.994,0.9939999999999999
6,32,thermal,716,0.005,1000,0,0,0.98,0.9800000000000001
6,32,thermal,716,0.005,1000,1,1,0.975,0.975
6,32,thermal,716,0.005,1000,2,2,0.983,0.983
6,32,thermal,716,0.005,1000,3,3,0.977,0.9770000000000001
6,32,thermal,716,0.005,1000,4,4,0.982,0.9820000000000001
6,32,thermal,716,0.01,1000,0,0,0.958,0.9580000000000001
6,32,thermal,716,0.01,1000,1,1,0.957,0.9569999999999999
6,32,thermal,716,0.01,1000,2,2,0.959,0.9590000000000001
6,32,thermal,716,0.01,1000,3,3,0.962,0.9620000000000001
6,32,thermal,716,0.01,1000,4,4,0.962,0.9620000000000001
6,32,thermal,716,0.02,1000,0,0,0.931,0.9309999999999999
6,32,thermal,716,0.02,1000,1,1,0.926,0.9259999999999999
6,32,thermal,716,0.02,1000,2,2,0.926,0.9259999999999999
6,32,thermal,716,0.02,1000,3,3,0.928,0.928
6,32,thermal,716,0.02,1000,4,4,0.931,0.9309999999999999
6,32,thermal,716,0.05,1000,0,0,0.845,0.845
6,32,thermal,716,0.05,1000,1,1,0.843,0.843
6,32,thermal,716,0.05,1000,2,2,0.828,0.828
6,32,thermal,716,0.05,1000,3,3,0.841,0.841
6,32,thermal,716,0.05,1000,4,4,0.825,0.825
6,32,thermal,716,0.1,1000,0,0,0.706,0.706
6,32,thermal,716,0.1,1000,1,1,0.717,0.7169999999999999
6,32,thermal,716,0.1,1000,2,2,0.7,0.7000000000000001
6,32,thermal,716,0.1,1000,3,3,0.706,0.706
6,32,thermal,716,0.1,1000,4,4,0.68,0.68
