qubits,depth,noise_model,noise_probability,mean_success,std_success,mean_fidelity,std_fidelity,mean_error_rate
2,1,bit_flip,0.0,1.0,0.0,1.0,0.0,0.0
2,1,bit_flip,0.001,0.9955999999999999,0.001341640786499893,0.9955999999999999,0.001341640786499893,0.0044000000000000705
2,1,bit_flip,0.002,0.991,0.0028284271247462074,0.991,0.0028284271247462074,0.009000000000000008
2,1,bit_flip,0.005,0.9772000000000001,0.003271085446759244,0.9772000000000001,0.003271085446759244,0.02279999999999993
2,1,bit_flip,0.01,0.9576,0.0027018512172212383,0.9575999999999999,0.0027018512172213086,0.04239999999999999
2,1,bit_flip,0.02,0.9214,0.0025099800796022287,0.9214,0.0025099800796022287,0.0786
2,1,bit_flip,0.05,0.8192,0.00960208310732621,0.8192,0.009602083107326161,0.18079999999999996
2,1,bit_flip,0.1,0.6654,0.014758048651498606,0.6654000000000001,0.014758048651498639,0.3346
2,1,depolarizing,0.0,1.0,0.0,1.0,0.0,0.0
2,1,depolarizing,0.001,0.9952,0.0013038404810405326,0.9952,0.0013038404810405326,0.0048000000000000265
2,1,depolarizing,0.002,0.9868,0.003701351104664382,0.9868,0.003701351104664382,0.01319999999999999
2,1,depolarizing,0.005,0.9686,0.0015165750888103265,0.9686,0.0015165750888103265,0.031399999999999983
2,1,depolarizing,0.01,0.9453999999999999,0.004929503017546479,0.9453999999999999,0.00492950301754646,0.05460000000000009
2,1,depolarizing,0.02,0.8960000000000001,0.005338539126015658,0.8959999999999999,0.005338539126015653,0.10399999999999987
2,1,depolarizing,0.05,0.7664,0.014638989036132248,0.7664,0.014638989036132238,0.23360000000000003
2,1,depolarizing,0.1,0.5958,0.01430734077318353,0.5958,0.01430734077318353,0.4042
2,1,phase_flip,0.0,1.0,0.0,1.0,0.0,0.0
2,1,phase_flip,0.001,0.991,0.0028284271247462074,0.991,0.0028284271247462074,0.009000000000000008
2,1,phase_flip,0.002,0.9810000000000001,0.003937003937005888,0.9810000000000001,0.003937003937005888,0.018999999999999906
2,1,phase_flip,0.005,0.9576,0.0027018512172212383,0.9575999999999999,0.0027018512172213086,0.04239999999999999
2,1,phase_flip,0.01,0.9222000000000001,0.001923538406167145,0.9222000000000001,0.001923538406167145,0.07779999999999987
2,1,phase_flip,0.02,0.8550000000000001,0.007905694150420937,0.8549999999999999,0.007905694150420925,0.1449999999999999
2,1,phase_flip,0.05,0.6776,0.013649175799292791,0.6776000000000001,0.013649175799292741,0.3224
2,1,phase_flip,0.1,0.4732,0.01047377677822092,0.47319999999999995,0.010473776778220931,0.5267999999999999
2,1,readout,0.0,1.0,0.0,1.0,0.0,0.0
2,1,readout,0.001,0.9978,0.0013038404810405213,0.9978,0.0013038404810405213,0.0021999999999999797
2,1,readout,0.002,0.9964000000000001,0.002073644135332786,0.9964000000000001,0.002073644135332786,0.0035999999999999366
2,1,readout,0.005,0.99,0.0025495097567963944,0.99,0.0025495097567963944,0.010000000000000009
2,1,readout,0.01,0.9804,0.007266360849833971,0.9804,0.007266360849833971,0.01959999999999995
2,1,readout,0.02,0.9640000000000001,0.005244044240850744,0.9640000000000001,0.005244044240850744,0.03599999999999992
2,1,readout,0.05,0.9024000000000001,0.0068044103344816155,0.9024000000000001,0.006804410334481626,0.09759999999999991
2,1,readout,0.1,0.806,0.011135528725660036,0.806,0.011135528725659948,0.19399999999999995
2,1,thermal,0.0,1.0,0.0,1.0,0.0,0.0
2,1,thermal,0.001,1.0,0.0,1.0,0.0,0.0
2,1,thermal,0.002,1.0,0.0,1.0,0.0,0.0
2,1,thermal,0.005,0.9998000000000001,0.0004472135954999242,0.9998000000000001,0.0004472135954999242,0.00019999999999986695
2,1,thermal,0.01,0.9996,0.0005477225575052004,0.9996,0.0005477225575052004,0.00039999999999995595
2,1,thermal,0.02,0.9987999999999999,0.0008366600265340829,0.9987999999999999,0.0008366600265340829,0.0012000000000000899
2,1,thermal,0.05,0.9970000000000001,0.001581138830084216,0.9970000000000001,0.001581138830084216,0.0029999999999998916
2,1,thermal,0.1,0.9949999999999999,0.0009999999999999998,0.9949999999999999,0.0009999999999999998,0.0050000000000001155
2,2,bit_flip,0.0,1.0,0.0,1.0,0.0,0.0
2,2,bit_flip,0.001,0.9890000000000001,0.002449489742783197,0.9890000000000001,0.002449489742783197,0.010999999999999899
2,2,bit_flip,0.002,0.9776,0.003507135583350022,0.9776,0.003507135583350022,0.022399999999999975
2,2,bit_flip,0.005,0.9495999999999999,0.004505552130427515,0.9495999999999999,0.004505552130427467,0.05040000000000011
2,2,bit_flip,0.01,0.9052,0.0037682887362833583,0.9052,0.0037682887362833583,0.0948
2,2,bit_flip,0.02,0.8238,0.009757048734120392,0.8238,0.009757048734120418,0.17620000000000002
2,2,bit_flip,0.05,0.6218,0.013917614738165471,0.6218000000000001,0.01391761473816549,0.3782
2,2,bit_flip,0.1,0.40259999999999996,0.016727223320085118,0.40259999999999996,0.016727223320085118,0.5974
2,2,depolarizing,0.0,1.0,0.0,1.0,0.0,0.0
2,2,depolarizing,0.001,0.99,0.0029154759474226528,0.99,0.0029154759474226528,0.010000000000000009
2,2,depolarizing,0.002,0.9795999999999999,0.0034351128074635276,0.9795999999999999,0.0034351128074635276,0.020400000000000085
2,2,depolarizing,0.005,0.954,0.0033911649915626474,0.954,0.0033911649915626704,0.04600000000000004
2,2,depolarizing,0.01,0.9146000000000001,0.002073644135332779,0.9146000000000001,0.002073644135332779,0.08539999999999992
2,2,depolarizing,0.02,0.8416,0.00950263121456366,0.8416,0.0095026312145637,0.15839999999999999
2,2,depolarizing,0.05,0.6524,0.014690132742763115,0.6523999999999999,0.014690132742763077,0.3476
2,2,depolarizing,0.1,0.4492,0.01657407614318215,0.44919999999999993,0.016574076143182195,0.5508
2,2,phase_flip,0.0,1.0,0.0,1.0,0.0,0.0
2,2,phase_flip,0.001,0.9890000000000001,0.002449489742783197,0.9890000000000001,0.002449489742783197,0.010999999999999899
2,2,phase_flip,0.002,0.9776,0.003507135583350022,0.9776,0.003507135583350022,0.022399999999999975
2,2,phase_flip,0.005,0.9495999999999999,0.004505552130427515,0.9495999999999999,0.004505552130427467,0.05040000000000011
2,2,phase_flip,0.01,0.9052,0.0037682887362833583,0.9052,0.0037682887362833583,0.0948
2,2,phase_flip,0.02,0.8238,0.009757048734120392,0.8238,0.009757048734120418,0.17620000000000002
2,2,phase_flip,0.05,0.6218,0.013917614738165471,0.6218000000000001,0.01391761473816549,0.3782
2,2,phase_flip,0.1,0.40259999999999996,0.016727223320085118,0.40259999999999996,0.016727223320085118,0.5974
2,2,readout,0.0,1.0,0.0,1.0,0.0,0.0
2,2,readout,0.001,0.9978,0.0013038404810405213,0.9978,0.0013038404810405213,0.0021999999999999797
2,2,readout,0.002,0.9964000000000001,0.002073644135332786,0.9964000000000001,0.002073644135332786,0.0035999999999999366
2,2,readout,0.005,0.99,0.0025495097567963944,0.99,0.0025495097567963944,0.010000000000000009
2,2,readout,0.01,0.9804,0.007266360849833971,0.9804,0.007266360849833971,0.01959999999999995
2,2,readout,0.02,0.9640000000000001,0.005244044240850744,0.9640000000000001,0.005244044240850744,0.03599999999999992
2,2,readout,0.05,0.9024000000000001,0.0068044103344816155,0.9024000000000001,0.006804410334481626,0.09759999999999991
2,2,readout,0.1,0.806,0.011135528725660036,0.806,0.011135528725659948,0.19399999999999995
2,2,thermal,0.0,1.0,0.0,1.0,0.0,0.0
2,2,thermal,0.001,1.0,0.0,1.0,0.0,0.0
2,2,thermal,0.002,1.0,0.0,1.0,0.0,0.0
2,2,thermal,0.005,0.9998000000000001,0.0004472135954999242,0.9998000000000001,0.0004472135954999242,0.00019999999999986695
2,2,thermal,0.01,0.9996,0.0005477225575052004,0.9996,0.0005477225575052004,0.00039999999999995595
2,2,thermal,0.02,0.9987999999999999,0.0008366600265340829,0.9987999999999999,0.0008366600265340829,0.0012000000000000899
2,2,thermal,0.05,0.9962,0.0008366600265340797,0.9962,0.0008366600265340797,0.0038000000000000256
2,2,thermal,0.1,0.9928000000000001,0.002588435821108966,0.9928000000000001,0.002588435821108966,0.007199999999999873
2,4,bit_flip,0.0,1.0,0.0,1.0,0.0,0.0
2,4,bit_flip,0.001,0.9795999999999999,0.0034351128074635276,0.9795999999999999,0.0034351128074635276,0.020400000000000085
2,4,bit_flip,0.002,0.9602,0.002167948338867923,0.9602,0.002167948338867923,0.03979999999999995
2,4,bit_flip,0.005,0.9146000000000001,0.002073644135332779,0.9146000000000001,0.002073644135332779,0.08539999999999992
2,4,bit_flip,0.01,0.8416,0.00950263121456366,0.8416,0.0095026312145637,0.15839999999999999
2,4,bit_flip,0.02,0.7091999999999999,0.012637246535539338,0.7091999999999999,0.012637246535539338,0.29080000000000006
2,4,bit_flip,0.05,0.44980000000000003,0.016558985476169727,0.4497999999999999,0.01655898547616976,0.5502
2,4,bit_flip,0.1,0.2868,0.009859006035092977,0.28679999999999994,0.009859006035092939,0.7132000000000001
2,4,depolarizing,0.0,1.0,0.0,1.0,0.0,0.0
2,4,depolarizing,0.001,0.9812,0.004086563348340528,0.9812,0.004086563348340528,0.01880000000000004
2,4,depolarizing,0.002,0.9644,0.0020736441353327337,0.9644,0.0020736441353327337,0.035599999999999965
2,4,depolarizing,0.005,0.923,0.001732050807568887,0.923,0.001732050807568887,0.07699999999999996
2,4,depolarizing,0.01,0.857,0.008366600265340755,0.857,0.008366600265340822,0.14300000000000002
2,4,depolarizing,0.02,0.7386,0.01628803241647069,0.7386,0.016288032416470657,0.26139999999999997
2,4,depolarizing,0.05,0.49779999999999996,0.011122050170719442,0.49779999999999996,0.011122050170719466,0.5022
2,4,depolarizing,0.1,0.31379999999999997,0.012275992831539134,0.31379999999999997,0.012275992831539182,0.6862
2,4,phase_flip,0.0,1.0,0.0,1.0,0.0,0.0
2,4,phase_flip,0.001,0.9795999999999999,0.0034351128074635276,0.9795999999999999,0.0034351128074635276,0.020400000000000085
2,4,phase_flip,0.002,0.9602,0.002167948338867923,0.9602,0.002167948338867923,0.03979999999999995
2,4,phase_flip,0.005,0.9146000000000001,0.002073644135332779,0.9146000000000001,0.002073644135332779,0.08539999999999992
2,4,phase_flip,0.01,0.8416,0.00950263121456366,0.8416,0.0095026312145637,0.15839999999999999
2,4,phase_flip,0.02,0.7091999999999999,0.012637246535539338,0.7091999999999999,0.012637246535539338,0.29080000000000006
2,4,phase_flip,0.05,0.44980000000000003,0.016558985476169727,0.4497999999999999,0.01655898547616976,0.5502
2,4,phase_flip,0.1,0.2868,0.009859006035092977,0.28679999999999994,0.009859006035092939,0.7132000000000001
2,4,readout,0.0,1.0,0.0,1.0,0.0,0.0
2,4,readout,0.001,0.9978,0.0013038404810405213,0.9978,0.0013038404810405213,0.0021999999999999797
2,4,readout,0.002,0.9964000000000001,0.002073644135332786,0.9964000000000001,0.002073644135332786,0.0035999999999999366
2,4,readout,0.005,0.99,0.0025495097567963944,0.99,0.0025495097567963944,0.010000000000000009
2,4,readout,0.01,0.9804,0.007266360849833971,0.9804,0.007266360849833971,0.01959999999999995
2,4,readout,0.02,0.9640000000000001,0.005244044240850744,0.9640000000000001,0.005244044240850744,0.03599999999999992
2,4,readout,0.05,0.9024000000000001,0.0068044103344816155,0.9024000000000001,0.006804410334481626,0.09759999999999991
2,4,readout,0.1,0.806,0.011135528725660036,0.806,0.011135528725659948,0.19399999999999995
2,4,thermal,0.0,1.0,0.0,1.0,0.0,0.0
2,4,thermal,0.001,1.0,0.0,1.0,0.0,0.0
2,4,thermal,0.002,0.9998000000000001,0.0004472135954999242,0.9998000000000001,0.0004472135954999242,0.00019999999999986695
2,4,thermal,0.005,0.9996,0.0005477225575052004,0.9996,0.0005477225575052004,0.00039999999999995595
2,4,thermal,0.01,0.9987999999999999,0.0008366600265340829,0.9987999999999999,0.0008366600265340829,0.0012000000000000899
2,4,thermal,0.02,0.9970000000000001,0.001581138830084216,0.9970000000000001,0.001581138830084216,0.0029999999999998916
2,4,thermal,0.05,0.9942,0.0017888543819998353,0.9942,0.0017888543819998353,0.005800000000000027
2,4,thermal,0.1,0.9846,0.004037325847637266,0.9846,0.004037325847637266,0.01539999999999997
2,8,bit_flip,0.0,1.0,0.0,1.0,0.0,0.0
2,8,bit_flip,0.001,0.9621999999999999,0.0016431676725155234,0.9621999999999999,0.0016431676725155234,0.037800000000000056
2,8,bit_flip,0.002,0.9334,0.003974921382870327,0.9334000000000001,0.003974921382870278,0.06659999999999999
2,8,bit_flip,0.005,0.8488,0.009731392500562286,0.8488,0.009731392500562331,0.1512
2,8,bit_flip,0.01,0.7258,0.012275992831539156,0.7258,0.012275992831539193,0.2742
2,8,bit_flip,0.02,0.5438000000000001,0.013367871932360827,0.5438000000000001,0.01336787193236078,0.45619999999999994
2,8,bit_flip,0.05,0.30019999999999997,0.011606032913963343,0.3001999999999999,0.011606032913963317,0.6998
2,8,bit_flip,0.1,0.242,0.008860022573334682,0.24199999999999994,0.008860022573334674,0.758
2,8,depolarizing,0.0,1.0,0.0,1.0,0.0,0.0
2,8,depolarizing,0.001,0.9662,0.001483239697419098,0.9662,0.001483239697419098,0.03380000000000005
2,8,depolarizing,0.002,0.9405999999999999,0.004159326868617066,0.9405999999999999,0.004159326868617044,0.05940000000000012
2,8,depolarizing,0.005,0.8654,0.008734987120769038,0.8654,0.008734987120769044,0.13460000000000005
2,8,depolarizing,0.01,0.7538,0.016084153692376868,0.7538,0.01608415369237689,0.24619999999999997
2,8,depolarizing,0.02,0.5804,0.012054044964243303,0.5804,0.012054044964243326,0.4196
2,8,depolarizing,0.05,0.33,0.012903487900563945,0.32999999999999996,0.012903487900563984,0.6699999999999999
2,8,depolarizing,0.1,0.2486,0.008848728722251582,0.2486,0.00884872872225157,0.7514000000000001
2,8,phase_flip,0.0,1.0,0.0,1.0,0.0,0.0
2,8,phase_flip,0.001,0.9621999999999999,0.0016431676725155234,0.9621999999999999,0.0016431676725155234,0.037800000000000056
2,8,phase_flip,0.002,0.9334,0.003974921382870327,0.9334000000000001,0.003974921382870278,0.06659999999999999
2,8,phase_flip,0.005,0.8488,0.009731392500562286,0.8488,0.009731392500562331,0.1512
2,8,phase_flip,0.01,0.7258,0.012275992831539156,0.7258,0.012275992831539193,0.2742
2,8,phase_flip,0.02,0.5438000000000001,0.013367871932360827,0.5438000000000001,0.01336787193236078,0.45619999999999994
2,8,phase_flip,0.05,0.30019999999999997,0.011606032913963343,0.3001999999999999,0.011606032913963317,0.6998
2,8,phase_flip,0.1,0.242,0.008860022573334682,0.24199999999999994,0.008860022573334674,0.758
2,8,readout,0.0,1.0,0.0,1.0,0.0,0.0
2,8,readout,0.001,0.9978,0.0013038404810405213,0.9978,0.0013038404810405213,0.0021999999999999797
2,8,readout,0.002,0.9964000000000001,0.002073644135332786,0.9964000000000001,0.002073644135332786,0.0035999999999999366
2,8,readout,0.005,0.99,0.0025495097567963944,0.99,0.0025495097567963944,0.010000000000000009
2,8,readout,0.01,0.9804,0.007266360849833971,0.9804,0.007266360849833971,0.01959999999999995
2,8,readout,0.02,0.9640000000000001,0.005244044240850744,0.9640000000000001,0.005244044240850744,0.03599999999999992
2,8,readout,0.05,0.9024000000000001,0.0068044103344816155,0.9024000000000001,0.006804410334481626,0.09759999999999991
2,8,readout,0.1,0.806,0.011135528725660036,0.806,0.011135528725659948,0.19399999999999995
2,8,thermal,0.0,1.0,0.0,1.0,0.0,0.0
2,8,thermal,0.001,1.0,0.0,1.0,0.0,0.0
2,8,thermal,0.002,0.9996,0.0005477225575052004,0.9996,0.0005477225575052004,0.00039999999999995595
2,8,thermal,0.005,0.9987999999999999,0.0008366600265340829,0.9987999999999999,0.0008366600265340829,0.0012000000000000899
2,8,thermal,0.01,0.9970000000000001,0.001581138830084216,0.9970000000000001,0.001581138830084216,0.0029999999999998916
2,8,thermal,0.02,0.9954000000000001,0.0011401754250991486,0.9954000000000001,0.0011401754250991486,0.0045999999999999375
2,8,thermal,0.05,0.9853999999999999,0.003847076812334271,0.9853999999999999,0.003847076812334271,0.014600000000000057
2,8,thermal,0.1,0.9709999999999999,0.002449489742783197,0.9709999999999999,0.002449489742783197,0.029000000000000137
2,16,bit_flip,0.0,1.0,0.0,1.0,0.0,0.0
2,16,bit_flip,0.001,0.9354000000000001,0.004615192303685693,0.9354000000000001,0.004615192303685693,0.06459999999999988
2,16,bit_flip,0.002,0.8782,0.008105553651663775,0.8782,0.008105553651663823,0.12180000000000002
2,16,bit_flip,0.005,0.7333999999999999,0.01517563837207519,0.7333999999999999,0.0151756383720752,0.26660000000000006
2,16,bit_flip,0.01,0.5542,0.01336787193236083,0.5542,0.01336787193236083,0.4458
2,16,bit_flip,0.02,0.3546,0.013813037319865593,0.3546,0.013813037319865551,0.6454
2,16,bit_flip,0.05,0.24500000000000002,0.008717797887081357,0.24500000000000002,0.008717797887081357,0.755
2,16,bit_flip,0.1,0.2384,0.008876936408468853,0.2384,0.008876936408468816,0.7616
2,16,depolarizing,0.0,1.0,0.0,1.0,0.0,0.0
2,16,depolarizing,0.001,0.943,0.004636809247747821,0.943,0.004636809247747821,0.05700000000000005
2,16,depolarizing,0.002,0.8912000000000001,0.0060580524923444295,0.8911999999999999,0.006058052492344377,0.1087999999999999
2,16,depolarizing,0.005,0.761,0.016015617378046968,0.761,0.016015617378047006,0.239
2,16,depolarizing,0.01,0.5912,0.013917614738165458,0.5912,0.013917614738165489,0.40880000000000005
2,16,depolarizing,0.02,0.3888,0.01700588133558507,0.3888,0.017005881335585067,0.6112
2,16,depolarizing,0.05,0.252,0.010148891565092235,0.25199999999999995,0.010148891565092258,0.748
2,16,depolarizing,0.1,0.2384,0.008876936408468853,0.2384,0.008876936408468816,0.7616
2,16,phase_flip,0.0,1.0,0.0,1.0,0.0,0.0
2,16,phase_flip,0.001,0.9354000000000001,0.004615192303685693,0.9354000000000001,0.004615192303685693,0.06459999999999988
2,16,phase_flip,0.002,0.8782,0.008105553651663775,0.8782,0.008105553651663823,0.12180000000000002
2,16,phase_flip,0.005,0.7333999999999999,0.01517563837207519,0.7333999999999999,0.0151756383720752,0.26660000000000006
2,16,phase_flip,0.01,0.5542,0.01336787193236083,0.5542,0.01336787193236083,0.4458
2,16,phase_flip,0.02,0.3546,0.013813037319865593,0.3546,0.013813037319865551,0.6454
2,16,phase_flip,0.05,0.24500000000000002,0.008717797887081357,0.24500000000000002,0.008717797887081357,0.755
2,16,phase_flip,0.1,0.2384,0.008876936408468853,0.2384,0.008876936408468816,0.7616
2,16,readout,0.0,1.0,0.0,1.0,0.0,0.0
2,16,readout,0.001,0.9978,0.0013038404810405213,0.9978,0.0013038404810405213,0.0021999999999999797
2,16,readout,0.002,0.9964000000000001,0.002073644135332786,0.9964000000000001,0.002073644135332786,0.0035999999999999366
2,16,readout,0.005,0.99,0.0025495097567963944,0.99,0.0025495097567963944,0.010000000000000009
2,16,readout,0.01,0.9804,0.007266360849833971,0.9804,0.007266360849833971,0.01959999999999995
2,16,readout,0.02,0.9640000000000001,0.005244044240850744,0.9640000000000001,0.005244044240850744,0.03599999999999992
2,16,readout,0.05,0.9024000000000001,0.0068044103344816155,0.9024000000000001,0.006804410334481626,0.09759999999999991
2,16,readout,0.1,0.806,0.011135528725660036,0.806,0.011135528725659948,0.19399999999999995
2,16,thermal,0.0,1.0,0.0,1.0,0.0,0.0
2,16,thermal,0.001,0.9996,0.0005477225575052004,0.9996,0.0005477225575052004,0.00039999999999995595
2,16,thermal,0.002,0.9991999999999999,0.000447213595499963,0.9991999999999999,0.000447213595499963,0.0008000000000001339
2,16,thermal,0.005,0.9970000000000001,0.001581138830084216,0.9970000000000001,0.001581138830084216,0.0029999999999998916
2,16,thermal,0.01,0.9954000000000001,0.0011401754250991486,0.9954000000000001,0.0011401754250991486,0.0045999999999999375
2,16,thermal,0.02,0.9898,0.002588435821108955,0.9898,0.002588435821108955,0.010199999999999987
2,16,thermal,0.05,0.9718,0.0025884358211089296,0.9718,0.0025884358211089296,0.028200000000000003
2,16,thermal,0.1,0.953,0.003741657386773948,0.953,0.003741657386773948,0.04700000000000004
2,32,bit_flip,0.0,1.0,0.0,1.0,0.0,0.0
2,32,bit_flip,0.001,0.8804000000000001,0.007924645102463603,0.8804000000000001,0.00792464510246359,0.11959999999999993
2,32,bit_flip,0.002,0.7796000000000001,0.012915107432770379,0.7796000000000001,0.01291510743277034,0.22039999999999993
2,32,bit_flip,0.005,0.5594,0.011717508267545562,0.5593999999999999,0.01171750826754556,0.4406
2,32,bit_flip,0.01,0.3626,0.015323185047502371,0.3625999999999999,0.015323185047502349,0.6374
2,32,bit_flip,0.02,0.259,0.007416198487095666,0.259,0.007416198487095712,0.741
2,32,bit_flip,0.05,0.2384,0.008876936408468853,0.2384,0.008876936408468816,0.7616
2,32,bit_flip,0.1,0.23820000000000002,0.009121403400793104,0.23819999999999997,0.009121403400793059,0.7618
2,32,depolarizing,0.0,1.0,0.0,1.0,0.0,0.0
2,32,depolarizing,0.001,0.8932,0.005761944116355209,0.8932,0.005761944116355095,0.1068
2,32,depolarizing,0.002,0.8056000000000001,0.011760102040373595,0.8056000000000001,0.011760102040373617,0.1943999999999999
2,32,depolarizing,0.005,0.5982,0.013935566009315876,0.5982000000000001,0.01393556600931588,0.40180000000000005
2,32,depolarizing,0.01,0.3948,0.017005881335585064,0.39479999999999993,0.017005881335585022,0.6052
2,32,depolarizing,0.02,0.27060000000000006,0.0073688533707762195,0.2706,0.007368853370776297,0.7293999999999999
2,32,depolarizing,0.05,0.2384,0.008876936408468853,0.2384,0.008876936408468816,0.7616
2,32,depolarizing,0.1,0.23820000000000002,0.009121403400793104,0.23819999999999997,0.009121403400793059,0.7618
2,32,phase_flip,0.0,1.0,0.0,1.0,0.0,0.0
2,32,phase_flip,0.001,0.8804000000000001,0.007924645102463603,0.8804000000000001,0.00792464510246359,0.11959999999999993
2,32,phase_flip,0.002,0.7796000000000001,0.012915107432770379,0.7796000000000001,0.01291510743277034,0.22039999999999993
2,32,phase_flip,0.005,0.5594,0.011717508267545562,0.5593999999999999,0.01171750826754556,0.4406
2,32,phase_flip,0.01,0.3626,0.015323185047502371,0.3625999999999999,0.015323185047502349,0.6374
2,32,phase_flip,0.02,0.259,0.007416198487095666,0.259,0.007416198487095712,0.741
2,32,phase_flip,0.05,0.2384,0.008876936408468853,0.2384,0.008876936408468816,0.7616
2,32,phase_flip,0.1,0.23820000000000002,0.009121403400793104,0.23819999999999997,0.009121403400793059,0.7618
2,32,readout,0.0,1.0,0.0,1.0,0.0,0.0
2,32,readout,0.001,0.9978,0.0013038404810405213,0.9978,0.0013038404810405213,0.0021999999999999797
2,32,readout,0.002,0.9964000000000001,0.002073644135332786,0.9964000000000001,0.002073644135332786,0.0035999999999999366
2,32,readout,0.005,0.99,0.0025495097567963944,0.99,0.0025495097567963944,0.010000000000000009
2,32,readout,0.01,0.9804,0.007266360849833971,0.9804,0.007266360849833971,0.01959999999999995
2,32,readout,0.02,0.9640000000000001,0.005244044240850744,0.9640000000000001,0.005244044240850744,0.03599999999999992
2,32,readout,0.05,0.9024000000000001,0.0068044103344816155,0.9024000000000001,0.006804410334481626,0.09759999999999991
2,32,readout,0.1,0.806,0.011135528725660036,0.806,0.011135528725659948,0.19399999999999995
2,32,thermal,0.0,1.0,0.0,1.0,0.0,0.0
2,32,thermal,0.001,0.9994,0.0005477225575051843,0.9994,0.0005477225575051843,0.0006000000000000449
2,32,thermal,0.002,0.9972,0.0013038404810405539,0.9972,0.0013038404810405539,0.0028000000000000247
2,32,thermal,0.005,0.9955999999999999,0.001341640786499893,0.9955999999999999,0.001341640786499893,0.0044000000000000705
2,32,thermal,0.01,0.9898,0.002588435821108955,0.9898,0.002588435821108955,0.010199999999999987
2,32,thermal,0.02,0.9795999999999999,0.0034351128074635276,0.9795999999999999,0.0034351128074635276,0.020400000000000085
2,32,thermal,0.05,0.9533999999999999,0.003507135583350066,0.9533999999999999,0.0035071355833500633,0.046600000000000086
2,32,thermal,0.1,0.917,0.002121320343559651,0.917,0.002121320343559651,0.08299999999999996
3,1,bit_flip,0.0,1.0,0.0,1.0,0.0,0.0
3,1,bit_flip,0.001,0.9945999999999999,0.001341640786499824,0.9945999999999999,0.001341640786499824,0.005400000000000071
3,1,bit_flip,0.002,0.9853999999999999,0.003847076812334271,0.9853999999999999,0.003847076812334271,0.014600000000000057
3,1,bit_flip,0.005,0.9662,0.001483239697419098,0.9662,0.001483239697419098,0.03380000000000005
3,1,bit_flip,0.01,0.9398,0.004969909455915654,0.9398,0.004969909455915553,0.06020000000000003
3,1,bit_flip,0.02,0.885,0.008154753215150037,0.885,0.008154753215149966,0.11499999999999999
3,1,bit_flip,0.05,0.7386,0.01628803241647069,0.7386,0.016288032416470657,0.26139999999999997
3,1,bit_flip,0.1,0.536,0.012806248474865719,0.5360000000000001,0.01280624847486563,0.46399999999999997
3,1,depolarizing,0.0,1.0,0.0,1.0,0.0,0.0
3,1,depolarizing,0.001,0.99,0.0029154759474226528,0.99,0.0029154759474226528,0.010000000000000009
3,1,depolarizing,0.002,0.9795999999999999,0.0034351128074635276,0.9795999999999999,0.0034351128074635276,0.020400000000000085
3,1,depolarizing,0.005,0.9536,0.0032093613071762315,0.9536,0.0032093613071763074,0.0464
3,1,depolarizing,0.01,0.914,0.0018708286933869407,0.914,0.0018708286933869407,0.08599999999999997
3,1,depolarizing,0.02,0.8395999999999999,0.00960728889958039,0.8395999999999999,0.009607288899580365,0.1604000000000001
3,1,depolarizing,0.05,0.643,0.014628738838327802,0.643,0.014628738838327852,0.357
3,1,depolarizing,0.1,0.41479999999999995,0.018019433953373784,0.41479999999999995,0.018019433953373784,0.5852
3,1,phase_flip,0.0,1.0,0.0,1.0,0.0,0.0
3,1,phase_flip,0.001,0.9842000000000001,0.004024922359499626,0.9842000000000001,0.004024922359499626,0.015799999999999925
3,1,phase_flip,0.002,0.968,0.001581138830084232,0.968,0.001581138830084232,0.03200000000000003
3,1,phase_flip,0.005,0.9318,0.0041472882706655246,0.9318000000000002,0.004147288270665532,0.06820000000000004
3,1,phase_flip,0.01,0.8710000000000001,0.008972179222463175,0.8709999999999999,0.00897217922246318,0.1289999999999999
3,1,phase_flip,0.02,0.7604,0.015757537878742386,0.7604,0.01575753787874238,0.23960000000000004
3,1,phase_flip,0.05,0.507,0.010816653826391966,0.507,0.010816653826392016,0.493
3,1,phase_flip,0.1,0.2772,0.008228000972289658,0.2772,0.008228000972289632,0.7228
3,1,readout,0.0,1.0,0.0,1.0,0.0,0.0
3,1,readout,0.001,0.998,0.0007071067811865465,0.998,0.0007071067811865465,0.0020000000000000018
3,1,readout,0.002,0.9968,0.001303840481040533,0.9968,0.001303840481040533,0.0031999999999999806
3,1,readout,0.005,0.9858,0.0026832815729997505,0.9858,0.0026832815729997505,0.01419999999999999
3,1,readout,0.01,0.9705999999999999,0.007536577472566707,0.9705999999999999,0.007536577472566707,0.029400000000000093
3,1,readout,0.02,0.9423999999999999,0.006066300355241235,0.9423999999999999,0.006066300355241235,0.057600000000000096
3,1,readout,0.05,0.8586,0.011013627921806718,0.8586,0.011013627921806683,0.14139999999999997
3,1,readout,0.1,0.7288,0.011256109452204203,0.7287999999999999,0.011256109452204266,0.2712
3,1,thermal,0.0,1.0,0.0,1.0,0.0,0.0
3,1,thermal,0.001,1.0,0.0,1.0,0.0,0.0
3,1,thermal,0.002,1.0,0.0,1.0,0.0,0.0
3,1,thermal,0.005,0.9996,0.0005477225575052004,0.9996,0.0005477225575052004,0.00039999999999995595
3,1,thermal,0.01,0.999,0.0007071067811865482,0.999,0.0007071067811865482,0.0010000000000000009
3,1,thermal,0.02,0.9972,0.0013038404810405539,0.9972,0.0013038404810405539,0.0028000000000000247
3,1,thermal,0.05,0.9954000000000001,0.0011401754250991486,0.9954000000000001,0.0011401754250991486,0.0045999999999999375
3,1,thermal,0.1,0.9890000000000001,0.002449489742783197,0.9890000000000001,0.002449489742783197,0.010999999999999899
3,2,bit_flip,0.0,1.0,0.0,1.0,0.0,0.0
3,2,bit_flip,0.001,0.9804,0.004159326868617092,0.9804,0.004159326868617092,0.01959999999999995
3,2,bit_flip,0.002,0.9618,0.002167948338867884,0.9618,0.002167948338867884,0.03820000000000001
3,2,bit_flip,0.005,0.9190000000000002,0.0023452078799117396,0.9190000000000002,0.002345207879911742,0.08099999999999985
3,2,bit_flip,0.01,0.8469999999999999,0.009137833441248518,0.8470000000000001,0.009137833441248529,0.15300000000000014
3,2,bit_flip,0.02,0.7167999999999999,0.012853015210447724,0.7168,0.012853015210447696,0.2832000000000001
3,2,bit_flip,0.05,0.43220000000000003,0.01843095222716397,0.4321999999999999,0.01843095222716398,0.5678
3,2,bit_flip,0.1,0.22679999999999997,0.011122050170719424,0.22679999999999995,0.011122050170719438,0.7732
3,2,depolarizing,0.0,1.0,0.0,1.0,0.0,0.0
3,2,depolarizing,0.001,0.9826,0.0028809720581775924,0.9826,0.0028809720581775924,0.01739999999999997
3,2,depolarizing,0.002,0.9662,0.001483239697419098,0.9662,0.001483239697419098,0.03380000000000005
3,2,depolarizing,0.005,0.9272,0.0027748873851023135,0.9272,0.0027748873851023135,0.07279999999999998
3,2,depolarizing,0.01,0.8640000000000001,0.009,0.8640000000000001,0.009000000000000112,0.1359999999999999
3,2,depolarizing,0.02,0.7466,0.017343586710943038,0.7466000000000002,0.01734358671094309,0.25339999999999996
3,2,depolarizing,0.05,0.48979999999999996,0.013367871932360826,0.48979999999999996,0.013367871932360876,0.5102
3,2,depolarizing,0.1,0.2678,0.008786353054595528,0.2678,0.008786353054595528,0.7322
3,2,phase_flip,0.0,1.0,0.0,1.0,0.0,0.0
3,2,phase_flip,0.001,0.9804,0.004159326868617092,0.9804,0.004159326868617092,0.01959999999999995
3,2,phase_flip,0.002,0.9618,0.002167948338867884,0.9618,0.002167948338867884,0.03820000000000001
3,2,phase_flip,0.005,0.9190000000000002,0.0023452078799117396,0.9190000000000002,0.002345207879911742,0.08099999999999985
3,2,phase_flip,0.01,0.8469999999999999,0.009137833441248518,0.8470000000000001,0.009137833441248529,0.15300000000000014
3,2,phase_flip,0.02,0.7167999999999999,0.012853015210447724,0.7168,0.012853015210447696,0.2832000000000001
3,2,phase_flip,0.05,0.43220000000000003,0.01843095222716397,0.4321999999999999,0.01843095222716398,0.5678
3,2,phase_flip,0.1,0.22679999999999997,0.011122050170719424,0.22679999999999995,0.011122050170719438,0.7732
3,2,readout,0.0,1.0,0.0,1.0,0.0,0.0
3,2,readout,0.001,0.998,0.0007071067811865465,0.998,0.0007071067811865465,0.0020000000000000018
3,2,readout,0.002,0.9968,0.001303840481040533,0.9968,0.001303840481040533,0.0031999999999999806
3,2,readout,0.005,0.9858,0.0026832815729997505,0.9858,0.0026832815729997505,0.01419999999999999
3,2,readout,0.01,0.9705999999999999,0.007536577472566707,0.9705999999999999,0.007536577472566707,0.029400000000000093
3,2,readout,0.02,0.9423999999999999,0.006066300355241235,0.9423999999999999,0.006066300355241235,0.057600000000000096
3,2,readout,0.05,0.8586,0.011013627921806718,0.8586,0.011013627921806683,0.14139999999999997
3,2,readout,0.1,0.7288,0.011256109452204203,0.7287999999999999,0.011256109452204266,0.2712
3,2,thermal,0.0,1.0,0.0,1.0,0.0,0.0
3,2,thermal,0.001,1.0,0.0,1.0,0.0,0.0
3,2,thermal,0.002,1.0,0.0,1.0,0.0,0.0
3,2,thermal,0.005,0.9996,0.0005477225575052004,0.9996,0.0005477225575052004,0.00039999999999995595
3,2,thermal,0.01,0.9987999999999999,0.0008366600265340829,0.9987999999999999,0.0008366600265340829,0.0012000000000000899
3,2,thermal,0.02,0.9970000000000001,0.001581138830084216,0.9970000000000001,0.001581138830084216,0.0029999999999998916
3,2,thermal,0.05,0.9945999999999999,0.001341640786499824,0.9945999999999999,0.001341640786499824,0.005400000000000071
3,2,thermal,0.1,0.9853999999999999,0.003847076812334271,0.9853999999999999,0.003847076812334271,0.014600000000000057
3,4,bit_flip,0.0,1.0,0.0,1.0,0.0,0.0
3,4,bit_flip,0.001,0.9644,0.0020736441353327337,0.9644,0.0020736441353327337,0.035599999999999965
3,4,bit_flip,0.002,0.938,0.005567764362829955,0.938,0.005567764362829955,0.062000000000000055
3,4,bit_flip,0.005,0.8603999999999999,0.009208691546577094,0.8603999999999999,0.009208691546577044,0.13960000000000006
3,4,bit_flip,0.01,0.7392,0.016709278859364345,0.7392,0.016709278859364317,0.26080000000000003
3,4,bit_flip,0.02,0.5484,0.012700393694685203,0.5484,0.012700393694685192,0.4516
3,4,bit_flip,0.05,0.2542,0.00825832912882503,0.2542,0.00825832912882503,0.7458
3,4,bit_flip,0.1,0.13620000000000002,0.0056302753041036855,0.13620000000000002,0.0056302753041036855,0.8638
3,4,depolarizing,0.0,1.0,0.0,1.0,0.0,0.0
3,4,depolarizing,0.001,0.969,0.001870828693386965,0.969,0.001870828693386965,0.031000000000000028
3,4,depolarizing,0.002,0.9453999999999999,0.004929503017546479,0.9453999999999999,0.00492950301754646,0.05460000000000009
3,4,depolarizing,0.005,0.8756,0.007797435475847138,0.8756,0.007797435475847167,0.12439999999999996
3,4,depolarizing,0.01,0.7682,0.013827508813954885,0.7682,0.013827508813954881,0.2318
3,4,depolarizing,0.02,0.594,0.014560219778561027,0.594,0.014560219778561005,0.406
3,4,depolarizing,0.05,0.2922,0.011519548602267364,0.29219999999999996,0.011519548602267277,0.7078
3,4,depolarizing,0.1,0.1542,0.006760177512462234,0.15419999999999998,0.006760177512462196,0.8458
3,4,phase_flip,0.0,1.0,0.0,1.0,0.0,0.0
3,4,phase_flip,0.001,0.9644,0.0020736441353327337,0.9644,0.0020736441353327337,0.035599999999999965
3,4,phase_flip,0.002,0.938,0.005567764362829955,0.938,0.005567764362829955,0.062000000000000055
3,4,phase_flip,0.005,0.8603999999999999,0.009208691546577094,0.8603999999999999,0.009208691546577044,0.13960000000000006
3,4,phase_flip,0.01,0.7392,0.016709278859364345,0.7392,0.016709278859364317,0.26080000000000003
3,4,phase_flip,0.02,0.5484,0.012700393694685203,0.5484,0.012700393694685192,0.4516
3,4,phase_flip,0.05,0.2542,0.00825832912882503,0.2542,0.00825832912882503,0.7458
3,4,phase_flip,0.1,0.13620000000000002,0.0056302753041036855,0.13620000000000002,0.0056302753041036855,0.8638
3,4,readout,0.0,1.0,0.0,1.0,0.0,0.0
3,4,readout,0.001,0.998,0.0007071067811865465,0.998,0.0007071067811865465,0.0020000000000000018
3,4,readout,0.002,0.9968,0.001303840481040533,0.9968,0.001303840481040533,0.0031999999999999806
3,4,readout,0.005,0.9858,0.0026832815729997505,0.9858,0.0026832815729997505,0.01419999999999999
3,4,readout,0.01,0.9705999999999999,0.007536577472566707,0.9705999999999999,0.007536577472566707,0.029400000000000093
3,4,readout,0.02,0.9423999999999999,0.006066300355241235,0.9423999999999999,0.006066300355241235,0.057600000000000096
3,4,readout,0.05,0.8586,0.011013627921806718,0.8586,0.011013627921806683,0.14139999999999997
3,4,readout,0.1,0.7288,0.011256109452204203,0.7287999999999999,0.011256109452204266,0.2712
3,4,thermal,0.0,1.0,0.0,1.0,0.0,0.0
3,4,thermal,0.001,1.0,0.0,1.0,0.0,0.0
3,4,thermal,0.002,0.9996,0.0005477225575052004,0.9996,0.0005477225575052004,0.00039999999999995595
3,4,thermal,0.005,0.9987999999999999,0.0008366600265340829,0.9987999999999999,0.0008366600265340829,0.0012000000000000899
3,4,thermal,0.01,0.9970000000000001,0.001581138830084216,0.9970000000000001,0.001581138830084216,0.0029999999999998916
3,4,thermal,0.02,0.9955999999999999,0.001341640786499893,0.9955999999999999,0.001341640786499893,0.0044000000000000705
3,4,thermal,0.05,0.9865999999999999,0.003646916505762113,0.9865999999999999,0.003646916505762113,0.013400000000000079
3,4,thermal,0.1,0.9732,0.002774887385102339,0.9732,0.002774887385102339,0.026800000000000046
3,8,bit_flip,0.0,1.0,0.0,1.0,0.0,0.0
3,8,bit_flip,0.001,0.9410000000000001,0.004415880433163898,0.9410000000000001,0.004415880433163855,0.05899999999999994
3,8,bit_flip,0.002,0.8888,0.006723094525588652,0.8888,0.0067230945255885655,0.11119999999999997
3,8,bit_flip,0.005,0.751,0.017649362594722804,0.751,0.017649362594722804,0.249
3,8,bit_flip,0.01,0.5658,0.01359043781487557,0.5658,0.013590437814875577,0.43420000000000003
3,8,bit_flip,0.02,0.3336,0.013921206844235893,0.3336,0.013921206844235907,0.6664
3,8,bit_flip,0.05,0.144,0.006363961030678922,0.144,0.006363961030678922,0.856
3,8,bit_flip,0.1,0.11839999999999999,0.010310189135025608,0.11839999999999998,0.010310189135025603,0.8816
3,8,depolarizing,0.0,1.0,0.0,1.0,0.0,0.0
3,8,depolarizing,0.001,0.9488,0.004604345773288543,0.9488,0.004604345773288543,0.05120000000000002
3,8,depolarizing,0.002,0.9034000000000001,0.005176871642217898,0.9034000000000001,0.005176871642217898,0.09659999999999991
3,8,depolarizing,0.005,0.7788,0.01294990347454376,0.7788,0.012949903474543731,0.22119999999999995
3,8,depolarizing,0.01,0.6132,0.014042791745233568,0.6132000000000001,0.014042791745233629,0.38680000000000003
3,8,depolarizing,0.02,0.381,0.01680773631397162,0.38099999999999995,0.016807736313971602,0.619
3,8,depolarizing,0.05,0.1614,0.009685040010242599,0.1614,0.009685040010242594,0.8386
3,8,depolarizing,0.1,0.12079999999999999,0.010109401564880096,0.12079999999999998,0.010109401564880122,0.8792
3,8,phase_flip,0.0,1.0,0.0,1.0,0.0,0.0
3,8,phase_flip,0.001,0.9410000000000001,0.004415880433163898,0.9410000000000001,0.004415880433163855,0.05899999999999994
3,8,phase_flip,0.002,0.8888,0.006723094525588652,0.8888,0.0067230945255885655,0.11119999999999997
3,8,phase_flip,0.005,0.751,0.017649362594722804,0.751,0.017649362594722804,0.249
3,8,phase_flip,0.01,0.5658,0.01359043781487557,0.5658,0.013590437814875577,0.43420000000000003
3,8,phase_flip,0.02,0.3336,0.013921206844235893,0.3336,0.013921206844235907,0.6664
3,8,phase_flip,0.05,0.144,0.006363961030678922,0.144,0.006363961030678922,0.856
3,8,phase_flip,0.1,0.11839999999999999,0.010310189135025608,0.11839999999999998,0.010310189135025603,0.8816
3,8,readout,0.0,1.0,0.0,1.0,0.0,0.0
3,8,readout,0.001,0.998,0.0007071067811865465,0.998,0.0007071067811865465,0.0020000000000000018
3,8,readout,0.002,0.9968,0.001303840481040533,0.9968,0.001303840481040533,0.0031999999999999806
3,8,readout,0.005,0.9858,0.0026832815729997505,0.9858,0.0026832815729997505,0.01419999999999999
3,8,readout,0.01,0.9705999999999999,0.007536577472566707,0.9705999999999999,0.007536577472566707,0.029400000000000093
3,8,readout,0.02,0.9423999999999999,0.006066300355241235,0.9423999999999999,0.006066300355241235,0.057600000000000096
3,8,readout,0.05,0.8586,0.011013627921806718,0.8586,0.011013627921806683,0.14139999999999997
3,8,readout,0.1,0.7288,0.011256109452204203,0.7287999999999999,0.011256109452204266,0.2712
3,8,thermal,0.0,1.0,0.0,1.0,0.0,0.0
3,8,thermal,0.001,0.9996,0.0005477225575052004,0.9996,0.0005477225575052004,0.00039999999999995595
3,8,thermal,0.002,0.9996,0.0005477225575052004,0.9996,0.0005477225575052004,0.00039999999999995595
3,8,thermal,0.005,0.9970000000000001,0.001581138830084216,0.9970000000000001,0.001581138830084216,0.0029999999999998916
3,8,thermal,0.01,0.9955999999999999,0.001341640786499893,0.9955999999999999,0.001341640786499893,0.0044000000000000705
3,8,thermal,0.02,0.991,0.0028284271247462074,0.991,0.0028284271247462074,0.009000000000000008
3,8,thermal,0.05,0.9753999999999999,0.003209361307176231,0.9753999999999999,0.003209361307176231,0.024600000000000066
3,8,thermal,0.1,0.9568,0.0029495762407505365,0.9568,0.0029495762407505365,0.043200000000000016
3,16,bit_flip,0.0,1.0,0.0,1.0,0.0,0.0
3,16,bit_flip,0.001,0.891,0.0058309518948453,0.891,0.005830951894845321,0.10899999999999999
3,16,bit_flip,0.002,0.8028000000000001,0.010986355173577813,0.8027999999999998,0.010986355173577737,0.19719999999999993
3,16,bit_flip,0.005,0.575,0.012708265027138788,0.575,0.012708265027138796,0.42500000000000004
3,16,bit_flip,0.01,0.3424,0.014240786495134284,0.3423999999999999,0.014240786495134303,0.6576
3,16,bit_flip,0.02,0.1734,0.011970797801316336,0.17339999999999997,0.011970797801316374,0.8266
3,16,bit_flip,0.05,0.1192,0.010616025621672175,0.11919999999999997,0.010616025621672166,0.8808
3,16,bit_flip,0.1,0.11739999999999999,0.010597169433391162,0.11739999999999999,0.010597169433391162,0.8826
3,16,depolarizing,0.0,1.0,0.0,1.0,0.0,0.0
3,16,depolarizing,0.001,0.907,0.003605551275464004,0.907,0.003605551275464004,0.09299999999999997
3,16,depolarizing,0.002,0.8256,0.009370165420097967,0.8256,0.009370165420097954,0.1744
3,16,depolarizing,0.005,0.6234,0.013685759021698473,0.6234,0.013685759021698402,0.37660000000000005
3,16,depolarizing,0.01,0.39239999999999997,0.016727223320085124,0.39239999999999997,0.016727223320085156,0.6076
3,16,depolarizing,0.02,0.20620000000000002,0.012517987058628876,0.20619999999999994,0.012517987058628846,0.7938
3,16,depolarizing,0.05,0.1214,0.010502380682492905,0.12139999999999998,0.010502380682492943,0.8786
3,16,depolarizing,0.1,0.11739999999999999,0.010597169433391162,0.11739999999999999,0.010597169433391162,0.8826
3,16,phase_flip,0.0,1.0,0.0,1.0,0.0,0.0
3,16,phase_flip,0.001,0.891,0.0058309518948453,0.891,0.005830951894845321,0.10899999999999999
3,16,phase_flip,0.002,0.8028000000000001,0.010986355173577813,0.8027999999999998,0.010986355173577737,0.19719999999999993
3,16,phase_flip,0.005,0.575,0.012708265027138788,0.575,0.012708265027138796,0.42500000000000004
3,16,phase_flip,0.01,0.3424,0.014240786495134284,0.3423999999999999,0.014240786495134303,0.6576
3,16,phase_flip,0.02,0.1734,0.011970797801316336,0.17339999999999997,0.011970797801316374,0.8266
3,16,phase_flip,0.05,0.1192,0.010616025621672175,0.11919999999999997,0.010616025621672166,0.8808
3,16,phase_flip,0.1,0.11739999999999999,0.010597169433391162,0.11739999999999999,0.010597169433391162,0.8826
3,16,readout,0.0,1.0,0.0,1.0,0.0,0.0
3,16,readout,0.001,0.998,0.0007071067811865465,0.998,0.0007071067811865465,0.0020000000000000018
3,16,readout,0.002,0.9968,0.001303840481040533,0.9968,0.001303840481040533,0.0031999999999999806
3,16,readout,0.005,0.9858,0.0026832815729997505,0.9858,0.0026832815729997505,0.01419999999999999
3,16,readout,0.01,0.9705999999999999,0.007536577472566707,0.9705999999999999,0.007536577472566707,0.029400000000000093
3,16,readout,0.02,0.9423999999999999,0.006066300355241235,0.9423999999999999,0.006066300355241235,0.057600000000000096
3,16,readout,0.05,0.8586,0.011013627921806718,0.8586,0.011013627921806683,0.14139999999999997
3,16,readout,0.1,0.7288,0.011256109452204203,0.7287999999999999,0.011256109452204266,0.2712
3,16,thermal,0.0,1.0,0.0,1.0,0.0,0.0
3,16,thermal,0.001,0.9996,0.0005477225575052004,0.9996,0.0005477225575052004,0.00039999999999995595
3,16,thermal,0.002,0.9978,0.001303840481040542,0.9978,0.001303840481040542,0.0021999999999999797
3,16,thermal,0.005,0.9955999999999999,0.001341640786499893,0.9955999999999999,0.001341640786499893,0.0044000000000000705
3,16,thermal,0.01,0.991,0.0028284271247462074,0.991,0.0028284271247462074,0.009000000000000008
3,16,thermal,0.02,0.9810000000000001,0.003937003937005888,0.9810000000000001,0.003937003937005888,0.018999999999999906
3,16,thermal,0.05,0.9570000000000001,0.0027386127875258432,0.9570000000000001,0.0027386127875258432,0.04299999999999993
3,16,thermal,0.1,0.922,0.002345207879911711,0.922,0.002345207879911711,0.07799999999999996
3,32,bit_flip,0.0,1.0,0.0,1.0,0.0,0.0
3,32,bit_flip,0.001,0.8036,0.011193748255164584,0.8036,0.011193748255164447,0.19640000000000002
3,32,bit_flip,0.002,0.6436,0.01425833089811009,0.6436,0.014258330898110095,0.35640000000000005
3,32,bit_flip,0.005,0.347,0.015231546211727802,0.347,0.015231546211727802,0.653
3,32,bit_flip,0.01,0.17880000000000001,0.012637246535539303,0.17879999999999996,0.012637246535539257,0.8211999999999999
3,32,bit_flip,0.02,0.12279999999999999,0.010207840124139882,0.12279999999999998,0.010207840124139882,0.8772
3,32,bit_flip,0.05,0.11739999999999999,0.010597169433391162,0.11739999999999999,0.010597169433391162,0.8826
3,32,bit_flip,0.1,0.11739999999999999,0.010597169433391162,0.11739999999999999,0.010597169433391162,0.8826
3,32,depolarizing,0.0,1.0,0.0,1.0,0.0,0.0
3,32,depolarizing,0.001,0.8283999999999999,0.007893034904268445,0.8283999999999999,0.007893034904268414,0.17160000000000009
3,32,depolarizing,0.002,0.6874,0.012136721138758999,0.6874,0.012136721138758973,0.3126
3,32,depolarizing,0.005,0.39859999999999995,0.017067512999848565,0.39859999999999995,0.017067512999848558,0.6014
3,32,depolarizing,0.01,0.211,0.012549900398011132,0.211,0.012549900398011132,0.789
3,32,depolarizing,0.02,0.1282,0.006870225614927073,0.12819999999999995,0.006870225614927123,0.8718
3,32,depolarizing,0.05,0.11739999999999999,0.010597169433391162,0.11739999999999999,0.010597169433391162,0.8826
3,32,depolarizing,0.1,0.11739999999999999,0.010597169433391162,0.11739999999999999,0.010597169433391162,0.8826
3,32,phase_flip,0.0,1.0,0.0,1.0,0.0,0.0
3,32,phase_flip,0.001,0.8036,0.011193748255164584,0.8036,0.011193748255164447,0.19640000000000002
3,32,phase_flip,0.002,0.6436,0.01425833089811009,0.6436,0.014258330898110095,0.35640000000000005
3,32,phase_flip,0.005,0.347,0.015231546211727802,0.347,0.015231546211727802,0.653
3,32,phase_flip,0.01,0.17880000000000001,0.012637246535539303,0.17879999999999996,0.012637246535539257,0.8211999999999999
3,32,phase_flip,0.02,0.12279999999999999,0.010207840124139882,0.12279999999999998,0.010207840124139882,0.8772
3,32,phase_flip,0.05,0.11739999999999999,0.010597169433391162,0.11739999999999999,0.010597169433391162,0.8826
3,32,phase_flip,0.1,0.11739999999999999,0.010597169433391162,0.11739999999999999,0.010597169433391162,0.8826
3,32,readout,0.0,1.0,0.0,1.0,0.0,0.0
3,32,readout,0.001,0.998,0.0007071067811865465,0.998,0.0007071067811865465,0.0020000000000000018
3,32,readout,0.002,0.9968,0.001303840481040533,0.9968,0.001303840481040533,0.0031999999999999806
3,32,readout,0.005,0.9858,0.0026832815729997505,0.9858,0.0026832815729997505,0.01419999999999999
3,32,readout,0.01,0.9705999999999999,0.007536577472566707,0.9705999999999999,0.007536577472566707,0.029400000000000093
3,32,readout,0.02,0.9423999999999999,0.006066300355241235,0.9423999999999999,0.006066300355241235,0.057600000000000096
3,32,readout,0.05,0.8586,0.011013627921806718,0.8586,0.011013627921806683,0.14139999999999997
3,32,readout,0.1,0.7288,0.011256109452204203,0.7287999999999999,0.011256109452204266,0.2712
3,32,thermal,0.0,1.0,0.0,1.0,0.0,0.0
3,32,thermal,0.001,0.998,0.0014142135623731063,0.998,0.0014142135623731063,0.0020000000000000018
3,32,thermal,0.002,0.9964000000000001,0.000894427190999912,0.9964000000000001,0.000894427190999912,0.0035999999999999366
3,32,thermal,0.005,0.991,0.0028284271247462074,0.991,0.0028284271247462074,0.009000000000000008
3,32,thermal,0.01,0.9810000000000001,0.003937003937005888,0.9810000000000001,0.003937003937005888,0.018999999999999906
3,32,thermal,0.02,0.9644,0.0020736441353327337,0.9644,0.0020736441353327337,0.035599999999999965
3,32,thermal,0.05,0.923,0.001732050807568887,0.923,0.001732050807568887,0.07699999999999996
3,32,thermal,0.1,0.8603999999999999,0.009208691546577094,0.8603999999999999,0.009208691546577044,0.13960000000000006
4,1,bit_flip,0.0,1.0,0.0,1.0,0.0,0.0
4,1,bit_flip,0.001,0.991,0.0028284271247462074,0.991,0.0028284271247462074,0.009000000000000008
4,1,bit_flip,0.002,0.9810000000000001,0.003937003937005888,0.9810000000000001,0.003937003937005888,0.018999999999999906
4,1,bit_flip,0.005,0.9576,0.0027018512172212383,0.9575999999999999,0.0027018512172213086,0.04239999999999999
4,1,bit_flip,0.01,0.9214,0.0025099800796022287,0.9214,0.0025099800796022287,0.0786
4,1,bit_flip,0.02,0.8523999999999999,0.008763560920082642,0.8524,0.008763560920082632,0.14760000000000006
4,1,bit_flip,0.05,0.665,0.014764823060233368,0.665,0.014764823060233368,0.33499999999999996
4,1,bit_flip,0.1,0.4232,0.01843095222716396,0.4231999999999999,0.018430952227163958,0.5768
4,1,depolarizing,0.0,1.0,0.0,1.0,0.0,0.0
4,1,depolarizing,0.001,0.985,0.0038078865529319467,0.985,0.0038078865529319467,0.015000000000000013
4,1,depolarizing,0.002,0.9704,0.0023021728866442865,0.9704,0.0023021728866442865,0.02959999999999996
4,1,depolarizing,0.005,0.9376,0.004878524367060133,0.9376,0.004878524367060133,0.06240000000000001
4,1,depolarizing,0.01,0.882,0.008455767262643897,0.882,0.008455767262643884,0.118
4,1,depolarizing,0.02,0.7806,0.013277801022759782,0.7806,0.013277801022759744,0.21940000000000004
4,1,depolarizing,0.05,0.5406000000000001,0.012817956155331475,0.5406000000000001,0.012817956155331461,0.4593999999999999
4,1,depolarizing,0.1,0.2924,0.011631852818876262,0.29239999999999994,0.011631852818876177,0.7076
4,1,phase_flip,0.0,1.0,0.0,1.0,0.0,0.0
4,1,phase_flip,0.001,0.9772000000000001,0.003271085446759244,0.9772000000000001,0.003271085446759244,0.02279999999999993
4,1,phase_flip,0.002,0.9576,0.0027018512172212383,0.9575999999999999,0.0027018512172213086,0.04239999999999999
4,1,phase_flip,0.005,0.9046,0.004037325847637236,0.9046,0.004037325847637236,0.09540000000000004
4,1,phase_flip,0.01,0.8218,0.009093954035511753,0.8218,0.009093954035511801,0.17820000000000003
4,1,phase_flip,0.02,0.6734,0.015076471735787548,0.6734,0.015076471735787548,0.3266
4,1,phase_flip,0.05,0.3698,0.017739785793520733,0.36979999999999996,0.017739785793520774,0.6302
4,1,phase_flip,0.1,0.1634,0.010114346246792225,0.16339999999999993,0.010114346246792227,0.8366
4,1,readout,0.0,1.0,0.0,1.0,0.0,0.0
4,1,readout,0.001,0.9949999999999999,0.000707106781186607,0.9949999999999999,0.000707106781186607,0.0050000000000001155
4,1,readout,0.002,0.9911999999999999,0.00277488738510234,0.9911999999999999,0.00277488738510234,0.008800000000000141
4,1,readout,0.005,0.9783999999999999,0.0058137767414994605,0.9783999999999999,0.0058137767414994605,0.021600000000000064
4,1,readout,0.01,0.9581999999999999,0.009038805230781353,0.9581999999999999,0.009038805230781353,0.04180000000000006
4,1,readout,0.02,0.9179999999999999,0.006819090848492944,0.9179999999999999,0.006819090848492944,0.08200000000000007
4,1,readout,0.05,0.8164,0.012177848742696673,0.8164,0.01217784874269664,0.18359999999999999
4,1,readout,0.1,0.6672,0.015642889758609193,0.6672,0.015642889758609193,0.3328
4,1,thermal,0.0,1.0,0.0,1.0,0.0,0.0
4,1,thermal,0.001,1.0,0.0,1.0,0.0,0.0
4,1,thermal,0.002,0.9998000000000001,0.0004472135954999242,0.9998000000000001,0.0004472135954999242,0.00019999999999986695
4,1,thermal,0.005,0.9996,0.0005477225575052004,0.9996,0.0005477225575052004,0.00039999999999995595
4,1,thermal,0.01,0.9987999999999999,0.0008366600265340829,0.9987999999999999,0.0008366600265340829,0.0012000000000000899
4,1,thermal,0.02,0.9970000000000001,0.001581138830084216,0.9970000000000001,0.001581138830084216,0.0029999999999998916
4,1,thermal,0.05,0.9926,0.0027928480087537795,0.9926,0.0027928480087537795,0.007399999999999962
4,1,thermal,0.1,0.9837999999999999,0.00363318042491699,0.9837999999999999,0.00363318042491699,0.016200000000000103
4,2,bit_flip,0.0,1.0,0.0,1.0,0.0,0.0
4,2,bit_flip,0.001,0.9708,0.0021679483388679062,0.9708,0.0021679483388679062,0.029200000000000004
4,2,bit_flip,0.002,0.9503999999999999,0.0043931765272977995,0.9503999999999999,0.004393176527297782,0.04960000000000009
4,2,bit_flip,0.005,0.8854,0.007893034904268468,0.8854,0.007893034904268455,0.11460000000000004
4,2,bit_flip,0.01,0.7918000000000001,0.011713240371477085,0.7918000000000001,0.011713240371477054,0.20819999999999994
4,2,bit_flip,0.02,0.624,0.013892443989449813,0.624,0.013892443989449756,0.376
4,2,bit_flip,0.05,0.3074,0.010573551910309072,0.3073999999999999,0.010573551910309072,0.6926
4,2,bit_flip,0.1,0.1282,0.006870225614927073,0.12819999999999995,0.006870225614927123,0.8718
4,2,depolarizing,0.0,1.0,0.0,1.0,0.0,0.0
4,2,depolarizing,0.001,0.9753999999999999,0.003209361307176231,0.9753999999999999,0.003209361307176231,0.024600000000000066
4,2,depolarizing,0.002,0.9568,0.0029495762407505365,0.9568,0.0029495762407505365,0.043200000000000016
4,2,depolarizing,0.005,0.9,0.00533853912601566,0.9,0.005338539126015615,0.09999999999999998
4,2,depolarizing,0.01,0.8148,0.011300442469213245,0.8148,0.011300442469213271,0.18520000000000003
4,2,depolarizing,0.02,0.6612,0.01425482374496438,0.6612,0.014254823744964357,0.3388
4,2,depolarizing,0.05,0.35419999999999996,0.014359665734271098,0.3542,0.014359665734271098,0.6458
4,2,depolarizing,0.1,0.1598,0.009418067742376895,0.1598,0.009418067742376895,0.8402000000000001
4,2,phase_flip,0.0,1.0,0.0,1.0,0.0,0.0
4,2,phase_flip,0.001,0.9708,0.0021679483388679062,0.9708,0.0021679483388679062,0.029200000000000004
4,2,phase_flip,0.002,0.9503999999999999,0.0043931765272977995,0.9503999999999999,0.004393176527297782,0.04960000000000009
4,2,phase_flip,0.005,0.8854,0.007893034904268468,0.8854,0.007893034904268455,0.11460000000000004
4,2,phase_flip,0.01,0.7918000000000001,0.011713240371477085,0.7918000000000001,0.011713240371477054,0.20819999999999994
4,2,phase_flip,0.02,0.624,0.013892443989449813,0.624,0.013892443989449756,0.376
4,2,phase_flip,0.05,0.3074,0.010573551910309072,0.3073999999999999,0.010573551910309072,0.6926
4,2,phase_flip,0.1,0.1282,0.006870225614927073,0.12819999999999995,0.006870225614927123,0.8718
4,2,readout,0.0,1.0,0.0,1.0,0.0,0.0
4,2,readout,0.001,0.9949999999999999,0.000707106781186607,0.9949999999999999,0.000707106781186607,0.0050000000000001155
4,2,readout,0.002,0.9911999999999999,0.00277488738510234,0.9911999999999999,0.00277488738510234,0.008800000000000141
4,2,readout,0.005,0.9783999999999999,0.0058137767414994605,0.9783999999999999,0.0058137767414994605,0.021600000000000064
4,2,readout,0.01,0.9581999999999999,0.009038805230781353,0.9581999999999999,0.009038805230781353,0.04180000000000006
4,2,readout,0.02,0.9179999999999999,0.006819090848492944,0.9179999999999999,0.006819090848492944,0.08200000000000007
4,2,readout,0.05,0.8164,0.012177848742696673,0.8164,0.01217784874269664,0.18359999999999999
4,2,readout,0.1,0.6672,0.015642889758609193,0.6672,0.015642889758609193,0.3328
4,2,thermal,0.0,1.0,0.0,1.0,0.0,0.0
4,2,thermal,0.001,1.0,0.0,1.0,0.0,0.0
4,2,thermal,0.002,0.9998000000000001,0.0004472135954999242,0.9998000000000001,0.0004472135954999242,0.00019999999999986695
4,2,thermal,0.005,0.9996,0.0005477225575052004,0.9996,0.0005477225575052004,0.00039999999999995595
4,2,thermal,0.01,0.9975999999999999,0.0013416407864998874,0.9975999999999999,0.0013416407864998874,0.0024000000000000687
4,2,thermal,0.02,0.9962,0.0008366600265340797,0.9962,0.0008366600265340797,0.0038000000000000256
4,2,thermal,0.05,0.9907999999999999,0.0025884358211089604,0.9907999999999999,0.0025884358211089604,0.009200000000000097
4,2,thermal,0.1,0.9804,0.004159326868617092,0.9804,0.004159326868617092,0.01959999999999995
4,4,bit_flip,0.0,1.0,0.0,1.0,0.0,0.0
4,4,bit_flip,0.001,0.9554,0.002880972058177561,0.9554,0.002880972058177561,0.04459999999999997
4,4,bit_flip,0.002,0.9164,0.0021908902300206566,0.9164,0.0021908902300206566,0.08360000000000001
4,4,bit_flip,0.005,0.8066000000000001,0.012581732790041251,0.8065999999999999,0.012581732790041256,0.1933999999999999
4,4,bit_flip,0.01,0.6468,0.014131525041551622,0.6468,0.014131525041551702,0.35319999999999996
4,4,bit_flip,0.02,0.4138,0.017866169147301828,0.4138,0.017866169147301797,0.5862
4,4,bit_flip,0.05,0.145,0.006204836822995422,0.145,0.006204836822995422,0.855
4,4,bit_flip,0.1,0.0686,0.012461942063739503,0.06859999999999997,0.012461942063739528,0.9314
4,4,depolarizing,0.0,1.0,0.0,1.0,0.0,0.0
4,4,depolarizing,0.001,0.9587999999999999,0.001788854381999793,0.9587999999999999,0.001788854381999793,0.041200000000000125
4,4,depolarizing,0.002,0.9262,0.0021679483388678637,0.9262,0.0021679483388678637,0.07379999999999998
4,4,depolarizing,0.005,0.8308,0.008467585252006657,0.8308,0.008467585252006617,0.16920000000000002
4,4,depolarizing,0.01,0.6916,0.011928956366757304,0.6916,0.011928956366757308,0.3084
4,4,depolarizing,0.02,0.4726,0.010784247771634333,0.4726,0.010784247771634269,0.5274
4,4,depolarizing,0.05,0.1768,0.012070625501605129,0.17679999999999996,0.012070625501605082,0.8231999999999999
4,4,depolarizing,0.1,0.078,0.012144957801491114,0.07799999999999996,0.012144957801491125,0.922
4,4,phase_flip,0.0,1.0,0.0,1.0,0.0,0.0
4,4,phase_flip,0.001,0.9554,0.002880972058177561,0.9554,0.002880972058177561,0.04459999999999997
4,4,phase_flip,0.002,0.9164,0.0021908902300206566,0.9164,0.0021908902300206566,0.08360000000000001
4,4,phase_flip,0.005,0.8066000000000001,0.012581732790041251,0.8065999999999999,0.012581732790041256,0.1933999999999999
4,4,phase_flip,0.01,0.6468,0.014131525041551622,0.6468,0.014131525041551702,0.35319999999999996
4,4,phase_flip,0.02,0.4138,0.017866169147301828,0.4138,0.017866169147301797,0.5862
4,4,phase_flip,0.05,0.145,0.006204836822995422,0.145,0.006204836822995422,0.855
4,4,phase_flip,0.1,0.0686,0.012461942063739503,0.06859999999999997,0.012461942063739528,0.9314
4,4,readout,0.0,1.0,0.0,1.0,0.0,0.0
4,4,readout,0.001,0.9949999999999999,0.000707106781186607,0.9949999999999999,0.000707106781186607,0.0050000000000001155
4,4,readout,0.002,0.9911999999999999,0.00277488738510234,0.9911999999999999,0.00277488738510234,0.008800000000000141
4,4,readout,0.005,0.9783999999999999,0.0058137767414994605,0.9783999999999999,0.0058137767414994605,0.021600000000000064
4,4,readout,0.01,0.9581999999999999,0.009038805230781353,0.9581999999999999,0.009038805230781353,0.04180000000000006
4,4,readout,0.02,0.9179999999999999,0.006819090848492944,0.9179999999999999,0.006819090848492944,0.08200000000000007
4,4,readout,0.05,0.8164,0.012177848742696673,0.8164,0.01217784874269664,0.18359999999999999
4,4,readout,0.1,0.6672,0.015642889758609193,0.6672,0.015642889758609193,0.3328
4,4,thermal,0.0,1.0,0.0,1.0,0.0,0.0
4,4,thermal,0.001,0.9998000000000001,0.0004472135954999242,0.9998000000000001,0.0004472135954999242,0.00019999999999986695
4,4,thermal,0.002,0.9996,0.0005477225575052004,0.9996,0.0005477225575052004,0.00039999999999995595
4,4,thermal,0.005,0.9982,0.0013038404810405432,0.9982,0.0013038404810405432,0.0018000000000000238
4,4,thermal,0.01,0.9964000000000001,0.000894427190999912,0.9964000000000001,0.000894427190999912,0.0035999999999999366
4,4,thermal,0.02,0.9944,0.0015165750888103278,0.9944,0.0015165750888103278,0.005600000000000049
4,4,thermal,0.05,0.9815999999999999,0.003361547262794326,0.9815999999999999,0.003361547262794326,0.018400000000000083
4,4,thermal,0.1,0.9644,0.0020736441353327337,0.9644,0.0020736441353327337,0.035599999999999965
4,8,bit_flip,0.0,1.0,0.0,1.0,0.0,0.0
4,8,bit_flip,0.001,0.9198000000000001,0.002949576240750514,0.9198000000000001,0.0029495762407505443,0.08019999999999994
4,8,bit_flip,0.002,0.8478,0.00995991967839096,0.8478,0.009959919678390933,0.1522
4,8,bit_flip,0.005,0.6608,0.01409609875107295,0.6608,0.01409609875107291,0.33919999999999995
4,8,bit_flip,0.01,0.4316,0.018528356645962973,0.4316,0.01852835664596302,0.5684
4,8,bit_flip,0.02,0.2112,0.012296340919151516,0.2112,0.012296340919151516,0.7888
4,8,bit_flip,0.05,0.0712,0.012457929201917945,0.07119999999999996,0.01245792920191794,0.9288
4,8,bit_flip,0.1,0.0606,0.010358571330062846,0.0606,0.010358571330062846,0.9394
4,8,depolarizing,0.0,1.0,0.0,1.0,0.0,0.0
4,8,depolarizing,0.001,0.93,0.0039370039370059,0.93,0.0039370039370059,0.06999999999999995
4,8,depolarizing,0.002,0.868,0.00902773504263384,0.868,0.009027735042633812,0.132
4,8,depolarizing,0.005,0.7034,0.0136124942607885,0.7034,0.013612494260788506,0.2966
4,8,depolarizing,0.01,0.49800000000000005,0.010862780491200222,0.49799999999999994,0.01086278049120026,0.502
4,8,depolarizing,0.02,0.259,0.007416198487095666,0.259,0.007416198487095712,0.741
4,8,depolarizing,0.05,0.08220000000000001,0.011054410884348378,0.08219999999999998,0.011054410884348373,0.9178
4,8,depolarizing,0.1,0.0612,0.010709808588392229,0.0612,0.010709808588392229,0.9388
4,8,phase_flip,0.0,1.0,0.0,1.0,0.0,0.0
4,8,phase_flip,0.001,0.9198000000000001,0.002949576240750514,0.9198000000000001,0.0029495762407505443,0.08019999999999994
4,8,phase_flip,0.002,0.8478,0.00995991967839096,0.8478,0.009959919678390933,0.1522
4,8,phase_flip,0.005,0.6608,0.01409609875107295,0.6608,0.01409609875107291,0.33919999999999995
4,8,phase_flip,0.01,0.4316,0.018528356645962973,0.4316,0.01852835664596302,0.5684
4,8,phase_flip,0.02,0.2112,0.012296340919151516,0.2112,0.012296340919151516,0.7888
4,8,phase_flip,0.05,0.0712,0.012457929201917945,0.07119999999999996,0.01245792920191794,0.9288
4,8,phase_flip,0.1,0.0606,0.010358571330062846,0.0606,0.010358571330062846,0.9394
4,8,readout,0.0,1.0,0.0,1.0,0.0,0.0
4,8,readout,0.001,0.9949999999999999,0.000707106781186607,0.9949999999999999,0.000707106781186607,0.0050000000000001155
4,8,readout,0.002,0.9911999999999999,0.00277488738510234,0.9911999999999999,0.00277488738510234,0.008800000000000141
4,8,readout,0.005,0.9783999999999999,0.0058137767414994605,0.9783999999999999,0.0058137767414994605,0.021600000000000064
4,8,readout,0.01,0.9581999999999999,0.009038805230781353,0.9581999999999999,0.009038805230781353,0.04180000000000006
4,8,readout,0.02,0.9179999999999999,0.006819090848492944,0.9179999999999999,0.006819090848492944,0.08200000000000007
4,8,readout,0.05,0.8164,0.012177848742696673,0.8164,0.01217784874269664,0.18359999999999999
4,8,readout,0.1,0.6672,0.015642889758609193,0.6672,0.015642889758609193,0.3328
4,8,thermal,0.0,1.0,0.0,1.0,0.0,0.0
4,8,thermal,0.001,0.9996,0.0005477225575052004,0.9996,0.0005477225575052004,0.00039999999999995595
4,8,thermal,0.002,0.9987999999999999,0.0008366600265340829,0.9987999999999999,0.0008366600265340829,0.0012000000000000899
4,8,thermal,0.005,0.9965999999999999,0.0011401754250991451,0.9965999999999999,0.0011401754250991451,0.0034000000000000696
4,8,thermal,0.01,0.9948,0.0013038404810405606,0.9948,0.0013038404810405606,0.005199999999999982
4,8,thermal,0.02,0.9853999999999999,0.003847076812334271,0.9853999999999999,0.003847076812334271,0.014600000000000057
4,8,thermal,0.05,0.9662,0.001483239697419098,0.9662,0.001483239697419098,0.03380000000000005
4,8,thermal,0.1,0.9410000000000001,0.004415880433163898,0.9410000000000001,0.004415880433163855,0.05899999999999994
4,16,bit_flip,0.0,1.0,0.0,1.0,0.0,0.0
4,16,bit_flip,0.001,0.8513999999999999,0.009181503144910381,0.8513999999999999,0.009181503144910376,0.14860000000000007
4,16,bit_flip,0.002,0.7258,0.012275992831539156,0.7258,0.012275992831539193,0.2742
4,16,bit_flip,0.005,0.4426,0.01796663574518059,0.4426,0.017966635745180603,0.5574
4,16,bit_flip,0.01,0.22119999999999998,0.011300442469213315,0.22119999999999998,0.011300442469213336,0.7788
4,16,bit_flip,0.02,0.0924,0.009044335243676009,0.09239999999999998,0.009044335243675972,0.9076
4,16,bit_flip,0.05,0.0606,0.010358571330062846,0.0606,0.010358571330062846,0.9394
4,16,bit_flip,0.1,0.060399999999999995,0.010478549517943785,0.060399999999999995,0.010478549517943785,0.9396
4,16,depolarizing,0.0,1.0,0.0,1.0,0.0,0.0
4,16,depolarizing,0.001,0.8712,0.008671793355471509,0.8712,0.008671793355471516,0.12880000000000003
4,16,depolarizing,0.002,0.761,0.016015617378046968,0.761,0.016015617378047006,0.239
4,16,depolarizing,0.005,0.5065999999999999,0.010430723848324264,0.5065999999999999,0.01043072384832429,0.49340000000000006
4,16,depolarizing,0.01,0.2684,0.008619744775804,0.2684,0.008619744775803987,0.7316
4,16,depolarizing,0.02,0.11240000000000001,0.010089598604503546,0.11239999999999999,0.010089598604503558,0.8876
4,16,depolarizing,0.05,0.0616,0.010310189135025601,0.061599999999999974,0.010310189135025632,0.9384
4,16,depolarizing,0.1,0.060399999999999995,0.010478549517943785,0.060399999999999995,0.010478549517943785,0.9396
4,16,phase_flip,0.0,1.0,0.0,1.0,0.0,0.0
4,16,phase_flip,0.001,0.8513999999999999,0.009181503144910381,0.8513999999999999,0.009181503144910376,0.14860000000000007
4,16,phase_flip,0.002,0.7258,0.012275992831539156,0.7258,0.012275992831539193,0.2742
4,16,phase_flip,0.005,0.4426,0.01796663574518059,0.4426,0.017966635745180603,0.5574
4,16,phase_flip,0.01,0.22119999999999998,0.011300442469213315,0.22119999999999998,0.011300442469213336,0.7788
4,16,phase_flip,0.02,0.0924,0.009044335243676009,0.09239999999999998,0.009044335243675972,0.9076
4,16,phase_flip,0.05,0.0606,0.010358571330062846,0.0606,0.010358571330062846,0.9394
4,16,phase_flip,0.1,0.060399999999999995,0.010478549517943785,0.060399999999999995,0.010478549517943785,0.9396
4,16,readout,0.0,1.0,0.0,1.0,0.0,0.0
4,16,readout,0.001,0.9949999999999999,0.000707106781186607,0.9949999999999999,0.000707106781186607,0.0050000000000001155
4,16,readout,0.002,0.9911999999999999,0.00277488738510234,0.9911999999999999,0.00277488738510234,0.008800000000000141
4,16,readout,0.005,0.9783999999999999,0.0058137767414994605,0.9783999999999999,0.0058137767414994605,0.021600000000000064
4,16,readout,0.01,0.9581999999999999,0.009038805230781353,0.9581999999999999,0.009038805230781353,0.04180000000000006
4,16,readout,0.02,0.9179999999999999,0.006819090848492944,0.9179999999999999,0.006819090848492944,0.08200000000000007
4,16,readout,0.05,0.8164,0.012177848742696673,0.8164,0.01217784874269664,0.18359999999999999
4,16,readout,0.1,0.6672,0.015642889758609193,0.6672,0.015642889758609193,0.3328
4,16,thermal,0.0,1.0,0.0,1.0,0.0,0.0
4,16,thermal,0.001,0.9987999999999999,0.0008366600265340829,0.9987999999999999,0.0008366600265340829,0.0012000000000000899
4,16,thermal,0.002,0.9970000000000001,0.001581138830084216,0.9970000000000001,0.001581138830084216,0.0029999999999998916
4,16,thermal,0.005,0.9949999999999999,0.0009999999999999998,0.9949999999999999,0.0009999999999999998,0.0050000000000001155
4,16,thermal,0.01,0.986,0.003999999999999992,0.986,0.003999999999999992,0.014000000000000012
4,16,thermal,0.02,0.9718,0.0025884358211089296,0.9718,0.0025884358211089296,0.028200000000000003
4,16,thermal,0.05,0.9426,0.00456070170039653,0.9426,0.00456070170039653,0.05740000000000001
4,16,thermal,0.1,0.8906000000000001,0.006188699378706328,0.8906000000000001,0.006188699378706346,0.10939999999999994
4,32,bit_flip,0.0,1.0,0.0,1.0,0.0,0.0
4,32,bit_flip,0.001,0.7283999999999999,0.013145341380123974,0.7283999999999999,0.01314534138012402,0.27160000000000006
4,32,bit_flip,0.002,0.5314,0.012601587201618716,0.5314000000000001,0.012601587201618726,0.4686
4,32,bit_flip,0.005,0.2246,0.010691117808723276,0.22459999999999997,0.010691117808723281,0.7754
4,32,bit_flip,0.01,0.09419999999999999,0.009654014708917738,0.09419999999999996,0.009654014708917734,0.9058
4,32,bit_flip,0.02,0.062,0.010319883720275145,0.061999999999999965,0.010319883720275175,0.938
4,32,bit_flip,0.05,0.060399999999999995,0.010478549517943785,0.060399999999999995,0.010478549517943785,0.9396
4,32,bit_flip,0.1,0.060399999999999995,0.010478549517943785,0.060399999999999995,0.010478549517943785,0.9396
4,32,depolarizing,0.0,1.0,0.0,1.0,0.0,0.0
4,32,depolarizing,0.001,0.7622,0.014889593681494472,0.7622000000000001,0.014889593681494487,0.2378
4,32,depolarizing,0.002,0.5824,0.012177848742696739,0.5824,0.012177848742696694,0.41759999999999997
4,32,depolarizing,0.005,0.27240000000000003,0.008080841540334789,0.27240000000000003,0.008080841540334782,0.7276
4,32,depolarizing,0.01,0.1142,0.009984988733093291,0.11419999999999994,0.009984988733093293,0.8858
4,32,depolarizing,0.02,0.0638,0.011454256850621082,0.06379999999999997,0.011454256850621111,0.9362
4,32,depolarizing,0.05,0.060399999999999995,0.010478549517943785,0.060399999999999995,0.010478549517943785,0.9396
4,32,depolarizing,0.1,0.060399999999999995,0.010478549517943785,0.060399999999999995,0.010478549517943785,0.9396
4,32,phase_flip,0.0,1.0,0.0,1.0,0.0,0.0
4,32,phase_flip,0.001,0.7283999999999999,0.013145341380123974,0.7283999999999999,0.01314534138012402,0.27160000000000006
4,32,phase_flip,0.002,0.5314,0.012601587201618716,0.5314000000000001,0.012601587201618726,0.4686
4,32,phase_flip,0.005,0.2246,0.010691117808723276,0.22459999999999997,0.010691117808723281,0.7754
4,32,phase_flip,0.01,0.09419999999999999,0.009654014708917738,0.09419999999999996,0.009654014708917734,0.9058
4,32,phase_flip,0.02,0.062,0.010319883720275145,0.061999999999999965,0.010319883720275175,0.938
4,32,phase_flip,0.05,0.060399999999999995,0.010478549517943785,0.060399999999999995,0.010478549517943785,0.9396
4,32,phase_flip,0.1,0.060399999999999995,0.010478549517943785,0.060399999999999995,0.010478549517943785,0.9396
4,32,readout,0.0,1.0,0.0,1.0,0.0,0.0
4,32,readout,0.001,0.9949999999999999,0.000707106781186607,0.9949999999999999,0.000707106781186607,0.0050000000000001155
4,32,readout,0.002,0.9911999999999999,0.00277488738510234,0.9911999999999999,0.00277488738510234,0.008800000000000141
4,32,readout,0.005,0.9783999999999999,0.0058137767414994605,0.9783999999999999,0.0058137767414994605,0.021600000000000064
4,32,readout,0.01,0.9581999999999999,0.009038805230781353,0.9581999999999999,0.009038805230781353,0.04180000000000006
4,32,readout,0.02,0.9179999999999999,0.006819090848492944,0.9179999999999999,0.006819090848492944,0.08200000000000007
4,32,readout,0.05,0.8164,0.012177848742696673,0.8164,0.01217784874269664,0.18359999999999999
4,32,readout,0.1,0.6672,0.015642889758609193,0.6672,0.015642889758609193,0.3328
4,32,thermal,0.0,1.0,0.0,1.0,0.0,0.0
4,32,thermal,0.001,0.9970000000000001,0.001581138830084216,0.9970000000000001,0.001581138830084216,0.0029999999999998916
4,32,thermal,0.002,0.9955999999999999,0.001341640786499893,0.9955999999999999,0.001341640786499893,0.0044000000000000705
4,32,thermal,0.005,0.986,0.003999999999999992,0.986,0.003999999999999992,0.014000000000000012
4,32,thermal,0.01,0.9718,0.0025884358211089296,0.9718,0.0025884358211089296,0.028200000000000003
4,32,thermal,0.02,0.953,0.003741657386773948,0.953,0.003741657386773948,0.04700000000000004
4,32,thermal,0.05,0.892,0.0061644140029689905,0.892,0.006164414002969009,0.10799999999999998
4,32,thermal,0.1,0.8048,0.01116691542011482,0.8048,0.011166915420114814,0.19520000000000004
5,1,bit_flip,0.0,1.0,0.0,1.0,0.0,0.0
5,1,bit_flip,0.001,0.9890000000000001,0.002449489742783197,0.9890000000000001,0.002449489742783197,0.010999999999999899
5,1,bit_flip,0.002,0.9772000000000001,0.003271085446759244,0.9772000000000001,0.003271085446759244,0.02279999999999993
5,1,bit_flip,0.005,0.9490000000000001,0.004743416490252556,0.9489999999999998,0.00474341649025256,0.050999999999999934
5,1,bit_flip,0.01,0.9036,0.004774934554525307,0.9036,0.004774934554525307,0.09640000000000004
5,1,bit_flip,0.02,0.8192,0.00960208310732621,0.8192,0.009602083107326161,0.18079999999999996
5,1,bit_flip,0.05,0.5984,0.013520355024924451,0.5984,0.013520355024924454,0.40159999999999996
5,1,bit_flip,0.1,0.3378,0.014515508947329394,0.3378,0.01451550894732938,0.6622
5,1,depolarizing,0.0,1.0,0.0,1.0,0.0,0.0
5,1,depolarizing,0.001,0.9810000000000001,0.003937003937005888,0.9810000000000001,0.003937003937005888,0.018999999999999906
5,1,depolarizing,0.002,0.9644,0.0020736441353327337,0.9644,0.0020736441353327337,0.035599999999999965
5,1,depolarizing,0.005,0.922,0.002345207879911711,0.922,0.002345207879911711,0.07799999999999996
5,1,depolarizing,0.01,0.8538,0.008983317872590265,0.8538,0.008983317872590232,0.1462
5,1,depolarizing,0.02,0.7306,0.013126309458488352,0.7305999999999999,0.013126309458488368,0.2694
5,1,depolarizing,0.05,0.4446,0.016786899654194654,0.4446,0.016786899654194696,0.5554
5,1,depolarizing,0.1,0.2124,0.011928956366757322,0.2124,0.011928956366757322,0.7876
5,1,phase_flip,0.0,1.0,0.0,1.0,0.0,0.0
5,1,phase_flip,0.001,0.9696,0.0020736441353327423,0.9696,0.0020736441353327423,0.030399999999999983
5,1,phase_flip,0.002,0.9474,0.004037325847637289,0.9474,0.004037325847637294,0.05259999999999998
5,1,phase_flip,0.005,0.8782,0.008105553651663775,0.8782,0.008105553651663823,0.12180000000000002
5,1,phase_flip,0.01,0.773,0.014474114826130141,0.773,0.014474114826130141,0.22699999999999998
5,1,phase_flip,0.02,0.5974,0.013831124321616104,0.5974,0.013831124321616081,0.40259999999999996
5,1,phase_flip,0.05,0.27640000000000003,0.008080841540334744,0.2764,0.008080841540334723,0.7236
5,1,phase_flip,0.1,0.1016,0.009555103348473003,0.10159999999999998,0.009555103348473001,0.8984
5,1,readout,0.0,1.0,0.0,1.0,0.0,0.0
5,1,readout,0.001,0.9952,0.0004472135954999821,0.9952,0.0004472135954999821,0.0048000000000000265
5,1,readout,0.002,0.9884000000000001,0.0020736441353327514,0.9884000000000001,0.0020736441353327514,0.011599999999999944
5,1,readout,0.005,0.9728,0.002774887385102358,0.9728,0.002774887385102358,0.027200000000000002
5,1,readout,0.01,0.9478,0.009203260291874746,0.9478,0.009203260291874737,0.052200000000000024
5,1,readout,0.02,0.9,0.008455767262643929,0.9,0.008455767262643929,0.09999999999999998
5,1,readout,0.05,0.7762,0.01298845641329255,0.7762,0.012988456413292493,0.2238
5,1,readout,0.1,0.5992,0.008983317872590347,0.5992,0.008983317872590353,0.40080000000000005
5,1,thermal,0.0,1.0,0.0,1.0,0.0,0.0
5,1,thermal,0.001,1.0,0.0,1.0,0.0,0.0
5,1,thermal,0.002,0.9996,0.0005477225575052004,0.9996,0.0005477225575052004,0.00039999999999995595
5,1,thermal,0.005,0.9994,0.0005477225575051843,0.9994,0.0005477225575051843,0.0006000000000000449
5,1,thermal,0.01,0.9972,0.0013038404810405539,0.9972,0.0013038404810405539,0.0028000000000000247
5,1,thermal,0.02,0.9958,0.0013038404810405213,0.9958,0.0013038404810405213,0.0041999999999999815
5,1,thermal,0.05,0.9898,0.002588435821108955,0.9898,0.002588435821108955,0.010199999999999987
5,1,thermal,0.1,0.9794,0.003361547262794309,0.9794,0.003361547262794309,0.02059999999999995
5,2,bit_flip,0.0,1.0,0.0,1.0,0.0,0.0
5,2,bit_flip,0.001,0.9644,0.0020736441353327337,0.9644,0.0020736441353327337,0.035599999999999965
5,2,bit_flip,0.002,0.938,0.005567764362829955,0.938,0.005567764362829955,0.062000000000000055
5,2,bit_flip,0.005,0.8586,0.00789303490426842,0.8586,0.007893034904268455,0.14139999999999997
5,2,bit_flip,0.01,0.7358,0.016238842323269224,0.7358,0.016238842323269224,0.2642
5,2,bit_flip,0.02,0.54,0.012884098726725152,0.54,0.012884098726725133,0.45999999999999996
5,2,bit_flip,0.05,0.2222,0.01121160113453917,0.2222,0.01121160113453917,0.7778
5,2,bit_flip,0.1,0.0746,0.011260550608207397,0.0746,0.011260550608207397,0.9254
5,2,depolarizing,0.0,1.0,0.0,1.0,0.0,0.0
5,2,depolarizing,0.001,0.969,0.001870828693386965,0.969,0.001870828693386965,0.031000000000000028
5,2,depolarizing,0.002,0.9453999999999999,0.004929503017546479,0.9453999999999999,0.00492950301754646,0.05460000000000009
5,2,depolarizing,0.005,0.8752000000000001,0.008136338242723199,0.8751999999999999,0.008136338242723242,0.12479999999999991
5,2,depolarizing,0.01,0.7666000000000001,0.014943225890014499,0.7666000000000001,0.014943225890014428,0.23339999999999994
5,2,depolarizing,0.02,0.5862,0.012969194269498796,0.5862,0.012969194269498814,0.41379999999999995
5,2,depolarizing,0.05,0.26980000000000004,0.008105553651663776,0.2698,0.008105553651663804,0.7302
5,2,depolarizing,0.1,0.0996,0.01083051245324985,0.09959999999999995,0.010830512453249884,0.9004
5,2,phase_flip,0.0,1.0,0.0,1.0,0.0,0.0
5,2,phase_flip,0.001,0.9644,0.0020736441353327337,0.9644,0.0020736441353327337,0.035599999999999965
5,2,phase_flip,0.002,0.938,0.005567764362829955,0.938,0.005567764362829955,0.062000000000000055
5,2,phase_flip,0.005,0.8586,0.00789303490426842,0.8586,0.007893034904268455,0.14139999999999997
5,2,phase_flip,0.01,0.7358,0.016238842323269224,0.7358,0.016238842323269224,0.2642
5,2,phase_flip,0.02,0.54,0.012884098726725152,0.54,0.012884098726725133,0.45999999999999996
5,2,phase_flip,0.05,0.2222,0.01121160113453917,0.2222,0.01121160113453917,0.7778
5,2,phase_flip,0.1,0.0746,0.011260550608207397,0.0746,0.011260550608207397,0.9254
5,2,readout,0.0,1.0,0.0,1.0,0.0,0.0
5,2,readout,0.001,0.9952,0.0004472135954999821,0.9952,0.0004472135954999821,0.0048000000000000265
5,2,readout,0.002,0.9884000000000001,0.0020736441353327514,0.9884000000000001,0.0020736441353327514,0.011599999999999944
5,2,readout,0.005,0.9728,0.002774887385102358,0.9728,0.002774887385102358,0.027200000000000002
5,2,readout,0.01,0.9478,0.009203260291874746,0.9478,0.009203260291874737,0.052200000000000024
5,2,readout,0.02,0.9,0.008455767262643929,0.9,0.008455767262643929,0.09999999999999998
5,2,readout,0.05,0.7762,0.01298845641329255,0.7762,0.012988456413292493,0.2238
5,2,readout,0.1,0.5992,0.008983317872590347,0.5992,0.008983317872590353,0.40080000000000005
5,2,thermal,0.0,1.0,0.0,1.0,0.0,0.0
5,2,thermal,0.001,1.0,0.0,1.0,0.0,0.0
5,2,thermal,0.002,0.9996,0.0005477225575052004,0.9996,0.0005477225575052004,0.00039999999999995595
5,2,thermal,0.005,0.9987999999999999,0.0008366600265340829,0.9987999999999999,0.0008366600265340829,0.0012000000000000899
5,2,thermal,0.01,0.9970000000000001,0.001581138830084216,0.9970000000000001,0.001581138830084216,0.0029999999999998916
5,2,thermal,0.02,0.9955999999999999,0.001341640786499893,0.9955999999999999,0.001341640786499893,0.0044000000000000705
5,2,thermal,0.05,0.9865999999999999,0.003646916505762113,0.9865999999999999,0.003646916505762113,0.013400000000000079
5,2,thermal,0.1,0.9732,0.002774887385102339,0.9732,0.002774887385102339,0.026800000000000046
5,4,bit_flip,0.0,1.0,0.0,1.0,0.0,0.0
5,4,bit_flip,0.001,0.9433999999999999,0.005319774431308113,0.9433999999999999,0.005319774431308113,0.056600000000000095
5,4,bit_flip,0.002,0.8916000000000001,0.005941380311005223,0.8916000000000001,0.005941380311005189,0.10839999999999994
5,4,bit_flip,0.005,0.756,0.015858751527153714,0.756,0.015858751527153724,0.244
5,4,bit_flip,0.01,0.5662,0.013292855223765864,0.5662,0.01329285522376587,0.43379999999999996
5,4,bit_flip,0.02,0.3196,0.013371611720357442,0.31959999999999994,0.013371611720357413,0.6804
5,4,bit_flip,0.05,0.08380000000000001,0.012153188881935475,0.08379999999999996,0.012153188881935464,0.9162
5,4,bit_flip,0.1,0.0356,0.007797435475847172,0.0356,0.007797435475847172,0.9644
5,4,depolarizing,0.0,1.0,0.0,1.0,0.0,0.0
5,4,depolarizing,0.001,0.9501999999999999,0.004658325879540849,0.9501999999999999,0.00465832587954081,0.049800000000000066
5,4,depolarizing,0.002,0.9074,0.0032093613071762644,0.9074,0.0032093613071762644,0.09260000000000002
5,4,depolarizing,0.005,0.7856,0.011991663771137013,0.7856,0.011991663771137064,0.21440000000000003
5,4,depolarizing,0.01,0.6166,0.012915107432770379,0.6166,0.012915107432770391,0.38339999999999996
5,4,depolarizing,0.02,0.3736,0.018915602025841003,0.3736,0.018915602025841007,0.6264000000000001
5,4,depolarizing,0.05,0.11379999999999998,0.01008464178838296,0.11379999999999998,0.01008464178838296,0.8862
5,4,depolarizing,0.1,0.0408,0.007726577508832743,0.0408,0.007726577508832743,0.9592
5,4,phase_flip,0.0,1.0,0.0,1.0,0.0,0.0
5,4,phase_flip,0.001,0.9433999999999999,0.005319774431308113,0.9433999999999999,0.005319774431308113,0.056600000000000095
5,4,phase_flip,0.002,0.8916000000000001,0.005941380311005223,0.8916000000000001,0.005941380311005189,0.10839999999999994
5,4,phase_flip,0.005,0.756,0.015858751527153714,0.756,0.015858751527153724,0.244
5,4,phase_flip,0.01,0.5662,0.013292855223765864,0.5662,0.01329285522376587,0.43379999999999996
5,4,phase_flip,0.02,0.3196,0.013371611720357442,0.31959999999999994,0.013371611720357413,0.6804
5,4,phase_flip,0.05,0.08380000000000001,0.012153188881935475,0.08379999999999996,0.012153188881935464,0.9162
5,4,phase_flip,0.1,0.0356,0.007797435475847172,0.0356,0.007797435475847172,0.9644
5,4,readout,0.0,1.0,0.0,1.0,0.0,0.0
5,4,readout,0.001,0.9952,0.0004472135954999821,0.9952,0.0004472135954999821,0.0048000000000000265
5,4,readout,0.002,0.9884000000000001,0.0020736441353327514,0.9884000000000001,0.0020736441353327514,0.011599999999999944
5,4,readout,0.005,0.9728,0.002774887385102358,0.9728,0.002774887385102358,0.027200000000000002
5,4,readout,0.01,0.9478,0.009203260291874746,0.9478,0.009203260291874737,0.052200000000000024
5,4,readout,0.02,0.9,0.008455767262643929,0.9,0.008455767262643929,0.09999999999999998
5,4,readout,0.05,0.7762,0.01298845641329255,0.7762,0.012988456413292493,0.2238
5,4,readout,0.1,0.5992,0.008983317872590347,0.5992,0.008983317872590353,0.40080000000000005
5,4,thermal,0.0,1.0,0.0,1.0,0.0,0.0
5,4,thermal,0.001,0.9996,0.0005477225575052004,0.9996,0.0005477225575052004,0.00039999999999995595
5,4,thermal,0.002,0.9996,0.0005477225575052004,0.9996,0.0005477225575052004,0.00039999999999995595
5,4,thermal,0.005,0.9972,0.0013038404810405539,0.9972,0.0013038404810405539,0.0028000000000000247
5,4,thermal,0.01,0.9955999999999999,0.001341640786499893,0.9955999999999999,0.001341640786499893,0.0044000000000000705
5,4,thermal,0.02,0.991,0.0028284271247462074,0.991,0.0028284271247462074,0.009000000000000008
5,4,thermal,0.05,0.977,0.003082207001484503,0.977,0.003082207001484503,0.02300000000000002
5,4,thermal,0.1,0.9574,0.002408318915758435,0.9574,0.0024083189157585033,0.04259999999999997
5,8,bit_flip,0.0,1.0,0.0,1.0,0.0,0.0
5,8,bit_flip,0.001,0.8964000000000001,0.005458937625582499,0.8964000000000001,0.005458937625582462,0.10359999999999991
5,8,bit_flip,0.002,0.8084,0.012581732790041274,0.8084,0.012581732790041282,0.1916
5,8,bit_flip,0.005,0.5818,0.012194260945215134,0.5818,0.012194260945215134,0.4182
5,8,bit_flip,0.01,0.3346,0.01392120684423587,0.33459999999999995,0.013921206844235864,0.6654
5,8,bit_flip,0.02,0.1332,0.007758865896508337,0.1332,0.007758865896508337,0.8668
5,8,bit_flip,0.05,0.0366,0.008173126696681016,0.03659999999999998,0.00817312669668101,0.9634
5,8,bit_flip,0.1,0.0312,0.006340346993658943,0.0312,0.006340346993658943,0.9688
5,8,depolarizing,0.0,1.0,0.0,1.0,0.0,0.0
5,8,depolarizing,0.001,0.9114000000000001,0.0028809720581775638,0.9114000000000001,0.0028809720581775638,0.0885999999999999
5,8,depolarizing,0.002,0.835,0.009380831519646861,0.835,0.009380831519646861,0.16500000000000004
5,8,depolarizing,0.005,0.6326,0.012895735729302131,0.6326,0.012895735729302143,0.36739999999999995
5,8,depolarizing,0.01,0.391,0.017378147196982784,0.391,0.017378147196982784,0.609
5,8,depolarizing,0.02,0.1696,0.011148990985734986,0.1696,0.011148990985734986,0.8304
5,8,depolarizing,0.05,0.0432,0.008438009243891592,0.04319999999999996,0.008438009243891608,0.9568
5,8,depolarizing,0.1,0.0316,0.006542170893518451,0.0316,0.006542170893518451,0.9684
5,8,phase_flip,0.0,1.0,0.0,1.0,0.0,0.0
5,8,phase_flip,0.001,0.8964000000000001,0.005458937625582499,0.8964000000000001,0.005458937625582462,0.10359999999999991
5,8,phase_flip,0.002,0.8084,0.012581732790041274,0.8084,0.012581732790041282,0.1916
5,8,phase_flip,0.005,0.5818,0.012194260945215134,0.5818,0.012194260945215134,0.4182
5,8,phase_flip,0.01,0.3346,0.01392120684423587,0.33459999999999995,0.013921206844235864,0.6654
5,8,phase_flip,0.02,0.1332,0.007758865896508337,0.1332,0.007758865896508337,0.8668
5,8,phase_flip,0.05,0.0366,0.008173126696681016,0.03659999999999998,0.00817312669668101,0.9634
5,8,phase_flip,0.1,0.0312,0.006340346993658943,0.0312,0.006340346993658943,0.9688
5,8,readout,0.0,1.0,0.0,1.0,0.0,0.0
5,8,readout,0.001,0.9952,0.0004472135954999821,0.9952,0.0004472135954999821,0.0048000000000000265
5,8,readout,0.002,0.9884000000000001,0.0020736441353327514,0.9884000000000001,0.0020736441353327514,0.011599999999999944
5,8,readout,0.005,0.9728,0.002774887385102358,0.9728,0.002774887385102358,0.027200000000000002
5,8,readout,0.01,0.9478,0.009203260291874746,0.9478,0.009203260291874737,0.052200000000000024
5,8,readout,0.02,0.9,0.008455767262643929,0.9,0.008455767262643929,0.09999999999999998
5,8,readout,0.05,0.7762,0.01298845641329255,0.7762,0.012988456413292493,0.2238
5,8,readout,0.1,0.5992,0.008983317872590347,0.5992,0.008983317872590353,0.40080000000000005
5,8,thermal,0.0,1.0,0.0,1.0,0.0,0.0
5,8,thermal,0.001,0.9996,0.0005477225575052004,0.9996,0.0005477225575052004,0.00039999999999995595
5,8,thermal,0.002,0.9984,0.0008944271909999234,0.9984,0.0008944271909999234,0.0016000000000000458
5,8,thermal,0.005,0.9958,0.0013038404810405213,0.9958,0.0013038404810405213,0.0041999999999999815
5,8,thermal,0.01,0.9916,0.002190890230020659,0.9916,0.002190890230020659,0.008399999999999963
5,8,thermal,0.02,0.9818,0.0030331501776206192,0.9818,0.0030331501776206192,0.018199999999999994
5,8,thermal,0.05,0.9581999999999999,0.0021679483388679166,0.9581999999999999,0.002167948338867926,0.04180000000000006
5,8,thermal,0.1,0.925,0.001870828693386979,0.925,0.001870828693386979,0.07499999999999996
5,16,bit_flip,0.0,1.0,0.0,1.0,0.0,0.0
5,16,bit_flip,0.001,0.8109999999999999,0.012349089035228463,0.8109999999999999,0.012349089035228479,0.18900000000000006
5,16,bit_flip,0.002,0.6544000000000001,0.015469324484281793,0.6544000000000001,0.01546932448428184,0.3455999999999999
5,16,bit_flip,0.005,0.3418,0.01420211251891773,0.3418,0.014202112518917736,0.6582
5,16,bit_flip,0.01,0.13940000000000002,0.005770615218501395,0.13939999999999997,0.005770615218501404,0.8606
5,16,bit_flip,0.02,0.0468,0.008729261137118078,0.04679999999999997,0.008729261137118057,0.9532
5,16,bit_flip,0.05,0.0312,0.006340346993658943,0.0312,0.006340346993658943,0.9688
5,16,bit_flip,0.1,0.0312,0.006340346993658943,0.0312,0.006340346993658943,0.9688
5,16,depolarizing,0.0,1.0,0.0,1.0,0.0,0.0
5,16,depolarizing,0.001,0.8382,0.009284395510748127,0.8382,0.009284395510748162,0.16180000000000005
5,16,depolarizing,0.002,0.701,0.013247641299491719,0.701,0.013247641299491778,0.29900000000000004
5,16,depolarizing,0.005,0.4008,0.017355114519933306,0.4008,0.017355114519933247,0.5992
5,16,depolarizing,0.01,0.1766,0.011970797801316336,0.17659999999999998,0.011970797801316296,0.8234
5,16,depolarizing,0.02,0.060399999999999995,0.010478549517943785,0.060399999999999995,0.010478549517943785,0.9396
5,16,depolarizing,0.05,0.0318,0.006760177512462228,0.0318,0.006760177512462228,0.9682
5,16,depolarizing,0.1,0.0312,0.006340346993658943,0.0312,0.006340346993658943,0.9688
5,16,phase_flip,0.0,1.0,0.0,1.0,0.0,0.0
5,16,phase_flip,0.001,0.8109999999999999,0.012349089035228463,0.8109999999999999,0.012349089035228479,0.18900000000000006
5,16,phase_flip,0.002,0.6544000000000001,0.015469324484281793,0.6544000000000001,0.01546932448428184,0.3455999999999999
5,16,phase_flip,0.005,0.3418,0.01420211251891773,0.3418,0.014202112518917736,0.6582
5,16,phase_flip,0.01,0.13940000000000002,0.005770615218501395,0.13939999999999997,0.005770615218501404,0.8606
5,16,phase_flip,0.02,0.0468,0.008729261137118078,0.04679999999999997,0.008729261137118057,0.9532
5,16,phase_flip,0.05,0.0312,0.006340346993658943,0.0312,0.006340346993658943,0.9688
5,16,phase_flip,0.1,0.0312,0.006340346993658943,0.0312,0.006340346993658943,0.9688
5,16,readout,0.0,1.0,0.0,1.0,0.0,0.0
5,16,readout,0.001,0.9952,0.0004472135954999821,0.9952,0.0004472135954999821,0.0048000000000000265
5,16,readout,0.002,0.9884000000000001,0.0020736441353327514,0.9884000000000001,0.0020736441353327514,0.011599999999999944
5,16,readout,0.005,0.9728,0.002774887385102358,0.9728,0.002774887385102358,0.027200000000000002
5,16,readout,0.01,0.9478,0.009203260291874746,0.9478,0.009203260291874737,0.052200000000000024
5,16,readout,0.02,0.9,0.008455767262643929,0.9,0.008455767262643929,0.09999999999999998
5,16,readout,0.05,0.7762,0.01298845641329255,0.7762,0.012988456413292493,0.2238
5,16,readout,0.1,0.5992,0.008983317872590347,0.5992,0.008983317872590353,0.40080000000000005
5,16,thermal,0.0,1.0,0.0,1.0,0.0,0.0
5,16,thermal,0.001,0.9986,0.0005477225575051543,0.9986,0.0005477225575051543,0.0013999999999999568
5,16,thermal,0.002,0.9965999999999999,0.0011401754250991451,0.9965999999999999,0.0011401754250991451,0.0034000000000000696
5,16,thermal,0.005,0.9917999999999999,0.002489979919597756,0.9917999999999999,0.002489979919597756,0.008200000000000096
5,16,thermal,0.01,0.9822,0.0029495762407505334,0.9822,0.0029495762407505334,0.017800000000000038
5,16,thermal,0.02,0.9652,0.0016431676725155169,0.9652,0.0016431676725155169,0.03480000000000005
5,16,thermal,0.05,0.9262,0.0021679483388678637,0.9262,0.0021679483388678637,0.07379999999999998
5,16,thermal,0.1,0.8638,0.009093954035511742,0.8638,0.009093954035511815,0.1362
5,32,bit_flip,0.0,1.0,0.0,1.0,0.0,0.0
5,32,bit_flip,0.001,0.6576000000000001,0.015126136320951257,0.6576000000000001,0.015126136320951231,0.3423999999999999
5,32,bit_flip,0.002,0.4264,0.019806564568344523,0.4264,0.019806564568344523,0.5736
5,32,bit_flip,0.005,0.1426,0.006268971207462981,0.1426,0.006268971207462981,0.8573999999999999
5,32,bit_flip,0.01,0.048,0.00989949493661166,0.04799999999999996,0.009899494936611644,0.952
5,32,bit_flip,0.02,0.032,0.007,0.03199999999999999,0.006999999999999977,0.968
5,32,bit_flip,0.05,0.0312,0.006340346993658943,0.0312,0.006340346993658943,0.9688
5,32,bit_flip,0.1,0.0312,0.006340346993658943,0.0312,0.006340346993658943,0.9688
5,32,depolarizing,0.0,1.0,0.0,1.0,0.0,0.0
5,32,depolarizing,0.001,0.7045999999999999,0.013446189051177216,0.7045999999999999,0.013446189051177216,0.2954000000000001
5,32,depolarizing,0.002,0.4958,0.011691877522451228,0.4958,0.011691877522451237,0.5042
5,32,depolarizing,0.005,0.1812,0.013479614237803693,0.18119999999999994,0.01347961423780369,0.8188
5,32,depolarizing,0.01,0.062,0.010319883720275145,0.061999999999999965,0.010319883720275175,0.938
5,32,depolarizing,0.02,0.0332,0.006906518659932804,0.0332,0.006906518659932804,0.9668
5,32,depolarizing,0.05,0.0312,0.006340346993658943,0.0312,0.006340346993658943,0.9688
5,32,depolarizing,0.1,0.0312,0.006340346993658943,0.0312,0.006340346993658943,0.9688
5,32,phase_flip,0.0,1.0,0.0,1.0,0.0,0.0
5,32,phase_flip,0.001,0.6576000000000001,0.015126136320951257,0.6576000000000001,0.015126136320951231,0.3423999999999999
5,32,phase_flip,0.002,0.4264,0.019806564568344523,0.4264,0.019806564568344523,0.5736
5,32,phase_flip,0.005,0.1426,0.006268971207462981,0.1426,0.006268971207462981,0.8573999999999999
5,32,phase_flip,0.01,0.048,0.00989949493661166,0.04799999999999996,0.009899494936611644,0.952
5,32,phase_flip,0.02,0.032,0.007,0.03199999999999999,0.006999999999999977,0.968
5,32,phase_flip,0.05,0.0312,0.006340346993658943,0.0312,0.006340346993658943,0.9688
5,32,phase_flip,0.1,0.0312,0.006340346993658943,0.0312,0.006340346993658943,0.9688
5,32,readout,0.0,1.0,0.0,1.0,0.0,0.0
5,32,readout,0.001,0.9952,0.0004472135954999821,0.9952,0.0004472135954999821,0.0048000000000000265
5,32,readout,0.002,0.9884000000000001,0.0020736441353327514,0.9884000000000001,0.0020736441353327514,0.011599999999999944
5,32,readout,0.005,0.9728,0.002774887385102358,0.9728,0.002774887385102358,0.027200000000000002
5,32,readout,0.01,0.9478,0.009203260291874746,0.9478,0.009203260291874737,0.052200000000000024
5,32,readout,0.02,0.9,0.008455767262643929,0.9,0.008455767262643929,0.09999999999999998
5,32,readout,0.05,0.7762,0.01298845641329255,0.7762,0.012988456413292493,0.2238
5,32,readout,0.1,0.5992,0.008983317872590347,0.5992,0.008983317872590353,0.40080000000000005
5,32,thermal,0.0,1.0,0.0,1.0,0.0,0.0
5,32,thermal,0.001,0.9965999999999999,0.0011401754250991451,0.9965999999999999,0.0011401754250991451,0.0034000000000000696
5,32,thermal,0.002,0.9945999999999999,0.001341640786499824,0.9945999999999999,0.001341640786499824,0.005400000000000071
5,32,thermal,0.005,0.9823999999999999,0.0031304951684997116,0.9823999999999999,0.0031304951684997116,0.01760000000000006
5,32,thermal,0.01,0.9662,0.001483239697419098,0.9662,0.001483239697419098,0.03380000000000005
5,32,thermal,0.02,0.9404,0.004277849927241452,0.9404,0.004277849927241431,0.059599999999999986
5,32,thermal,0.05,0.8646,0.009289779329994929,0.8646,0.009289779329994915,0.13539999999999996
5,32,thermal,0.1,0.7514000000000001,0.01762952069683125,0.7514,0.017629520696831217,0.24859999999999993
6,1,bit_flip,0.0,1.0,0.0,1.0,0.0,0.0
6,1,bit_flip,0.001,0.9853999999999999,0.003847076812334271,0.9853999999999999,0.003847076812334271,0.014600000000000057
6,1,bit_flip,0.002,0.9708,0.0021679483388679062,0.9708,0.0021679483388679062,0.029200000000000004
6,1,bit_flip,0.005,0.9398,0.004969909455915654,0.9398,0.004969909455915553,0.06020000000000003
6,1,bit_flip,0.01,0.8852,0.008288546314040869,0.8852,0.008288546314040803,0.11480000000000001
6,1,bit_flip,0.02,0.7866000000000001,0.012361229712289942,0.7866,0.012361229712290013,0.21339999999999992
6,1,bit_flip,0.05,0.5382,0.012275992831539136,0.5382,0.012275992831539097,0.4618
6,1,bit_flip,0.1,0.274,0.00787400787401182,0.27399999999999997,0.007874007874011815,0.726
6,1,depolarizing,0.0,1.0,0.0,1.0,0.0,0.0
6,1,depolarizing,0.001,0.9782,0.0033466401061362826,0.9782,0.0033466401061362826,0.02180000000000004
6,1,depolarizing,0.002,0.9581999999999999,0.0021679483388679166,0.9581999999999999,0.002167948338867926,0.04180000000000006
6,1,depolarizing,0.005,0.9076000000000001,0.002880972058177602,0.9076000000000001,0.002880972058177602,0.09239999999999993
6,1,depolarizing,0.01,0.8256,0.009370165420097967,0.8256,0.009370165420097954,0.1744
6,1,depolarizing,0.02,0.6776,0.013649175799292791,0.6776000000000001,0.013649175799292741,0.3224
6,1,depolarizing,0.05,0.371,0.018384776310850257,0.371,0.018384776310850243,0.629
6,1,depolarizing,0.1,0.1532,0.005761944116355176,0.1532,0.005761944116355176,0.8468
6,1,phase_flip,0.0,1.0,0.0,1.0,0.0,0.0
6,1,phase_flip,0.001,0.9644,0.0020736441353327337,0.9644,0.0020736441353327337,0.035599999999999965
6,1,phase_flip,0.002,0.9358000000000001,0.005019960159204408,0.9358000000000001,0.005019960159204408,0.06419999999999992
6,1,phase_flip,0.005,0.8535999999999999,0.008590692637965826,0.8535999999999999,0.008590692637965804,0.14640000000000009
6,1,phase_flip,0.01,0.729,0.01300000000000001,0.729,0.01300000000000001,0.271
6,1,phase_flip,0.02,0.5286000000000001,0.012778888840583914,0.5286000000000001,0.012778888840583903,0.47139999999999993
6,1,phase_flip,0.05,0.2052,0.012755391017134677,0.2052,0.012755391017134677,0.7948
6,1,phase_flip,0.1,0.0622,0.01032956920689338,0.06219999999999994,0.010329569206893409,0.9378
6,1,readout,0.0,1.0,0.0,1.0,0.0,0.0
6,1,readout,0.001,0.994,0.0015811388300841912,0.994,0.0015811388300841912,0.006000000000000005
6,1,readout,0.002,0.9862,0.0022803508501982855,0.9862,0.0022803508501982855,0.013800000000000034
6,1,readout,0.005,0.9655999999999999,0.004098780306383866,0.9655999999999999,0.004098780306383866,0.0344000000000001
6,1,readout,0.01,0.9356,0.008905054744357243,0.9356,0.008905054744357243,0.06440000000000001
6,1,readout,0.02,0.8824,0.005504543577809151,0.8824,0.005504543577809131,0.11760000000000004
6,1,readout,0.05,0.7356,0.01184483009586882,0.7356,0.011844830095868866,0.26439999999999997
6,1,readout,0.1,0.5428,0.015865055940651417,0.5428,0.0158650559406514,0.45720000000000005
6,1,thermal,0.0,1.0,0.0,1.0,0.0,0.0
6,1,thermal,0.001,1.0,0.0,1.0,0.0,0.0
6,1,thermal,0.002,0.9996,0.0005477225575052004,0.9996,0.0005477225575052004,0.00039999999999995595
6,1,thermal,0.005,0.9987999999999999,0.0008366600265340829,0.9987999999999999,0.0008366600265340829,0.0012000000000000899
6,1,thermal,0.01,0.9970000000000001,0.001581138830084216,0.9970000000000001,0.001581138830084216,0.0029999999999998916
6,1,thermal,0.02,0.9955999999999999,0.001341640786499893,0.9955999999999999,0.001341640786499893,0.0044000000000000705
6,1,thermal,0.05,0.986,0.003999999999999992,0.986,0.003999999999999992,0.014000000000000012
6,1,thermal,0.1,0.9718,0.0025884358211089296,0.9718,0.0025884358211089296,0.028200000000000003
6,2,bit_flip,0.0,1.0,0.0,1.0,0.0,0.0
6,2,bit_flip,0.001,0.9587999999999999,0.001788854381999793,0.9587999999999999,0.001788854381999793,0.041200000000000125
6,2,bit_flip,0.002,0.9262,0.0021679483388678637,0.9262,0.0021679483388678637,0.07379999999999998
6,2,bit_flip,0.005,0.8299999999999998,0.00833666600026654,0.8299999999999998,0.008336666000266463,0.17000000000000015
6,2,bit_flip,0.01,0.6868000000000001,0.011819475453673869,0.6868000000000001,0.011819475453673943,0.3131999999999999
6,2,bit_flip,0.02,0.46180000000000004,0.013461054936371068,0.46180000000000004,0.01346105493637106,0.5382
6,2,bit_flip,0.05,0.1578,0.00825832912882504,0.1578,0.00825832912882504,0.8422000000000001
6,2,bit_flip,0.1,0.0434,0.008619744775803979,0.04339999999999994,0.008619744775803972,0.9566
6,2,depolarizing,0.0,1.0,0.0,1.0,0.0,0.0
6,2,depolarizing,0.001,0.9634,0.0019493588689617851,0.9634,0.0019493588689617851,0.036599999999999966
6,2,depolarizing,0.002,0.9348000000000001,0.004266145801540292,0.9348000000000001,0.00426614580154025,0.06519999999999992
6,2,depolarizing,0.005,0.8501999999999998,0.009364827814754529,0.8502000000000001,0.009364827814754487,0.14980000000000016
6,2,depolarizing,0.01,0.7226,0.012895735729302188,0.7226,0.012895735729302188,0.2774
6,2,depolarizing,0.02,0.5198,0.012833549781724471,0.5198,0.012833549781724502,0.48019999999999996
6,2,depolarizing,0.05,0.1984,0.012934450123604021,0.19839999999999997,0.012934450123604039,0.8016
6,2,depolarizing,0.1,0.061,0.010723805294763607,0.061,0.010723805294763607,0.9390000000000001
6,2,phase_flip,0.0,1.0,0.0,1.0,0.0,0.0
6,2,phase_flip,0.001,0.9587999999999999,0.001788854381999793,0.9587999999999999,0.001788854381999793,0.041200000000000125
6,2,phase_flip,0.002,0.9262,0.0021679483388678637,0.9262,0.0021679483388678637,0.07379999999999998
6,2,phase_flip,0.005,0.8299999999999998,0.00833666600026654,0.8299999999999998,0.008336666000266463,0.17000000000000015
6,2,phase_flip,0.01,0.6868000000000001,0.011819475453673869,0.6868000000000001,0.011819475453673943,0.3131999999999999
6,2,phase_flip,0.02,0.46180000000000004,0.013461054936371068,0.46180000000000004,0.01346105493637106,0.5382
6,2,phase_flip,0.05,0.1578,0.00825832912882504,0.1578,0.00825832912882504,0.8422000000000001
6,2,phase_flip,0.1,0.0434,0.008619744775803979,0.04339999999999994,0.008619744775803972,0.9566
6,2,readout,0.0,1.0,0.0,1.0,0.0,0.0
6,2,readout,0.001,0.994,0.0015811388300841912,0.994,0.0015811388300841912,0.006000000000000005
6,2,readout,0.002,0.9862,0.0022803508501982855,0.9862,0.0022803508501982855,0.013800000000000034
6,2,readout,0.005,0.9655999999999999,0.004098780306383866,0.9655999999999999,0.004098780306383866,0.0344000000000001
6,2,readout,0.01,0.9356,0.008905054744357243,0.9356,0.008905054744357243,0.06440000000000001
6,2,readout,0.02,0.8824,0.005504543577809151,0.8824,0.005504543577809131,0.11760000000000004
6,2,readout,0.05,0.7356,0.01184483009586882,0.7356,0.011844830095868866,0.26439999999999997
6,2,readout,0.1,0.5428,0.015865055940651417,0.5428,0.0158650559406514,0.45720000000000005
6,2,thermal,0.0,1.0,0.0,1.0,0.0,0.0
6,2,thermal,0.001,0.9998000000000001,0.0004472135954999242,0.9998000000000001,0.0004472135954999242,0.00019999999999986695
6,2,thermal,0.002,0.9996,0.0005477225575052004,0.9996,0.0005477225575052004,0.00039999999999995595
6,2,thermal,0.005,0.9987999999999999,0.0008366600265340829,0.9987999999999999,0.0008366600265340829,0.0012000000000000899
6,2,thermal,0.01,0.9970000000000001,0.001581138830084216,0.9970000000000001,0.001581138830084216,0.0029999999999998916
6,2,thermal,0.02,0.9954000000000001,0.0011401754250991486,0.9954000000000001,0.0011401754250991486,0.0045999999999999375
6,2,thermal,0.05,0.9843999999999999,0.0042778499272414965,0.9843999999999999,0.0042778499272414965,0.015600000000000058
6,2,thermal,0.1,0.969,0.001870828693386965,0.969,0.001870828693386965,0.031000000000000028
6,4,bit_flip,0.0,1.0,0.0,1.0,0.0,0.0
6,4,bit_flip,0.001,0.9318,0.0041472882706655246,0.9318000000000002,0.004147288270665532,0.06820000000000004
6,4,bit_flip,0.002,0.8704000000000001,0.008619744775803974,0.8704000000000001,0.008619744775804017,0.12959999999999994
6,4,bit_flip,0.005,0.7072,0.014272350892547395,0.7071999999999999,0.014272350892547381,0.29279999999999995
6,4,bit_flip,0.01,0.4992,0.011649034294738785,0.4992,0.011649034294738807,0.5008
6,4,bit_flip,0.02,0.24820000000000003,0.009203260291874842,0.24819999999999998,0.00920326029187483,0.7518
6,4,bit_flip,0.05,0.0494,0.010502380682492898,0.04939999999999996,0.010502380682492863,0.9506
6,4,bit_flip,0.1,0.019,0.0029999999999999975,0.018999999999999958,0.003000000000000051,0.981
6,4,depolarizing,0.0,1.0,0.0,1.0,0.0,0.0
6,4,depolarizing,0.001,0.9400000000000001,0.004847679857416326,0.9400000000000001,0.004847679857416222,0.05999999999999994
6,4,depolarizing,0.002,0.8854,0.007893034904268468,0.8854,0.007893034904268455,0.11460000000000004
6,4,depolarizing,0.005,0.7445999999999999,0.01653178756214829,0.7445999999999999,0.016531787562148296,0.25540000000000007
6,4,depolarizing,0.01,0.5509999999999999,0.013057564857200566,0.551,0.013057564857200511,0.44900000000000007
6,4,depolarizing,0.02,0.2968,0.012597618822618829,0.29679999999999995,0.012597618822618825,0.7032
6,4,depolarizing,0.05,0.06999999999999999,0.012999999999999998,0.06999999999999997,0.013000000000000022,0.93
6,4,depolarizing,0.1,0.0236,0.004505552130427524,0.0236,0.004505552130427524,0.9764
6,4,phase_flip,0.0,1.0,0.0,1.0,0.0,0.0
6,4,phase_flip,0.001,0.9318,0.0041472882706655246,0.9318000000000002,0.004147288270665532,0.06820000000000004
6,4,phase_flip,0.002,0.8704000000000001,0.008619744775803974,0.8704000000000001,0.008619744775804017,0.12959999999999994
6,4,phase_flip,0.005,0.7072,0.014272350892547395,0.7071999999999999,0.014272350892547381,0.29279999999999995
6,4,phase_flip,0.01,0.4992,0.011649034294738785,0.4992,0.011649034294738807,0.5008
6,4,phase_flip,0.02,0.24820000000000003,0.009203260291874842,0.24819999999999998,0.00920326029187483,0.7518
6,4,phase_flip,0.05,0.0494,0.010502380682492898,0.04939999999999996,0.010502380682492863,0.9506
6,4,phase_flip,0.1,0.019,0.0029999999999999975,0.018999999999999958,0.003000000000000051,0.981
6,4,readout,0.0,1.0,0.0,1.0,0.0,0.0
6,4,readout,0.001,0.994,0.0015811388300841912,0.994,0.0015811388300841912,0.006000000000000005
6,4,readout,0.002,0.9862,0.0022803508501982855,0.9862,0.0022803508501982855,0.013800000000000034
6,4,readout,0.005,0.9655999999999999,0.004098780306383866,0.9655999999999999,0.004098780306383866,0.0344000000000001
6,4,readout,0.01,0.9356,0.008905054744357243,0.9356,0.008905054744357243,0.06440000000000001
6,4,readout,0.02,0.8824,0.005504543577809151,0.8824,0.005504543577809131,0.11760000000000004
6,4,readout,0.05,0.7356,0.01184483009586882,0.7356,0.011844830095868866,0.26439999999999997
6,4,readout,0.1,0.5428,0.015865055940651417,0.5428,0.0158650559406514,0.45720000000000005
6,4,thermal,0.0,1.0,0.0,1.0,0.0,0.0
6,4,thermal,0.001,0.9996,0.0005477225575052004,0.9996,0.0005477225575052004,0.00039999999999995595
6,4,thermal,0.002,0.999,0.0007071067811865482,0.999,0.0007071067811865482,0.0010000000000000009
6,4,thermal,0.005,0.9970000000000001,0.001581138830084216,0.9970000000000001,0.001581138830084216,0.0029999999999998916
6,4,thermal,0.01,0.9954000000000001,0.0011401754250991486,0.9954000000000001,0.0011401754250991486,0.0045999999999999375
6,4,thermal,0.02,0.9890000000000001,0.002449489742783197,0.9890000000000001,0.002449489742783197,0.010999999999999899
6,4,thermal,0.05,0.9704,0.0023021728866442865,0.9704,0.0023021728866442865,0.02959999999999996
6,4,thermal,0.1,0.9498,0.0044944410108488635,0.9498,0.004494441010848791,0.05020000000000002
6,8,bit_flip,0.0,1.0,0.0,1.0,0.0,0.0
6,8,bit_flip,0.001,0.8757999999999999,0.007791020472312938,0.8757999999999999,0.007791020472312978,0.12420000000000009
6,8,bit_flip,0.002,0.767,0.01454303957224901,0.767,0.014543039572248994,0.23299999999999998
6,8,bit_flip,0.005,0.513,0.010024968827881727,0.5130000000000001,0.010024968827881743,0.487
6,8,bit_flip,0.01,0.26280000000000003,0.0070498226928058195,0.26280000000000003,0.007049822692805885,0.7372
6,8,bit_flip,0.02,0.084,0.011811011811017716,0.08399999999999996,0.01181101181101771,0.916
6,8,bit_flip,0.05,0.0194,0.003286335345030997,0.01939999999999996,0.003286335345031048,0.9806
6,8,bit_flip,0.1,0.0154,0.0020736441353327727,0.01539999999999998,0.002073644135332801,0.9846
6,8,depolarizing,0.0,1.0,0.0,1.0,0.0,0.0
6,8,depolarizing,0.001,0.8916000000000001,0.005941380311005223,0.8916000000000001,0.005941380311005189,0.10839999999999994
6,8,depolarizing,0.002,0.8012,0.01066302021005302,0.8012,0.01066302021005297,0.19879999999999998
6,8,depolarizing,0.005,0.5662,0.013292855223765864,0.5662,0.01329285522376587,0.43379999999999996
6,8,depolarizing,0.01,0.3182,0.01306522100846366,0.3181999999999999,0.013065221008463669,0.6818
6,8,depolarizing,0.02,0.11739999999999999,0.010597169433391162,0.11739999999999999,0.010597169433391162,0.8826
6,8,depolarizing,0.05,0.0246,0.0049799598391954926,0.02459999999999998,0.004979959839195512,0.9754
6,8,depolarizing,0.1,0.0154,0.0020736441353327727,0.01539999999999998,0.002073644135332801,0.9846
6,8,phase_flip,0.0,1.0,0.0,1.0,0.0,0.0
6,8,phase_flip,0.001,0.8757999999999999,0.007791020472312938,0.8757999999999999,0.007791020472312978,0.12420000000000009
6,8,phase_flip,0.002,0.767,0.01454303957224901,0.767,0.014543039572248994,0.23299999999999998
6,8,phase_flip,0.005,0.513,0.010024968827881727,0.5130000000000001,0.010024968827881743,0.487
6,8,phase_flip,0.01,0.26280000000000003,0.0070498226928058195,0.26280000000000003,0.007049822692805885,0.7372
6,8,phase_flip,0.02,0.084,0.011811011811017716,0.08399999999999996,0.01181101181101771,0.916
6,8,phase_flip,0.05,0.0194,0.003286335345030997,0.01939999999999996,0.003286335345031048,0.9806
6,8,phase_flip,0.1,0.0154,0.0020736441353327727,0.01539999999999998,0.002073644135332801,0.9846
6,8,readout,0.0,1.0,0.0,1.0,0.0,0.0
6,8,readout,0.001,0.994,0.0015811388300841912,0.994,0.0015811388300841912,0.006000000000000005
6,8,readout,0.002,0.9862,0.0022803508501982855,0.9862,0.0022803508501982855,0.013800000000000034
6,8,readout,0.005,0.9655999999999999,0.004098780306383866,0.9655999999999999,0.004098780306383866,0.0344000000000001
6,8,readout,0.01,0.9356,0.008905054744357243,0.9356,0.008905054744357243,0.06440000000000001
6,8,readout,0.02,0.8824,0.005504543577809151,0.8824,0.005504543577809131,0.11760000000000004
6,8,readout,0.05,0.7356,0.01184483009586882,0.7356,0.011844830095868866,0.26439999999999997
6,8,readout,0.1,0.5428,0.015865055940651417,0.5428,0.0158650559406514,0.45720000000000005
6,8,thermal,0.0,1.0,0.0,1.0,0.0,0.0
6,8,thermal,0.001,0.999,0.0007071067811865482,0.999,0.0007071067811865482,0.0010000000000000009
6,8,thermal,0.002,0.9972,0.0013038404810405539,0.9972,0.0013038404810405539,0.0028000000000000247
6,8,thermal,0.005,0.9954000000000001,0.0011401754250991486,0.9954000000000001,0.0011401754250991486,0.0045999999999999375
6,8,thermal,0.01,0.9896,0.0027018512172212383,0.9896,0.0027018512172212383,0.010399999999999965
6,8,thermal,0.02,0.9788,0.003271085446759229,0.9788,0.003271085446759229,0.021199999999999997
6,8,thermal,0.05,0.9507999999999999,0.003898717737923627,0.9507999999999999,0.003898717737923663,0.04920000000000013
6,8,thermal,0.1,0.9098,0.0034205262752974044,0.9098,0.0034205262752974044,0.09019999999999995
6,16,bit_flip,0.0,1.0,0.0,1.0,0.0,0.0
6,16,bit_flip,0.001,0.772,0.013784048752090243,0.772,0.01378404875209021,0.22799999999999998
6,16,bit_flip,0.002,0.594,0.014560219778561027,0.594,0.014560219778561005,0.406
6,16,bit_flip,0.005,0.27,0.007842193570679078,0.26999999999999996,0.007842193570679118,0.73
6,16,bit_flip,0.01,0.091,0.009721111047611789,0.09099999999999998,0.009721111047611756,0.909
6,16,bit_flip,0.02,0.0262,0.005495452665613635,0.0262,0.005495452665613635,0.9738
6,16,bit_flip,0.05,0.0154,0.0020736441353327727,0.01539999999999998,0.002073644135332801,0.9846
6,16,bit_flip,0.1,0.0154,0.0020736441353327727,0.01539999999999998,0.002073644135332801,0.9846
6,16,depolarizing,0.0,1.0,0.0,1.0,0.0,0.0
6,16,depolarizing,0.001,0.8048,0.01116691542011482,0.8048,0.011166915420114814,0.19520000000000004
6,16,depolarizing,0.002,0.6426000000000001,0.015043270920913464,0.6426000000000001,0.01504327092091348,0.35739999999999994
6,16,depolarizing,0.005,0.32680000000000003,0.012437845472588901,0.3267999999999999,0.012437845472588853,0.6732
6,16,depolarizing,0.01,0.12279999999999999,0.010207840124139882,0.12279999999999998,0.010207840124139882,0.8772
6,16,depolarizing,0.02,0.0332,0.006906518659932804,0.0332,0.006906518659932804,0.9668
6,16,depolarizing,0.05,0.0154,0.0020736441353327727,0.01539999999999998,0.002073644135332801,0.9846
6,16,depolarizing,0.1,0.0154,0.0020736441353327727,0.01539999999999998,0.002073644135332801,0.9846
6,16,phase_flip,0.0,1.0,0.0,1.0,0.0,0.0
6,16,phase_flip,0.001,0.772,0.013784048752090243,0.772,0.01378404875209021,0.22799999999999998
6,16,phase_flip,0.002,0.594,0.014560219778561027,0.594,0.014560219778561005,0.406
6,16,phase_flip,0.005,0.27,0.007842193570679078,0.26999999999999996,0.007842193570679118,0.73
6,16,phase_flip,0.01,0.091,0.009721111047611789,0.09099999999999998,0.009721111047611756,0.909
6,16,phase_flip,0.02,0.0262,0.005495452665613635,0.0262,0.005495452665613635,0.9738
6,16,phase_flip,0.05,0.0154,0.0020736441353327727,0.01539999999999998,0.002073644135332801,0.9846
6,16,phase_flip,0.1,0.0154,0.0020736441353327727,0.01539999999999998,0.002073644135332801,0.9846
6,16,readout,0.0,1.0,0.0,1.0,0.0,0.0
6,16,readout,0.001,0.994,0.0015811388300841912,0.994,0.0015811388300841912,0.006000000000000005
6,16,readout,0.002,0.9862,0.0022803508501982855,0.9862,0.0022803508501982855,0.013800000000000034
6,16,readout,0.005,0.9655999999999999,0.004098780306383866,0.9655999999999999,0.004098780306383866,0.0344000000000001
6,16,readout,0.01,0.9356,0.008905054744357243,0.9356,0.008905054744357243,0.06440000000000001
6,16,readout,0.02,0.8824,0.005504543577809151,0.8824,0.005504543577809131,0.11760000000000004
6,16,readout,0.05,0.7356,0.01184483009586882,0.7356,0.011844830095868866,0.26439999999999997
6,16,readout,0.1,0.5428,0.015865055940651417,0.5428,0.0158650559406514,0.45720000000000005
6,16,thermal,0.0,1.0,0.0,1.0,0.0,0.0
6,16,thermal,0.001,0.9972,0.0013038404810405539,0.9972,0.0013038404810405539,0.0028000000000000247
6,16,thermal,0.002,0.9958,0.0013038404810405213,0.9958,0.0013038404810405213,0.0041999999999999815
6,16,thermal,0.005,0.9898,0.002588435821108955,0.9898,0.002588435821108955,0.010199999999999987
6,16,thermal,0.01,0.9794,0.003361547262794309,0.9794,0.003361547262794309,0.02059999999999995
6,16,thermal,0.02,0.959,0.0015811388300842086,0.959,0.0015811388300842086,0.041000000000000036
6,16,thermal,0.05,0.9114000000000001,0.0028809720581775638,0.9114000000000001,0.0028809720581775638,0.0885999999999999
6,16,thermal,0.1,0.8356,0.009396807968666774,0.8356,0.00939680796866678,0.1644
6,32,bit_flip,0.0,1.0,0.0,1.0,0.0,0.0
6,32,bit_flip,0.001,0.5982,0.013935566009315876,0.5982000000000001,0.01393556600931588,0.40180000000000005
6,32,bit_flip,0.002,0.3466,0.014842506526863973,0.3466,0.014842506526863973,0.6534
6,32,bit_flip,0.005,0.09359999999999999,0.010114346246792227,0.09359999999999996,0.010114346246792224,0.9064
6,32,bit_flip,0.01,0.026600000000000002,0.0051768716422179156,0.026600000000000002,0.0051768716422179156,0.9734
6,32,bit_flip,0.02,0.016,0.002449489742783179,0.01599999999999998,0.0024494897427832078,0.984
6,32,bit_flip,0.05,0.0154,0.0020736441353327727,0.01539999999999998,0.002073644135332801,0.9846
6,32,bit_flip,0.1,0.0154,0.0020736441353327727,0.01539999999999998,0.002073644135332801,0.9846
6,32,depolarizing,0.0,1.0,0.0,1.0,0.0,0.0
6,32,depolarizing,0.001,0.6466000000000001,0.01406413879339931,0.6466000000000001,0.01406413879339944,0.35339999999999994
6,32,depolarizing,0.002,0.409,0.018721645226849055,0.409,0.018721645226849014,0.591
6,32,depolarizing,0.005,0.1262,0.007395944834840239,0.12619999999999998,0.007395944834840241,0.8738
6,32,depolarizing,0.01,0.034,0.007314369419163898,0.034,0.007314369419163898,0.966
6,32,depolarizing,0.02,0.017,0.0033911649915626344,0.01699999999999994,0.003391164991562641,0.983
6,32,depolarizing,0.05,0.0154,0.0020736441353327727,0.01539999999999998,0.002073644135332801,0.9846
6,32,depolarizing,0.1,0.0154,0.0020736441353327727,0.01539999999999998,0.002073644135332801,0.9846
6,32,phase_flip,0.0,1.0,0.0,1.0,0.0,0.0
6,32,phase_flip,0.001,0.5982,0.013935566009315876,0.5982000000000001,0.01393556600931588,0.40180000000000005
6,32,phase_flip,0.002,0.3466,0.014842506526863973,0.3466,0.014842506526863973,0.6534
6,32,phase_flip,0.005,0.09359999999999999,0.010114346246792227,0.09359999999999996,0.010114346246792224,0.9064
6,32,phase_flip,0.01,0.026600000000000002,0.0051768716422179156,0.026600000000000002,0.0051768716422179156,0.9734
6,32,phase_flip,0.02,0.016,0.002449489742783179,0.01599999999999998,0.0024494897427832078,0.984
6,32,phase_flip,0.05,0.0154,0.0020736441353327727,0.01539999999999998,0.002073644135332801,0.9846
6,32,phase_flip,0.1,0.0154,0.0020736441353327727,0.01539999999999998,0.002073644135332801,0.9846
6,32,readout,0.0,1.0,0.0,1.0,0.0,0.0
6,32,readout,0.001,0.994,0.0015811388300841912,0.994,0.0015811388300841912,0.006000000000000005
6,32,readout,0.002,0.9862,0.0022803508501982855,0.9862,0.0022803508501982855,0.013800000000000034
6,32,readout,0.005,0.9655999999999999,0.004098780306383866,0.9655999999999999,0.004098780306383866,0.0344000000000001
6,32,readout,0.01,0.9356,0.008905054744357243,0.9356,0.008905054744357243,0.06440000000000001
6,32,readout,0.02,0.8824,0.005504543577809151,0.8824,0.005504543577809131,0.11760000000000004
6,32,readout,0.05,0.7356,0.01184483009586882,0.7356,0.011844830095868866,0.26439999999999997
6,32,readout,0.1,0.5428,0.015865055940651417,0.5428,0.0158650559406514,0.45720000000000005
6,32,thermal,0.0,1.0,0.0,1.0,0.0,0.0
6,32,thermal,0.001,0.9958,0.0013038404810405213,0.9958,0.0013038404810405213,0.0041999999999999815
6,32,thermal,0.002,0.9924,0.002607680962081061,0.9924,0.002607680962081061,0.007600000000000051
6,32,thermal,0.005,0.9794,0.003361547262794309,0.9794,0.003361547262794309,0.02059999999999995
6,32,thermal,0.01,0.9596,0.0023021728866442627,0.9596,0.0023021728866442627,0.04039999999999999
6,32,thermal,0.02,0.9284000000000001,0.0025099800796022365,0.9284000000000001,0.0025099800796022365,0.07159999999999989
6,32,thermal,0.05,0.8363999999999999,0.00920869154657711,0.8363999999999999,0.00920869154657711,0.16360000000000008
6,32,thermal,0.1,0.7018,0.013645512082732514,0.7018,0.01364551208273248,0.2982
